Event,White,Black,Result,UTCDate,UTCTime,WhiteElo,BlackElo,WhiteRatingDiff,BlackRatingDiff,ECO,Opening,TimeControl,Termination,AN,avg_elo
 Bullet ,cemilchess,gnejs,1-0,2016.07.01,10:50:15,2687,2687,11.0,-11.0,B94,Sicilian Defense: Najdorf Variation,60+0,Normal,1. e4 c5 2. Nf3 d6 3. Nc3 a6 4. d4 cxd4 5. Nxd4 Nf6 6. Bg5 Nbd7 7. Bc4 Qc7 8. Bb3 e6 9. O-O Nc5 10. Bxf6 gxf6 11. f4 h5 12. Kh1 b5 13. f5 b4 14. Na4 e5 15. Ne2 Nxe4 16. Bd5 Bb7 17. c3 h4 18. cxb4 h3 19. Rc1 hxg2+ 20. Kxg2 Qb8 21. Qd3 Ng5 22. Ng3 Be7 23. a3 Kf8 24. h4 Rxh4 25. Rh1 Rxh1 26. Rxh1 Kg7 27. Ne4 Qc8 28. Nxg5 fxg5 29. f6+ Kf8 30. Rh8# 1-0,2687.0
 Bullet tournament ,Blitzstream-twitch,BahadirOzen,0-1,2016.07.01,16:00:02,2560,3001,-2.0,3.0,A40,Modern Defense,60+0,Normal,1. d4 { [%eval 0.11] } 1... g6?! { [%eval 0.67] } 2. Bf4 { [%eval 0.28] } 2... Bg7 { [%eval 0.27] } 3. c3 { [%eval 0.22] } 3... d6 { [%eval 0.25] } 4. Qd2?! { [%eval -0.25] } 4... Nd7 { [%eval -0.15] } 5. h4?! { [%eval -0.68] } 5... e5 { [%eval -0.74] } 6. h5? { [%eval -2.9] } 6... exf4 { [%eval -2.9] } 7. hxg6 { [%eval -2.89] } 7... hxg6 { [%eval -2.87] } 8. Rxh8 { [%eval -2.85] } 8... Bxh8 { [%eval -2.93] } 9. Qxf4 { [%eval -2.95] } 9... Bg7 { [%eval -2.94] } 10. Nf3 { [%eval -3.07] } 10... Qe7 { [%eval -2.75] } 11. Nbd2 { [%eval -3.18] } 11... Ngf6 { [%eval -2.86] } 12. Nc4?! { [%eval -3.44] } 12... b6 { [%eval -2.98] } 13. Ne3?! { [%eval -3.62] } 13... Bb7 { [%eval -3.76] } 14. Ng5? { [%eval -5.07] } 14... O-O-O?! { [%eval -4.57] } 15. g3? { [%eval -5.98] } 15... Re8? { [%eval -4.38] } 16. Bh3?! { [%eval -5.19] } 16... Kb8 { [%eval -5.02] } 17. O-O-O? { [%eval -6.69] } 17... Nh5? { [%eval -3.74] } 18. Qh4?? { [%eval -6.9] } 18... Bf6 { [%eval -6.63] } 19. f4?? { [%eval -10.01] } 19... Qxe3+ { [%eval -9.91] } 20. Kb1 { [%eval -9.83] } 20... Qxe2?! { [%eval -9.26] } 21. Rc1? { [%eval #-10] } 21... Qd3+ { [%eval #-9] } 22. Ka1 { [%eval #-9] } 22... Qd2 { [%eval #-8] } 23. Rb1 { [%eval #-11] } 23... Re1 { [%eval #-11] } 24. g4 { [%eval #-2] } 24... Rxb1+ { [%eval #-1] } 0-1,2780.5
 Blitz ,Blitzstream-twitch,saian00,1-0,2016.07.01,18:53:12,2607,2698,14.0,-15.0,D02,Queen's Pawn Game: London System,180+0,Normal,1. d4 { [%eval 0.19] } 1... d5 { [%eval 0.19] } 2. Nf3 { [%eval 0.17] } 2... Nf6 { [%eval 0.2] } 3. Bf4 { [%eval 0.15] } 3... g6 { [%eval 0.28] } 4. e3 { [%eval 0.38] } 4... Bg7 { [%eval 0.37] } 5. c4 { [%eval 0.34] } 5... O-O { [%eval 0.06] } 6. Be2 { [%eval 0.1] } 6... c6 { [%eval 0.29] } 7. O-O { [%eval 0.35] } 7... Nbd7 { [%eval 0.55] } 8. Nc3 { [%eval 0.09] } 8... Nb6?! { [%eval 0.59] } 9. c5 { [%eval 0.75] } 9... Nbd7 { [%eval 0.81] } 10. b4?! { [%eval 0.21] } 10... Nh5 { [%eval 0.19] } 11. Bg5 { [%eval 0.01] } 11... h6 { [%eval -0.01] } 12. Bh4 { [%eval -0.01] } 12... g5 { [%eval -0.01] } 13. Bg3 { [%eval -0.03] } 13... Nxg3 { [%eval -0.1] } 14. hxg3 { [%eval 0.04] } 14... e5 { [%eval 0.04] } 15. b5?! { [%eval -0.71] } 15... e4 { [%eval -0.65] } 16. Nd2 { [%eval -0.66] } 16... Re8?! { [%eval 0.1] } 17. Rc1 { [%eval 0.12] } 17... Nf6 { [%eval 0.1] } 18. Qa4 { [%eval 0.12] } 18... Qc7 { [%eval 0.21] } 19. Nb3 { [%eval -0.05] } 19... a5 { [%eval -0.13] } 20. bxa6 { [%eval -0.27] } 20... Bg4 { [%eval -0.25] } 21. Bxg4 { [%eval -0.63] } 21... Nxg4 { [%eval -0.69] } 22. a7 { [%eval -0.57] } 22... h5 { [%eval -0.44] } 23. Qa5 { [%eval -0.76] } 23... Qxa5 { [%eval -0.74] } 24. Nxa5 { [%eval -0.74] } 24... Rxa7 { [%eval -0.62] } 25. Nb3 { [%eval -0.65] } 25... h4 { [%eval -0.58] } 26. gxh4 { [%eval -0.62] } 26... gxh4 { [%eval -0.52] } 27. Rb1 { [%eval -0.67] } 27... Re6 { [%eval -0.7] } 28. Ne2 { [%eval -1.06] } 28... f5?! { [%eval -0.35] } 29. Rb2 { [%eval -0.31] } 29... Bh6 { [%eval -0.41] } 30. Nf4?! { [%eval -1.0] } 30... Bxf4 { [%eval -1.31] } 31. exf4 { [%eval -1.06] } 31... Ra5?? { [%eval 7.86] } 32. Re1?? { [%eval -0.94] } 1-0,2652.5
 Blitz ,saian00,Blitzstream-twitch,1-0,2016.07.01,18:56:57,2683,2621,10.0,-9.0,D02,"Queen's Pawn Game: Symmetrical Variation, Pseudo-Catalan",180+0,Normal,1. d4 { [%eval 0.2] } 1... d5 { [%eval 0.22] } 2. Nf3 { [%eval 0.22] } 2... Nf6 { [%eval 0.15] } 3. g3 { [%eval -0.09] } 3... Bf5 { [%eval 0.11] } 4. Bg2 { [%eval 0.01] } 4... e6 { [%eval 0.1] } 5. O-O { [%eval 0.13] } 5... b5?! { [%eval 0.65] } 6. h4?! { [%eval 0.0] } 6... Be7 { [%eval 0.12] } 7. Ne5 { [%eval 0.03] } 7... O-O { [%eval 0.15] } 8. Bf4 { [%eval 0.08] } 8... c6 { [%eval 0.52] } 9. b3?! { [%eval -0.08] } 9... Qb6 { [%eval 0.27] } 10. e3 { [%eval 0.22] } 10... Ne4 { [%eval 0.43] } 11. g4 { [%eval 0.45] } 11... f6 { [%eval 0.52] } 12. Nd3 { [%eval 0.49] } 12... Bg6 { [%eval 0.39] } 13. h5 { [%eval 0.37] } 13... Bf7 { [%eval 0.36] } 14. a4 { [%eval 0.35] } 14... b4 { [%eval 0.39] } 15. c4 { [%eval 0.34] } 15... bxc3 { [%eval 0.34] } 16. f3 { [%eval 0.31] } 16... Nd6 { [%eval 0.44] } 17. Nxc3 { [%eval 0.02] } 17... Nd7 { [%eval 0.34] } 18. a5 { [%eval 0.37] } 18... Qd8 { [%eval 0.48] } 19. Qe2 { [%eval 0.32] } 19... Rc8 { [%eval 0.35] } 20. e4?! { [%eval -0.29] } 20... dxe4 { [%eval -0.2] } 21. fxe4 { [%eval -0.63] } 21... Nb5?! { [%eval 0.26] } 22. Nxb5 { [%eval 0.22] } 22... cxb5 { [%eval 0.22] } 23. Be3 { [%eval 0.61] } 23... Rc3 { [%eval 0.49] } 24. b4 { [%eval 0.33] } 24... Qc8?! { [%eval 0.91] } 25. Rac1 { [%eval 0.87] } 25... Qc4 { [%eval 1.27] } 26. Rxc3 { [%eval 1.23] } 26... Qxc3 { [%eval 1.55] } 27. Rc1 { [%eval 1.59] } 27... Qa3 { [%eval 1.43] } 28. Rc7 { [%eval 1.5] } 28... Be8?! { [%eval 2.37] } 29. Rxa7 { [%eval 2.23] } 29... Bxb4 { [%eval 2.38] } 30. Nxb4 { [%eval 2.28] } 30... Qxb4 { [%eval 2.2] } 31. h6 { [%eval 2.02] } 31... g6?! { [%eval 2.7] } 32. a6 { [%eval 2.75] } 32... f5? { [%eval 5.26] } 33. gxf5 { [%eval 5.05] } 33... exf5 { [%eval 5.29] } 34. e5 { [%eval 4.82] } 34... f4?! { [%eval 5.48] } 35. Bf2 { [%eval 4.91] } 35... Qb1+? { [%eval 7.29] } 36. Kh2?? { [%eval 4.29] } 36... Qf5? { [%eval 6.65] } 37. Qf3 { [%eval 5.94] } 37... g5? { [%eval 8.56] } 38. Bh3 { [%eval 8.05] } 38... Qc2? { [%eval 10.53] } 39. Be6+? { [%eval 7.77] } 39... Kh8 { [%eval 7.29] } 40. Bxd7 { [%eval 6.17] } 40... Bh5?? { [%eval #11] } 41. Ra8 { [%eval #11] } 41... Kg8 { [%eval #6] } 42. Qd5+ { [%eval #5] } 42... Bf7 { [%eval #5] } 43. Rxf8+ { [%eval #4] } 43... Kxf8 { [%eval #4] } 44. Qd6+ { [%eval #3] } 44... Kg8 { [%eval #3] } 45. Qb8+ { [%eval #2] } 45... Be8 { [%eval #1] } 46. Qxe8# 1-0,2652.0
 Blitz ,Blitzstream-twitch,saian00,1-0,2016.07.01,19:02:12,2612,2693,14.0,-15.0,D02,Queen's Pawn Game: London System,180+0,Normal,1. d4 { [%eval 0.23] } 1... d5 { [%eval 0.25] } 2. Nf3 { [%eval 0.08] } 2... Nf6 { [%eval 0.16] } 3. Bf4 { [%eval 0.1] } 3... Bf5 { [%eval 0.08] } 4. e3 { [%eval 0.12] } 4... e6 { [%eval 0.06] } 5. Be2 { [%eval 0.02] } 5... Bd6 { [%eval 0.04] } 6. Bg3 { [%eval -0.12] } 6... h5 { [%eval 0.1] } 7. O-O { [%eval 0.03] } 7... Bxg3 { [%eval 0.02] } 8. hxg3 { [%eval 0.07] } 8... Qd6 { [%eval 0.12] } 9. c4 { [%eval 0.12] } 9... Nbd7 { [%eval 0.12] } 10. Nc3 { [%eval 0.07] } 10... c6 { [%eval 0.13] } 11. Rc1 { [%eval 0.11] } 11... Ke7 { [%eval 0.27] } 12. Qb3 { [%eval 0.15] } 12... Rab8 { [%eval 0.16] } 13. Qa4 { [%eval 0.24] } 13... dxc4 { [%eval 0.29] } 14. Qxc4 { [%eval 0.22] } 14... b5 { [%eval 0.37] } 15. Qb3 { [%eval 0.48] } 15... a5 { [%eval 0.45] } 16. a3 { [%eval 0.34] } 16... a4 { [%eval 0.38] } 17. Qa2 { [%eval 0.2] } 17... Nd5 { [%eval 0.4] } 18. Nxd5+ { [%eval 0.0] } 18... exd5 { [%eval 0.0] } 19. Rc3 { [%eval -0.06] } 19... Rh7?! { [%eval 0.84] } 20. Rfc1 { [%eval 0.61] } 20... Rb6 { [%eval 0.71] } 21. b4 { [%eval 0.32] } 21... axb3 { [%eval 0.73] } 22. Qxb3 { [%eval 0.73] } 22... f6? { [%eval 1.87] } 23. Nh4 { [%eval 2.23] } 23... Be6 { [%eval 2.11] } 24. Ng6+ { [%eval 2.14] } 24... Kf7 { [%eval 2.17] } 25. Nf4 { [%eval 2.03] } 25... g5?! { [%eval 2.62] } 26. Bd3? { [%eval 1.48] } 26... Rh6?! { [%eval 2.25] } 27. Nxe6 { [%eval 2.17] } 27... Kxe6? { [%eval 3.31] } 28. e4 { [%eval 3.11] } 28... Kf7 { [%eval 3.14] } 29. exd5 { [%eval 2.54] } 29... Qxd5 { [%eval 2.64] } 30. Qxd5+ { [%eval 2.6] } 30... cxd5 { [%eval 2.58] } 31. Rc7 { [%eval 2.43] } 31... Ke6 { [%eval 2.38] } 32. R1c6+ { [%eval 2.36] } 32... Rxc6 { [%eval 2.42] } 33. Rxc6+ { [%eval 2.34] } 33... Ke7 { [%eval 2.32] } 34. Bxb5 { [%eval 2.21] } 34... Rh8? { [%eval 3.82] } 35. Rc7 { [%eval 3.82] } 35... Rd8 { [%eval 3.68] } 36. Kf1 { [%eval 3.35] } 36... Kd6? { [%eval 4.37] } 37. Rc6+?! { [%eval 3.41] } 37... Ke7 { [%eval 3.36] } 38. Rc7 { [%eval 3.11] } 38... Kd6? { [%eval 4.91] } 39. Rxd7+ { [%eval 4.84] } 39... Rxd7 { [%eval 4.7] } 40. Bxd7 { [%eval 4.52] } 40... Kxd7 { [%eval 4.27] } 41. Ke2 { [%eval 4.12] } 41... Kd6 { [%eval 3.71] } 42. Kd3 { [%eval 2.94] } 1-0,2652.5
 Blitz ,saian00,Blitzstream-twitch,1-0,2016.07.01,19:06:38,2678,2626,11.0,-9.0,B01,"Scandinavian Defense: Main Line, Mieses Variation",180+0,Normal,1. e4 { [%eval 0.25] } 1... d5 { [%eval 0.64] } 2. exd5 { [%eval 0.5] } 2... Qxd5 { [%eval 0.58] } 3. Nc3 { [%eval 0.55] } 3... Qa5 { [%eval 0.61] } 4. d4 { [%eval 0.49] } 4... Nf6 { [%eval 0.63] } 5. Nf3 { [%eval 0.75] } 5... Nc6 { [%eval 0.6] } 6. Bb5 { [%eval 0.6] } 6... Ne4 { [%eval 0.6] } 7. Qd3 { [%eval 0.54] } 7... Nxc3 { [%eval 0.54] } 8. bxc3 { [%eval 0.54] } 8... Bd7 { [%eval 0.75] } 9. d5 { [%eval 0.69] } 9... Ne5 { [%eval 0.69] } 10. Bxd7+ { [%eval 0.67] } 10... Nxd7 { [%eval 0.65] } 11. O-O { [%eval 0.62] } 11... g6 { [%eval 0.61] } 12. Bd2 { [%eval 0.54] } 12... Bg7 { [%eval 0.6] } 13. c4 { [%eval 0.54] } 13... Qa6 { [%eval 0.7] } 14. Rae1 { [%eval 0.64] } 14... Bf6 { [%eval 0.72] } 15. Bb4 { [%eval 0.76] } 15... c5 { [%eval 0.77] } 16. dxc6 { [%eval 0.51] } 16... Qxc6 { [%eval 0.52] } 17. Re3 { [%eval 0.34] } 17... O-O { [%eval 0.7] } 18. Rfe1?! { [%eval 0.03] } 18... e6?! { [%eval 0.86] } 19. Bxf8 { [%eval 0.75] } 19... Rxf8 { [%eval 0.77] } 20. Qb3 { [%eval 0.68] } 20... Nc5 { [%eval 0.73] } 21. Qa3 { [%eval 0.83] } 21... a6 { [%eval 0.81] } 22. Qb4 { [%eval 0.84] } 22... Rc8 { [%eval 0.92] } 23. Ne5 { [%eval 0.73] } 23... Qc7 { [%eval 0.71] } 24. f4 { [%eval 0.39] } 24... Be7 { [%eval 0.73] } 25. Qd2 { [%eval 0.73] } 25... Na4 { [%eval 0.74] } 26. Kh1 { [%eval 0.77] } 26... Nb6 { [%eval 0.76] } 27. Rb3 { [%eval 0.79] } 27... a5? { [%eval 2.79] } 28. Qxa5 { [%eval 2.84] } 28... Nxc4 { [%eval 2.84] } 29. Qxc7 { [%eval 2.95] } 29... Rxc7 { [%eval 2.81] } 30. Nxc4 { [%eval 2.34] } 30... Rxc4 { [%eval 2.66] } 31. Rxb7 { [%eval 2.6] } 31... Bd6? { [%eval 3.77] } 32. g3 { [%eval 3.68] } 32... Rxc2 { [%eval 3.66] } 33. Rd1 { [%eval 3.56] } 33... Bc5?! { [%eval 4.38] } 34. Rdd7 { [%eval 4.47] } 34... Rxa2 { [%eval 4.31] } 35. Rxf7 { [%eval 4.19] } 35... Bd4?? { [%eval 7.97] } 36. Rfd7 { [%eval 7.82] } 36... Bc5 { [%eval 7.72] } 37. Rg7+ { [%eval 7.46] } 37... Kf8? { [%eval 9.23] } 38. Rgc7 { [%eval 8.95] } 38... Ra1+ { [%eval 8.81] } 39. Kg2 { [%eval 8.34] } 39... Rg1+? { [%eval 46.41] } 1-0,2652.0
 Bullet ,AstanehChess,BahadirOzen,1-0,2016.07.01,22:25:10,2543,3009,25.0,-35.0,B06,Modern Defense: Two Knights Variation,30+0,Normal,1. e4 { [%eval 0.27] } 1... d6 { [%eval 0.33] } 2. Nc3 { [%eval 0.25] } 2... g6 { [%eval 0.62] } 3. d4 { [%eval 0.67] } 3... Bg7 { [%eval 0.67] } 4. Nf3 { [%eval 0.6] } 4... c5?! { [%eval 1.43] } 5. Bc4? { [%eval 0.16] } 5... cxd4 { [%eval 0.23] } 6. Nxd4 { [%eval 0.18] } 6... Nf6 { [%eval 0.25] } 7. Bb3 { [%eval 0.09] } 7... O-O { [%eval 0.09] } 8. O-O { [%eval 0.14] } 8... Nc6 { [%eval 0.11] } 9. Nxc6 { [%eval 0.1] } 9... bxc6 { [%eval 0.04] } 10. Re1 { [%eval 0.07] } 10... Rb8 { [%eval 0.07] } 11. Qe2 { [%eval 0.0] } 11... Nd7 { [%eval 0.0] } 12. Bg5 { [%eval -0.02] } 12... h6 { [%eval 0.1] } 13. Bh4 { [%eval -0.1] } 13... g5 { [%eval 0.0] } 14. Bg3 { [%eval 0.03] } 14... Ne5 { [%eval 0.09] } 15. h4 { [%eval 0.27] } 15... Ng6 { [%eval 0.35] } 16. hxg5 { [%eval 0.62] } 16... hxg5 { [%eval 0.49] } 17. Rad1 { [%eval 0.49] } 17... Nf4 { [%eval 0.81] } 18. Bxf4 { [%eval 0.53] } 18... gxf4 { [%eval 0.44] } 19. e5 { [%eval 0.46] } 19... d5 { [%eval 0.47] } 20. Qh5 { [%eval 0.4] } 20... e6? { [%eval 1.49] } 21. Ne4 { [%eval 1.48] } 21... dxe4?? { [%eval 5.77] } 22. Rxd8 { [%eval 5.52] } 22... Rxd8 { [%eval 5.61] } 23. Qg5? { [%eval 4.1] } 23... Ba6? { [%eval 5.51] } 24. Rxe4 { [%eval 5.36] } 24... c5?! { [%eval 5.86] } 25. Rxf4 { [%eval 5.74] } 25... Kf8?? { [%eval #8] } 26. Bxe6?! { [%eval 11.49] } 26... Rb7?! { [%eval #1] } 27. Qxd8# 1-0,2776.0
 Bullet ,AstanehChess,BahadirOzen,1-0,2016.07.01,22:26:47,2565,2977,25.0,-34.0,A04,Zukertort Opening: Sicilian Invitation,30+0,Normal,1. Nf3 { [%eval 0.19] } 1... c5 { [%eval 0.29] } 2. g3 { [%eval -0.16] } 2... Nc6 { [%eval 0.06] } 3. Bg2 { [%eval 0.03] } 3... g6 { [%eval 0.03] } 4. O-O { [%eval 0.08] } 4... Bg7 { [%eval 0.02] } 5. c3 { [%eval 0.13] } 5... d5 { [%eval 0.09] } 6. d4 { [%eval 0.13] } 6... cxd4 { [%eval 0.13] } 7. cxd4 { [%eval 0.15] } 7... Nf6 { [%eval 0.08] } 8. Nc3 { [%eval 0.05] } 8... O-O { [%eval 0.18] } 9. Bg5 { [%eval -0.16] } 9... Bg4 { [%eval 0.21] } 10. e3? { [%eval -1.51] } 10... Bxf3? { [%eval 0.32] } 11. Bxf3 { [%eval 0.35] } 11... e6 { [%eval 0.34] } 12. e4?! { [%eval -0.46] } 12... dxe4 { [%eval -0.34] } 13. Nxe4 { [%eval -0.25] } 13... Re8 { [%eval 0.15] } 14. Bg2 { [%eval 0.18] } 14... Qxd4?? { [%eval 4.29] } 15. Qxd4 { [%eval 4.14] } 15... Nxd4 { [%eval 4.31] } 16. Nxf6+ { [%eval 4.29] } 16... Bxf6 { [%eval 4.26] } 17. Bxf6 { [%eval 4.13] } 17... Ne2+?! { [%eval 4.72] } 18. Kh1 { [%eval 4.63] } 18... b6?? { [%eval 9.09] } 19. Rfe1? { [%eval 7.47] } 1-0,2771.0
 Blitz ,hiimgosu,italian5,1-0,2016.07.02,01:09:05,2814,2509,6.0,-3.0,E38,"Nimzo-Indian Defense: Classical Variation, Berlin Variation",180+0,Normal,1. d4 Nf6 2. c4 e6 3. Nc3 Bb4 4. Qc2 c5 5. dxc5 Bxc5 6. Bf4 b6 7. Nf3 Bb7 8. Rd1 O-O 9. e4 Nc6 10. Be2 d6 11. e5 Ng4 12. O-O Qb8 13. Ng5 1-0,2661.5
 Blitz ,hiimgosu,italian5,1-0,2016.07.02,01:17:56,2825,2503,6.0,-3.0,E32,Nimzo-Indian Defense: Classical Variation,180+0,Normal,1. d4 Nf6 2. c4 e6 3. Nc3 Bb4 4. Qc2 O-O 5. Nf3 c5 6. dxc5 Na6 7. g3 Nxc5 8. Bg2 b6 9. O-O Bb7 10. Bf4 Nce4 11. Nxe4 Bxe4 12. Qa4 Be7 13. Rfd1 Qc8 14. Bd6 Bxd6 15. Rxd6 Qc7 16. Rad1 Rfd8 17. Ne5 Bd5 18. Qa3 Bxg2 19. Kxg2 Ne8 20. Rxd7 Rxd7 21. Rxd7 Qxe5 22. Qf3 1-0,2664.0
 Blitz ,italian5,hiimgosu,1-0,2016.07.02,01:21:57,2500,2831,19.0,-32.0,D27,"Queen's Gambit Accepted: Classical Defense, Rubinstein Variation",180+0,Normal,1. d4 { [%eval 0.2] } 1... d5 { [%eval 0.12] } 2. c4 { [%eval 0.24] } 2... dxc4 { [%eval 0.31] } 3. Nf3 { [%eval 0.31] } 3... Nf6 { [%eval 0.34] } 4. e3 { [%eval 0.34] } 4... e6 { [%eval 0.39] } 5. Bxc4 { [%eval 0.24] } 5... c5 { [%eval 0.35] } 6. O-O { [%eval 0.36] } 6... a6 { [%eval 0.37] } 7. a4 { [%eval 0.13] } 7... b6 { [%eval 0.31] } 8. Nc3 { [%eval 0.32] } 8... Bb7 { [%eval 0.38] } 9. Qe2 { [%eval 0.19] } 9... Nc6 { [%eval 0.26] } 10. Rd1 { [%eval 0.27] } 10... cxd4?! { [%eval 1.02] } 11. exd4 { [%eval 0.76] } 11... Nb4 { [%eval 1.16] } 12. Ne5 { [%eval 0.84] } 12... Be7?? { [%eval 6.51] } 13. Nxf7 { [%eval 6.16] } 13... Kxf7?? { [%eval #17] } 14. Qxe6+ { [%eval #16] } 14... Ke8 { [%eval 28.17] } 15. Qf7+ { [%eval 20.5] } 15... Kd7 { [%eval 19.1] } 16. Bf4?? { [%eval 4.03] } 16... Qg8?? { [%eval #9] } 17. Be6+ { [%eval #8] } 17... Kd8 { [%eval #8] } 18. Bc7+ { [%eval #7] } 1-0,2665.5
 Blitz ,Riplus,OnlyGapes,1-0,2016.07.02,13:08:58,2759,2558,6.0,-6.0,A04,Zukertort Opening: Dutch Variation,180+0,Normal,1. Nf3 f5 2. d3 d6 3. e4 e5 4. Nc3 c5 5. Bg5 Be7 6. Bxe7 Nxe7 7. g3 O-O 8. exf5 Nbc6 9. Bg2 Bxf5 10. O-O Qd7 11. Nd2 Nd4 12. Nce4 b6 13. c3 Ne6 14. c4 Nd4 15. Nb3 Nec6 16. Nxd4 Nxd4 17. f4 Rae8 18. Qd2 h6 19. Rae1 Bh3 20. Rf2 Bxg2 21. Kxg2 Re6 22. Ref1 d5 23. Nc3 dxc4 24. dxc4 e4 25. Re1 Rfe8 26. Nd5 e3 27. Rxe3 Rxe3 28. Nxe3 Qe6 29. Nd5 Qe4+ 30. Kh3 Nf3 31. Qc2 Ng1+ 32. Kg4 Qe6+ 33. f5 Qe5 34. h4 h5+ 35. Kxh5 Re6 36. Kg4 Rd6 37. b3 g6 38. fxg6 Kg7 39. Rf7+ Kg8 40. Qf5 Qe2+ 41. Kg5 Qd2+ 42. Kh5 1-0,2658.5
 Blitz ,OnlyGapes,Riplus,1-0,2016.07.02,13:14:42,2552,2765,19.0,-18.0,E11,Bogo-Indian Defense: Gruenfeld Variation,180+0,Normal,1. d4 Nf6 2. c4 e6 3. Nf3 Bb4+ 4. Nbd2 a5 5. g3 b6 6. Bg2 Bb7 7. O-O O-O 8. a3 Be7 9. Re1 d5 10. Ne5 Na6 11. cxd5 exd5 12. b3 c5 13. Bb2 Re8 14. Qc2 Bd6 15. Qf5 cxd4 16. Bxd4 Nc5 17. e3 Qe7 18. Nd3 Bc8 19. Bxf6 Bxf5 20. Bxe7 Nxd3 21. Bxd6 Nxe1 22. Rxe1 Rac8 23. b4 axb4 24. Bxb4 Be4 25. Nb3 h5 26. Nd4 Rc7 27. Bxe4 dxe4 28. Kg2 Rec8 29. Nf5 Rc1 30. Ne7+ 1-0,2658.5
 Blitz ,Riplus,OnlyGapes,1-0,2016.07.02,13:18:09,2747,2571,6.0,-6.0,C07,"French Defense: Tarrasch Variation, Chistyakov Defense",180+0,Normal,1. e4 e6 2. d4 d5 3. Nd2 c5 4. exd5 Qxd5 5. Ngf3 cxd4 6. Bc4 Qd7 7. O-O Nc6 8. Nb3 a6 9. Re1 Qc7 10. Nbxd4 Nxd4 11. Qxd4 Nf6 12. Bf4 Qc5 13. Rad1 Qxd4 14. Nxd4 Be7 15. c3 O-O 16. Nf5 Bc5 17. Bd6 Bxd6 18. Nxd6 Rd8 19. Rd4 Nd5 20. Ne4 Bd7 21. Bxd5 exd5 22. Nc5 Bb5 23. Nxb7 Re8 24. Re3 h6 25. Nd6 Rxe3 26. fxe3 Bc6 27. Kf2 Kf8 28. e4 Rb8 29. b3 dxe4 30. Nxe4 Ke7 31. g4 g6 32. Ng3 Rb5 33. Ke3 Re5+ 34. Kf2 Ra5 35. a4 Rc5 36. Ne2 Re5 37. h3 f6 38. Nf4 Kf7 39. Nd3 Re6 40. Nc5 Re5 41. Nxa6 Bd5 42. c4 Be6 43. Nc7 Bc8 44. Nd5 h5 45. Rf4 f5 46. gxf5 g5 47. Rf3 Kg7 48. Ne3 Kf6 49. Rg3 Bb7 50. Ke2 h4 51. Rg1 Be4 52. Rf1 Re8 53. Ra1 1-0,2659.0
 Blitz ,paulovskj,hiimgosu,0-1,2016.07.02,17:35:18,2530,2799,-4.0,7.0,C00,French Defense: Knight Variation,180+0,Normal,1. e4 e6 2. Nf3 d5 3. exd5 exd5 4. d4 Bd6 5. c4 dxc4 6. Nc3 Nf6 7. Bxc4 O-O 8. O-O h6 9. h3 Nc6 10. Re1 Bf5 11. a3 a6 12. Be3 Qd7 13. Rc1 Rfe8 14. Bf1 Rad8 15. Qb3 Na5 16. Qd1 Ne4 17. b4 Nc6 18. Na4 Ne7 19. Nc5 Bxc5 20. dxc5 Nd5 21. Bd4 c6 22. Qb3 Ng5 23. Ne5 Qc8 24. Qg3 f6 25. Nc4 Nf7 26. Rxe8+ Rxe8 27. Ne3 Nxe3 28. Bxe3 Kh7 29. Bc4 Ne5 30. Bb3 Be6 31. Bc2+ Bf5 32. Bb3 Re7 33. Re1 Qd7 34. Kh2 Be6 35. Bc2+ Bf5 36. Bb3 Bg6 37. f3 Qd3 38. Bd1 Qxa3 39. Bd2 Qd3 40. Qf4 Rd7 41. Bc1 Qc4 42. Qg3 Nd3 43. Be2 Qxb4 44. Rd1 Nxc1 45. Rxd7 Nxe2 46. Qc7 Qf4+ 47. Qxf4 Nxf4 48. Rxb7 Bd3 49. Rb6 Bb5 50. g3 Nd3 51. Rb8 Nxc5 52. Rd8 a5 53. Rd2 a4 54. Ra2 Nd7 55. Ra3 Nb6 56. h4 Nc4 57. Ra1 Kg6 58. Kg2 Kf5 59. Kf2 Ke5 60. Ke2 Kd4 61. Kd1 Kc3 62. Rc1+ Kb2 63. f4 a3 64. f5 a2 65. Rc2+ Kb3 66. Rc1 Na3 67. Ra1 Kb2 68. Rxa2+ Kxa2 69. Kd2 Kb3 70. Ke3 c5 71. g4 c4 72. g5 c3 73. gxf6 gxf6 74. Kd4 h5 75. Kd5 c2 76. Ke6 c1=Q 77. Kxf6 Qf4 78. Kg6 Qxh4 79. f6 Qg4+ 80. Kh6 h4 81. f7 Qf4+ 82. Kg6 Qxf7+ 83. Kxf7 h3 84. Kg6 h2 85. Kg5 h1=Q 86. Kf4 Qd5 0-1,2664.5
 Blitz ,TalBaron-YouTube,grandmatt,1-0,2016.07.03,09:33:51,2706,2623,9.0,-8.0,E61,King's Indian Defense,180+0,Normal,1. d4 { [%eval 0.14] } 1... Nf6 { [%eval 0.22] } 2. c4 { [%eval 0.12] } 2... g6 { [%eval 0.46] } 3. Nc3 { [%eval 0.53] } 3... Bg7 { [%eval 0.41] } 4. Nf3 { [%eval 0.48] } 4... d6 { [%eval 0.44] } 5. h3 { [%eval 0.37] } 5... O-O { [%eval 0.39] } 6. e4 { [%eval 0.44] } 6... e5 { [%eval 0.35] } 7. d5 { [%eval 0.41] } 7... a5 { [%eval 0.42] } 8. Be3 { [%eval 0.2] } 8... Na6 { [%eval 0.29] } 9. g4 { [%eval 0.11] } 9... Nd7 { [%eval 0.08] } 10. a3 { [%eval 0.13] } 10... Nb6 { [%eval 0.14] } 11. Be2 { [%eval 0.14] } 11... Bd7 { [%eval 0.18] } 12. Qc2 { [%eval 0.32] } 12... Nc5 { [%eval 0.18] } 13. Nd2 { [%eval 0.24] } 13... Nba4 { [%eval 0.33] } 14. Nb5 { [%eval 0.16] } 14... Nb6 { [%eval 0.08] } 15. b3 { [%eval 0.23] } 15... f5 { [%eval 0.19] } 16. gxf5 { [%eval 0.14] } 16... gxf5 { [%eval 0.19] } 17. Rg1 { [%eval 0.46] } 17... f4 { [%eval 0.71] } 18. Bxc5 { [%eval 0.51] } 18... dxc5 { [%eval 0.51] } 19. Bg4 { [%eval 0.32] } 19... Bxb5?! { [%eval 1.25] } 20. cxb5 { [%eval 1.21] } 20... a4 { [%eval 1.21] } 21. Qxc5 { [%eval 1.18] } 21... axb3 { [%eval 1.11] } 22. Nxb3 { [%eval 0.95] } 22... Ra4?! { [%eval 1.73] } 23. Nd2 { [%eval 1.79] } 23... Kh8 { [%eval 1.69] } 24. Rc1 { [%eval 1.62] } 24... Rf7 { [%eval 1.58] } 25. Be6 { [%eval 1.37] } 25... Bf8?? { [%eval 7.35] } 26. Qxc7 { [%eval 7.13] } 26... Rxc7? { [%eval #1] } 27. Rg8# 1-0,2664.5
 Blitz ,grandmatt,TalBaron-YouTube,1/2-1/2,2016.07.03,10:04:29,2617,2715,3.0,-3.0,D44,"Queen's Gambit Declined: Vienna Variation, Quiet Variation",180+0,Normal,1. d4 { [%eval 0.23] } 1... e6 { [%eval 0.27] } 2. c4 { [%eval 0.18] } 2... Nf6 { [%eval 0.24] } 3. Nf3 { [%eval 0.12] } 3... d5 { [%eval 0.15] } 4. Nc3 { [%eval 0.11] } 4... dxc4 { [%eval 0.38] } 5. e3 { [%eval 0.05] } 5... a6 { [%eval 0.16] } 6. Bxc4 { [%eval 0.16] } 6... b5 { [%eval 0.08] } 7. Be2 { [%eval 0.04] } 7... Bb7 { [%eval 0.06] } 8. O-O { [%eval 0.17] } 8... Nbd7 { [%eval 0.1] } 9. b3 { [%eval 0.1] } 9... c5 { [%eval 0.12] } 10. Bb2 { [%eval 0.08] } 10... Be7 { [%eval 0.05] } 11. dxc5 { [%eval 0.06] } 11... O-O? { [%eval 1.51] } 12. b4 { [%eval 1.57] } 12... Nxc5?! { [%eval 2.13] } 13. bxc5 { [%eval 2.21] } 1/2-1/2,2666.0
 Blitz ,TalBaron-YouTube,grandmatt,0-1,2016.07.03,10:07:12,2712,2620,-14.0,13.0,E61,King's Indian Defense,180+0,Normal,1. d4 { [%eval 0.15] } 1... Nf6 { [%eval 0.12] } 2. c4 { [%eval 0.2] } 2... g6 { [%eval 0.51] } 3. Nc3 { [%eval 0.39] } 3... Bg7 { [%eval 0.54] } 4. Nf3 { [%eval 0.39] } 4... d6 { [%eval 0.49] } 5. h3 { [%eval 0.32] } 5... O-O { [%eval 0.4] } 6. e4 { [%eval 0.42] } 6... e5 { [%eval 0.39] } 7. d5 { [%eval 0.33] } 7... a5 { [%eval 0.46] } 8. Be3 { [%eval 0.2] } 8... Na6 { [%eval 0.41] } 9. g4 { [%eval 0.14] } 9... Nd7 { [%eval 0.23] } 10. a3 { [%eval 0.18] } 10... Nb6 { [%eval 0.18] } 11. Rg1 { [%eval 0.2] } 11... Bd7 { [%eval 0.23] } 12. Nd2 { [%eval 0.0] } 12... Nc5 { [%eval -0.04] } 13. b3 { [%eval 0.1] } 13... c6 { [%eval 0.46] } 14. Qc2?! { [%eval -0.18] } 14... cxd5 { [%eval -0.05] } 15. cxd5 { [%eval -0.14] } 15... Rc8 { [%eval -0.13] } 16. Be2 { [%eval -0.18] } 16... Kh8 { [%eval -0.12] } 17. Rb1 { [%eval -0.19] } 17... Qh4?! { [%eval 0.46] } 18. Rg3 { [%eval 0.29] } 18... Qe7 { [%eval 0.36] } 19. Nc4 { [%eval 0.28] } 19... Nxc4 { [%eval 0.61] } 20. bxc4 { [%eval 0.43] } 20... Rc7?! { [%eval 0.98] } 21. Bxc5 { [%eval 0.94] } 21... dxc5 { [%eval 1.15] } 22. Rb6 { [%eval 1.18] } 22... Qd8 { [%eval 1.04] } 23. Qb2 { [%eval 1.01] } 23... Bc8 { [%eval 1.35] } 24. Nb5 { [%eval 1.32] } 24... Rd7 { [%eval 1.37] } 25. Na7 { [%eval 1.41] } 25... Kg8 { [%eval 1.64] } 26. Kf1 { [%eval 1.57] } 26... Bh6?! { [%eval 2.39] } 27. g5?! { [%eval 1.72] } 27... Bxg5 { [%eval 2.01] } 28. Nxc8 { [%eval 1.87] } 28... Bf4 { [%eval 2.04] } 29. Na7? { [%eval 0.95] } 29... Bxg3 { [%eval 0.91] } 30. fxg3 { [%eval 0.39] } 30... Qg5? { [%eval 1.44] } 31. Kg2 { [%eval 1.38] } 31... f5 { [%eval 1.2] } 32. Qxe5 { [%eval 1.28] } 32... Qd2? { [%eval 2.34] } 33. Qe6+? { [%eval 0.0] } 33... Rdf7?? { [%eval 4.44] } 34. exf5 { [%eval 3.94] } 34... Kg7? { [%eval 5.97] } 35. Qe5+ { [%eval 5.88] } 35... Kg8 { [%eval 5.74] } 36. Rb2?? { [%eval 2.27] } 36... Qe1 { [%eval 2.58] } 37. g4? { [%eval 0.0] } 37... gxf5 { [%eval 0.0] } 38. g5?? { [%eval -3.41] } 38... f4 { [%eval -2.99] } 39. g6?? { [%eval -13.17] } 39... f3+ { [%eval -12.98] } 40. Bxf3 { [%eval -12.73] } 40... Qxe5 { [%eval -12.35] } 41. gxf7+ { [%eval -11.93] } 41... Rxf7 { [%eval -11.22] } 42. Nb5?! { [%eval #-6] } 42... Qxb2+ { [%eval #-5] } 43. Kg3 { [%eval #-5] } 43... Qe5+?! { [%eval #-5] } 44. Kg2 { [%eval #-5] } 0-1,2666.0
 Blitz ,grandmatt,TalBaron-YouTube,0-1,2016.07.03,10:12:51,2633,2698,-8.0,9.0,D85,"Gruenfeld Defense: Exchange Variation, Modern Exchange Variation",180+0,Normal,1. d4 { [%eval 0.18] } 1... Nf6 { [%eval 0.2] } 2. c4 { [%eval 0.17] } 2... g6 { [%eval 0.44] } 3. Nc3 { [%eval 0.37] } 3... d5 { [%eval 0.4] } 4. cxd5 { [%eval 0.37] } 4... Nxd5 { [%eval 0.33] } 5. e4 { [%eval 0.4] } 5... Nxc3 { [%eval 0.35] } 6. bxc3 { [%eval 0.35] } 6... Bg7 { [%eval 0.5] } 7. Nf3 { [%eval 0.28] } 7... c5 { [%eval 0.34] } 8. Be3 { [%eval 0.23] } 8... Qa5 { [%eval 0.32] } 9. Qd2 { [%eval 0.29] } 9... O-O { [%eval 0.26] } 10. Rc1 { [%eval 0.31] } 10... Nd7 { [%eval 0.32] } 11. d5 { [%eval 0.27] } 11... Nf6 { [%eval 0.22] } 12. Bd3 { [%eval -0.01] } 12... c4 { [%eval 0.06] } 13. Bb1 { [%eval 0.0] } 13... e6 { [%eval -0.01] } 14. d6 { [%eval -0.09] } 14... e5 { [%eval -0.2] } 15. O-O { [%eval -0.31] } 15... Rd8 { [%eval -0.35] } 16. Rfd1 { [%eval -0.5] } 16... Ne8 { [%eval -0.29] } 17. Qd5?! { [%eval -0.98] } 17... Qxd5 { [%eval -0.84] } 18. Rxd5 { [%eval -1.01] } 18... Be6 { [%eval -0.89] } 19. Rb5?! { [%eval -1.43] } 19... Nxd6 { [%eval -1.28] } 20. Rb2 { [%eval -1.57] } 20... b6 { [%eval -1.48] } 21. Kf1 { [%eval -1.62] } 21... f6 { [%eval -1.64] } 22. a4 { [%eval -1.74] } 22... Bf8 { [%eval -1.75] } 23. Ba2? { [%eval -2.91] } 0-1,2665.5
 Blitz ,grandmatt,TalBaron-YouTube,0-1,2016.07.03,10:21:53,2638,2694,-9.0,9.0,D44,"Queen's Gambit Declined: Vienna Variation, Quiet Variation",180+0,Normal,1. d4 { [%eval 0.16] } 1... Nf6 { [%eval 0.16] } 2. c4 { [%eval 0.18] } 2... e6 { [%eval 0.13] } 3. Nf3 { [%eval 0.14] } 3... d5 { [%eval 0.18] } 4. Nc3 { [%eval 0.1] } 4... dxc4 { [%eval 0.44] } 5. e3 { [%eval 0.1] } 5... a6 { [%eval 0.17] } 6. a4 { [%eval 0.06] } 6... b6 { [%eval 0.17] } 7. Bxc4 { [%eval 0.17] } 7... Bb7 { [%eval 0.13] } 8. O-O { [%eval 0.2] } 8... Bb4 { [%eval 0.15] } 9. Qe2 { [%eval 0.0] } 9... Nbd7 { [%eval 0.25] } 10. Rd1 { [%eval 0.08] } 10... O-O { [%eval 0.21] } 11. Bd3 { [%eval 0.02] } 11... c5 { [%eval 0.19] } 12. Na2 { [%eval 0.18] } 12... Ba5 { [%eval 0.0] } 13. Ne5 { [%eval -0.19] } 13... Qe7?! { [%eval 0.5] } 14. Nc4 { [%eval 0.46] } 14... cxd4 { [%eval 0.7] } 15. Nxa5?! { [%eval 0.16] } 15... bxa5 { [%eval 0.18] } 16. exd4 { [%eval 0.06] } 16... Rfc8 { [%eval 0.12] } 17. Bd2 { [%eval 0.0] } 17... Qd6 { [%eval -0.18] } 18. Be1 { [%eval -0.27] } 18... Rab8 { [%eval 0.06] } 19. Kh1 { [%eval -0.06] } 19... Nd5 { [%eval -0.08] } 20. f3 { [%eval -0.14] } 20... Nf4 { [%eval -0.12] } 21. Bg3 { [%eval -0.27] } 21... Nf6 { [%eval -0.31] } 22. Qd2 { [%eval -0.25] } 22... N6h5 { [%eval -0.18] } 23. Bf1? { [%eval -1.21] } 23... Nxg3+ { [%eval -1.43] } 24. hxg3 { [%eval -1.53] } 24... Nh5 { [%eval -1.44] } 25. Qxa5? { [%eval -2.53] } 25... Nxg3+ { [%eval -2.4] } 26. Kg1 { [%eval -3.29] } 26... Bd5? { [%eval -1.88] } 27. Nc3 { [%eval -2.05] } 27... Rxb2?! { [%eval -1.21] } 28. Nxd5 { [%eval -1.3] } 28... exd5 { [%eval -1.13] } 29. Rac1 { [%eval -1.57] } 29... Rxc1 { [%eval -1.25] } 30. Rxc1 { [%eval -1.23] } 30... h5? { [%eval -0.17] } 31. Qc7?? { [%eval -4.41] } 31... Qxc7 { [%eval -4.4] } 32. Rxc7 { [%eval -4.34] } 32... Rb1 { [%eval -4.23] } 33. Kf2 { [%eval -4.14] } 33... Nxf1 { [%eval -3.8] } 0-1,2666.0
 Bullet ,cemilchess,smurf42,0-1,2016.07.03,12:51:12,2714,2752,-10.0,11.0,B07,Pirc Defense #4,60+0,Normal,1. e4 { [%eval 0.31] } 1... d6 { [%eval 0.47] } 2. Nf3 { [%eval 0.24] } 2... Nf6 { [%eval 0.3] } 3. Nc3 { [%eval 0.25] } 3... Nbd7 { [%eval 0.38] } 4. Bc4 { [%eval 0.31] } 4... e5 { [%eval 0.65] } 5. d3 { [%eval 0.22] } 5... Be7 { [%eval 0.27] } 6. g4 { [%eval -0.18] } 6... O-O { [%eval -0.11] } 7. Rg1 { [%eval -0.14] } 7... Nb6 { [%eval 0.03] } 8. g5 { [%eval -0.03] } 8... Nfd7 { [%eval 0.0] } 9. h4 { [%eval -0.19] } 9... Nc5 { [%eval 0.24] } 10. Be3 { [%eval 0.2] } 10... Nxc4 { [%eval 0.08] } 11. dxc4 { [%eval 0.05] } 11... Be6 { [%eval 0.44] } 12. b3 { [%eval -0.04] } 12... a5?! { [%eval 0.7] } 13. a4?! { [%eval 0.0] } 13... b6 { [%eval 0.0] } 14. Nd2 { [%eval -0.35] } 14... Qc8?! { [%eval 0.25] } 15. Qe2 { [%eval 0.12] } 15... Rd8?! { [%eval 0.8] } 16. O-O-O { [%eval 0.75] } 16... c6 { [%eval 0.74] } 17. f4 { [%eval 0.65] } 17... b5? { [%eval 1.85] } 18. f5 { [%eval 1.66] } 18... Bd7? { [%eval 3.06] } 19. cxb5?! { [%eval 2.24] } 19... cxb5?! { [%eval 2.84] } 20. Nxb5? { [%eval 0.53] } 20... Bxb5 { [%eval 0.62] } 21. Qxb5? { [%eval -0.58] } 21... Rb8 { [%eval -0.92] } 22. Qe2 { [%eval -1.4] } 22... Nxb3+ { [%eval -1.37] } 23. Nxb3 { [%eval -1.39] } 23... Rxb3 { [%eval -1.45] } 24. f6 { [%eval -1.34] } 24... Bf8 { [%eval -1.21] } 25. g6?! { [%eval -1.73] } 25... hxg6 { [%eval -1.75] } 26. h5?? { [%eval -9.92] } 26... d5 { [%eval -9.34] } 27. hxg6? { [%eval #-2] } 27... Ba3+ { [%eval #-1] } 28. Kd2 { [%eval #-1] } 28... Qc3# 0-1,2733.0
 Bullet ,smurf42,cemilchess,1-0,2016.07.03,12:52:24,2763,2704,11.0,-10.0,A00,Van Geet Opening: Reversed Nimzowitsch,60+0,Normal,1. Nc3 e5 2. d3 Nc6 3. Nf3 Nf6 4. Bg5 Be7 5. e4 O-O 6. h3 d6 7. Ne2 Nd7 8. Bxe7 Nxe7 9. Ng3 c6 10. Qd2 d5 11. O-O-O f6 12. d4 dxe4 13. Nxe4 Qc7 14. Bc4+ Kh8 15. dxe5 Nxe5 16. Nxe5 fxe5 17. Ng5 Nd5 18. Bxd5 cxd5 19. Qxd5 Bf5 20. c3 Rac8 21. g4 Rcd8 22. Qxd8 1-0,2733.5
 Bullet ,cemilchess,smurf42,1-0,2016.07.03,12:53:20,2694,2774,14.0,-15.0,D01,Richter-Veresov Attack,60+0,Normal,1. d4 d5 2. Nc3 Nf6 3. Bg5 Nbd7 4. f3 c6 5. e4 dxe4 6. fxe4 e5 7. Qd2 Qa5 8. Nf3 Bb4 9. Bd3 exd4 10. Nxd4 Bxc3 11. bxc3 h6 12. Bh4 Ne5 13. O-O Nfd7 14. Nf5 Rg8 15. Kh1 Nc5 16. Nd6+ Kf8 17. Bc4 Be6 18. Qd4 Nxc4 19. Rxf7+ Bxf7 20. Rf1 1-0,2734.0
 Bullet ,smurf42,cemilchess,0-1,2016.07.03,12:54:30,2759,2708,-14.0,13.0,A45,Trompowsky Attack: Edge Variation,60+0,Normal,1. d4 Nf6 2. Bg5 Ne4 3. Bh4 d5 4. f3 Nd6 5. Nc3 Nf5 6. Bf2 c5 7. dxc5 d4 8. Ne4 Nc6 9. g4 Nh6 10. Qd2 f5 11. gxf5 Nxf5 12. O-O-O Qd5 13. Kb1 Be6 14. b3 O-O-O 15. Bh3 g6 16. Ng5 Bh6 17. Nxe6 Bxd2 18. Nxd8 Bc3 19. Nxc6 bxc6 20. e4 Qxc5 21. Ne2 Qa3 0-1,2733.5
 Bullet ,cemilchess,smurf42,1-0,2016.07.03,12:55:34,2721,2745,12.0,-13.0,B07,Pirc Defense #2,60+0,Normal,1. e4 { [%eval 0.29] } 1... d6 { [%eval 0.47] } 2. Nc3 { [%eval 0.33] } 2... Nf6 { [%eval 0.45] } 3. d4 { [%eval 0.45] } 3... Bg4 { [%eval 0.74] } 4. f3 { [%eval 0.58] } 4... Bh5?! { [%eval 1.18] } 5. Be3 { [%eval 1.13] } 5... Nbd7 { [%eval 1.33] } 6. Nge2 { [%eval 1.2] } 6... e5 { [%eval 1.16] } 7. Qd2 { [%eval 0.95] } 7... exd4?! { [%eval 1.46] } 8. Nxd4 { [%eval 1.59] } 8... Ne5 { [%eval 1.75] } 9. O-O-O { [%eval 1.67] } 9... a6 { [%eval 1.85] } 10. g4 { [%eval 1.96] } 10... Bg6 { [%eval 2.3] } 11. h3?! { [%eval 1.67] } 11... Be7?! { [%eval 2.33] } 12. f4? { [%eval 0.07] } 12... Nc6?? { [%eval 3.94] } 13. f5 { [%eval 3.6] } 13... Nxd4 { [%eval 3.47] } 14. Bxd4 { [%eval 3.41] } 14... Qd7?! { [%eval 4.27] } 15. fxg6 { [%eval 4.16] } 15... hxg6 { [%eval 4.0] } 16. Bg2 { [%eval 4.0] } 16... O-O-O { [%eval 4.4] } 17. e5? { [%eval 3.03] } 17... dxe5 { [%eval 2.96] } 18. Bxe5 { [%eval 3.01] } 18... Qe6?! { [%eval 3.75] } 19. Qe3?! { [%eval 3.1] } 19... Rhe8?? { [%eval 11.8] } 20. Qa7 { [%eval 11.4] } 1-0,2733.0
 Bullet ,smurf42,cemilchess,0-1,2016.07.03,12:56:17,2732,2733,-11.0,11.0,D01,Richter-Veresov Attack,60+0,Normal,1. d4 Nf6 2. Nc3 d5 3. Bg5 Nbd7 4. e3 c6 5. Bd3 g6 6. f4 Bg7 7. Nf3 O-O 8. O-O b6 9. Ne5 Bb7 10. Qe1 c5 11. Qh4 Re8 12. Rf3 Ne4 13. Rh3 h5 14. Nxe4 dxe4 15. Bc4 Nxe5 16. fxe5 Bd5 17. Bxd5 Qxd5 18. c3 cxd4 19. exd4 b5 20. a3 a5 21. Bxe7 b4 22. Bc5 bxc3 23. bxc3 Rab8 24. Rf1 Bxe5 25. Qg5 Bxd4+ 26. Bxd4 Qxg5 27. Bf6 Qc5+ 28. Bd4 Qxa3 29. g4 Qe7 30. gxh5 Qg5+ 31. Kh1 e3 32. Rg1 Qd5+ 0-1,2732.5
 Bullet ,cemilchess,smurf42,0-1,2016.07.03,12:57:38,2744,2721,-12.0,12.0,B76,"Sicilian Defense: Dragon Variation, Yugoslav Attack, Modern Line",60+0,Normal,1. e4 c5 2. Nf3 d6 3. d4 cxd4 4. Nxd4 Nf6 5. Nc3 g6 6. Be3 Bg7 7. f3 O-O 8. Qd2 Nc6 9. O-O-O d5 10. Kb1 Nxd4 11. e5 Nf5 12. exf6 Bxf6 13. Nxd5 Qxd5 14. Qxd5 Nxe3 15. Qd2 Nxd1 16. Qxd1 Be6 17. Be2 Rfd8 18. Qc1 Rd6 19. Rd1 Rb6 20. b3 Rc8 21. Qe3 Rbc6 22. c4 a6 23. g4 b5 24. cxb5 axb5 25. Bxb5 Rc3 26. Qd2 Rxf3 27. Be2 Rf2 28. h3 h5 29. Qe3 Rh2 30. gxh5 Bf5+ 31. Bd3 Rb2+ 32. Ka1 Rd2+ 0-1,2732.5
 Bullet ,smurf42,cemilchess,0-1,2016.07.03,12:59:03,2733,2732,-12.0,12.0,A40,Englund Gambit,60+0,Normal,1. d4 e5 2. dxe5 Nc6 3. Nf3 d6 4. Nc3 Bg4 5. exd6 Bxd6 6. Bg5 Nf6 7. Qd2 h6 8. Bh4 Qe7 9. O-O-O O-O-O 10. h3 Bh5 11. Nd5 Qe6 12. Nxf6 Qxa2 13. Qd5 Bf4+ 0-1,2732.5
 Bullet ,cemilchess,smurf42,1-0,2016.07.03,12:59:58,2744,2721,10.0,-10.0,B76,"Sicilian Defense: Dragon Variation, Yugoslav Attack, Panov Variation",60+0,Normal,1. e4 c5 2. Nf3 d6 3. d4 cxd4 4. Nxd4 Nf6 5. Nc3 g6 6. Be3 Bg7 7. f3 O-O 8. Qd2 Nc6 9. g4 Bxg4 10. fxg4 Nxg4 11. O-O-O Nce5 12. Be2 Nxe3 13. Qxe3 Rc8 14. Kb1 a6 15. h4 h5 16. Rhg1 Kh7 17. Nd5 e6 18. Nf4 Qxh4 19. Rh1 Qf6 20. Bxh5 Kg8 21. Be2 Nc4 22. Bxc4 Rxc4 23. c3 e5 24. Nd5 Qd8 25. Nf5 gxf5 26. Rdg1 f6 27. Qh6 1-0,2732.5
 Bullet ,smurf42,cemilchess,1-0,2016.07.03,13:01:18,2711,2754,12.0,-12.0,B06,Modern Defense: Standard Defense,60+0,Normal,1. d4 g6 2. e4 Bg7 3. Nc3 d6 4. Be3 a6 5. Qd2 b5 6. a3 Bb7 7. h4 h5 8. Nh3 Nd7 9. Ng5 Ngf6 10. f3 c5 11. a4 b4 12. Ne2 cxd4 13. Nxd4 a5 14. Bc4 Ne5 15. Bb5+ Kf8 16. O-O Kg8 17. f4 Neg4 18. Kh1 Nxe4 19. Nxe4 Bxe4 20. Bg1 e5 21. Nf3 Bxf3 22. Rxf3 Qxh4+ 23. Rh3 Qf6 24. Rf1 e4 25. Bc6 Rc8 26. Bxe4 Qxb2 27. f5 Rc3 28. fxg6 fxg6 29. Qd5+ Kh7 30. Bxg6+ Kxg6 31. Qf5+ 1-0,2732.5
 Blitz ,luka1950,condansator3,1-0,2016.07.03,19:57:26,2629,2693,13.0,-13.0,B10,Caro-Kann Defense: Breyer Variation,180+0,Normal,1. e4 c6 2. d3 d5 3. Nc3 dxe4 4. Nxe4 Nf6 5. Qe2 Bf5 6. Ng3 Bg6 7. Nf3 Nbd7 8. Nh4 e6 9. Bd2 Qb6 10. O-O-O Qd4 11. Nxg6 hxg6 12. Bc3 Qa4 13. Kb1 Nd5 14. Bd2 Bb4 15. c3 Be7 16. d4 b5 17. Ne4 Rh4 18. f3 N7b6 19. g3 Rh5 20. Bc1 e5 21. f4 exf4 22. Bxf4 Kf8 23. Bg2 Re8 24. Qd3 Nc4 25. Ka1 Na5 26. Bf3 Nxf4 27. gxf4 Rh3 28. Qf1 Rh6 29. Qg2 b4 30. cxb4 Bxb4 31. Nc5 Bxc5 32. dxc5 Qxf4 33. Bxc6 Nxc6 34. Qxc6 Rxh2 35. Rhe1 Qb8 36. Rxe8+ Qxe8 37. Qd6+ 1-0,2661.0
 Blitz ,condansator3,AntoineBriet,1-0,2016.07.03,20:48:59,2665,2652,10.0,-11.0,B26,Sicilian Defense: Closed Variation,180+0,Normal,1. e4 c5 2. Nc3 g6 3. g3 Bg7 4. Bg2 Nc6 5. d3 d6 6. Be3 e5 7. Nh3 Nge7 8. O-O O-O 9. Qd2 Nd4 10. f4 b5 11. Nf2 b4 12. Ncd1 a5 13. c3 Ndc6 14. fxe5 Nxe5 15. Bh6 Ba6 16. Bxg7 Kxg7 17. Ne3 N7c6 18. Nd5 Ne7 19. c4 N5c6 20. Ng4 Ng8 21. Ndf6 Ne5 22. Nxe5 Nxf6 23. Nc6 Qc7 24. Rxf6 Kxf6 25. Qh6 Qxc6 26. e5+ dxe5 27. Bxc6 Rad8 28. Rf1+ Ke7 29. Bd5 Rxd5 30. cxd5 Bxd3 31. Rd1 e4 32. d6+ 1-0,2658.5
 Blitz ,AntoineBriet,condansator3,0-1,2016.07.03,20:52:57,2641,2675,-11.0,10.0,B33,"Sicilian Defense: Lasker-Pelikan Variation, Sveshnikov Variation, Chelyabinsk Variation",180+0,Normal,1. e4 { [%eval 0.34] } 1... c5 { [%eval 0.37] } 2. Nf3 { [%eval 0.31] } 2... Nc6 { [%eval 0.42] } 3. d4 { [%eval 0.25] } 3... cxd4 { [%eval 0.27] } 4. Nxd4 { [%eval 0.28] } 4... e5 { [%eval 0.16] } 5. Nb5 { [%eval 0.29] } 5... d6 { [%eval 0.24] } 6. N1c3 { [%eval 0.3] } 6... a6 { [%eval 0.33] } 7. Na3 { [%eval -0.04] } 7... b5 { [%eval 0.28] } 8. Nd5 { [%eval 0.33] } 8... Nf6 { [%eval 0.29] } 9. Bg5 { [%eval 0.12] } 9... Be7 { [%eval 0.25] } 10. Bxf6 { [%eval 0.13] } 10... Bxf6 { [%eval 0.09] } 11. c3 { [%eval 0.21] } 11... O-O { [%eval 0.19] } 12. Nc2 { [%eval 0.14] } 12... Be6 { [%eval 0.14] } 13. Nxf6+ { [%eval 0.05] } 13... gxf6?! { [%eval 0.97] } 14. Ne3 { [%eval 0.87] } 14... Ne7 { [%eval 1.1] } 15. Bd3 { [%eval 1.06] } 15... Kh8 { [%eval 1.13] } 16. Qh5 { [%eval 0.96] } 16... Rg8 { [%eval 0.92] } 17. O-O { [%eval 0.91] } 17... Ng6 { [%eval 0.87] } 18. Bc2?! { [%eval 0.13] } 18... Nf4 { [%eval 0.22] } 19. Qf3 { [%eval 0.21] } 19... Qf8? { [%eval 1.21] } 20. g3 { [%eval 1.22] } 20... Qh6 { [%eval 1.2] } 21. Kh1? { [%eval -0.35] } 21... Nh3? { [%eval 1.13] } 22. Qg2? { [%eval 0.0] } 22... Rg5?! { [%eval 0.67] } 23. Rad1? { [%eval -0.92] } 23... Rag8?! { [%eval -0.29] } 24. Rd2? { [%eval -1.85] } 24... Nf4 { [%eval -1.93] } 25. Qg1 { [%eval -1.96] } 25... Nh3 { [%eval -1.75] } 26. Qg2 { [%eval -1.46] } 26... Nf4 { [%eval -0.8] } 27. Qg1 { [%eval -0.71] } 27... Bh3? { [%eval 0.56] } 28. Rfd1?? { [%eval -6.35] } 28... Rh5?? { [%eval 0.21] } 29. Rxd6?? { [%eval -5.14] } 29... Ne2 { [%eval -5.1] } 30. Qe1 { [%eval -3.9] } 30... Bg2+ { [%eval -3.63] } 31. Kxg2 { [%eval -3.59] } 31... Rxh2+ { [%eval -3.23] } 32. Kf1?? { [%eval #-4] } 32... Nxg3+?! { [%eval #-4] } 33. fxg3 { [%eval #-4] } 33... Qh3+ { [%eval #-3] } 34. Kg1 { [%eval #-3] } 34... Rxg3+ { [%eval #-2] } 35. Qxg3 { [%eval #-2] } 35... Qxg3+ { [%eval #-1] } 36. Kf1 { [%eval #-1] } 36... Qf2# 0-1,2658.0
 Blitz ,condansator3,AntoineBriet,0-1,2016.07.03,20:57:53,2685,2630,-12.0,14.0,B26,Sicilian Defense: Closed Variation,180+0,Normal,1. e4 { [%eval 0.21] } 1... c5 { [%eval 0.25] } 2. Nc3 { [%eval 0.28] } 2... g6 { [%eval 0.3] } 3. g3 { [%eval -0.06] } 3... Bg7 { [%eval 0.01] } 4. Bg2 { [%eval -0.02] } 4... Nc6 { [%eval 0.01] } 5. d3 { [%eval 0.06] } 5... d6 { [%eval 0.14] } 6. Be3 { [%eval 0.13] } 6... e5 { [%eval 0.0] } 7. Nh3 { [%eval -0.07] } 7... Nge7 { [%eval 0.0] } 8. O-O { [%eval 0.0] } 8... O-O { [%eval -0.04] } 9. f4 { [%eval 0.05] } 9... Nd4 { [%eval 0.0] } 10. Qd2 { [%eval 0.0] } 10... b5 { [%eval 0.0] } 11. Nd1 { [%eval -0.11] } 11... b4 { [%eval 0.19] } 12. c3 { [%eval 0.05] } 12... Ndc6 { [%eval 0.2] } 13. Ndf2 { [%eval -0.23] } 13... a5 { [%eval -0.35] } 14. g4 { [%eval -0.5] } 14... exf4 { [%eval -0.44] } 15. Nxf4 { [%eval -0.47] } 15... Ne5 { [%eval -0.27] } 16. h3 { [%eval -0.41] } 16... Bb7 { [%eval 0.08] } 17. g5 { [%eval -0.25] } 17... a4?! { [%eval 0.31] } 18. a3 { [%eval -0.13] } 18... bxc3 { [%eval -0.09] } 19. bxc3 { [%eval -0.07] } 19... N7c6 { [%eval -0.07] } 20. Rab1 { [%eval -0.44] } 20... Na5 { [%eval 0.0] } 21. Qe2 { [%eval 0.0] } 21... Nb3 { [%eval 0.0] } 22. h4 { [%eval 0.0] } 22... Bc6 { [%eval 0.06] } 23. N2h3?! { [%eval -0.86] } 23... Qa5 { [%eval -0.7] } 24. d4? { [%eval -3.09] } 24... Bb5 { [%eval -3.14] } 25. Qf2?? { [%eval -6.59] } 25... Ng4 { [%eval -6.56] } 26. Qg3 { [%eval -6.53] } 26... Nxe3 { [%eval -6.46] } 27. Qxe3 { [%eval -6.49] } 27... cxd4 { [%eval -6.16] } 28. Qg3?! { [%eval -6.76] } 28... Bxf1 { [%eval -6.61] } 29. Bxf1? { [%eval -7.74] } 29... dxc3 { [%eval -7.73] } 30. Bd3 { [%eval -7.66] } 30... Qc5+ { [%eval -7.35] } 31. Nf2 { [%eval -7.76] } 31... c2 { [%eval -7.68] } 32. Bxc2 { [%eval -7.56] } 32... Qxc2 { [%eval -7.36] } 33. Rf1? { [%eval -8.84] } 33... Be5? { [%eval -7.38] } 34. Ng4 { [%eval -7.58] } 34... Bd4+ { [%eval -7.55] } 35. Kh1 { [%eval -7.44] } 35... Qxe4+ { [%eval -7.53] } 36. Kh2? { [%eval -9.41] } 36... Rac8?! { [%eval -8.54] } 37. h5? { [%eval -12.72] } 37... Rc2+ { [%eval -10.2] } 38. Kh3 { [%eval -16.75] } 38... Rc3 { [%eval -16.26] } 0-1,2657.5
 Blitz ,AntoineBriet,condansator3,0-1,2016.07.03,21:02:45,2644,2673,-11.0,10.0,B16,Caro-Kann Defense: Bronstein-Larsen Variation,180+0,Normal,1. e4 { [%eval 0.23] } 1... c6 { [%eval 0.35] } 2. d4 { [%eval 0.39] } 2... d5 { [%eval 0.37] } 3. Nc3 { [%eval 0.32] } 3... dxe4 { [%eval 0.35] } 4. Nxe4 { [%eval 0.33] } 4... Nf6 { [%eval 0.46] } 5. Nxf6+ { [%eval 0.31] } 5... gxf6 { [%eval 0.78] } 6. c3 { [%eval 0.72] } 6... Bf5 { [%eval 0.74] } 7. Nf3 { [%eval 0.71] } 7... Qd5 { [%eval 0.88] } 8. c4 { [%eval 0.48] } 8... Qa5+ { [%eval 0.65] } 9. Bd2 { [%eval 0.67] } 9... Qc7 { [%eval 0.83] } 10. Nh4 { [%eval 0.74] } 10... Be6 { [%eval 1.17] } 11. f4 { [%eval 0.81] } 11... f5 { [%eval 1.08] } 12. Bd3 { [%eval 0.7] } 12... Qd7 { [%eval 1.08] } 13. Qh5? { [%eval 0.0] } 13... Qxd4 { [%eval 0.0] } 14. Bc3? { [%eval -1.31] } 14... Qxd3 { [%eval -1.06] } 15. Bxh8 { [%eval -1.05] } 15... Bxc4 { [%eval -1.1] } 16. Qf3?! { [%eval -1.93] } 16... Qc2 { [%eval -1.52] } 17. Qe3?! { [%eval -2.34] } 17... e6? { [%eval -0.87] } 18. Qd2? { [%eval -2.64] } 18... Qe4+ { [%eval -2.3] } 19. Kf2? { [%eval -5.22] } 19... Bc5+ { [%eval -5.12] } 20. Kg3 { [%eval -4.89] } 20... Be3 { [%eval -4.32] } 0-1,2658.5
 Blitz ,condansator3,AntoineBriet,0-1,2016.07.03,21:06:01,2683,2633,-12.0,14.0,B22,"Sicilian Defense: Alapin Variation, Smith-Morra Declined",180+0,Normal,1. e4 c5 2. c3 Nf6 3. e5 Nd5 4. d4 cxd4 5. cxd4 d6 6. Nf3 Nc6 7. Bc4 Nb6 8. Bb5 dxe5 9. Nxe5 Bd7 10. Bxc6 Bxc6 11. Nxc6 bxc6 12. O-O e6 13. Nc3 Be7 14. Qg4 O-O 15. Bh6 Bf6 16. Rfd1 Kh8 17. Be3 Rc8 18. Ne4 Be7 19. Rac1 f5 0-1,2658.0
 Blitz ,Voat,condansator3,0-1,2016.07.03,22:23:13,2638,2671,-11.0,10.0,B12,"Caro-Kann Defense: Advance Variation, Botvinnik-Carls Defense",180+0,Normal,1. e4 c6 2. d4 d5 3. e5 c5 4. Nf3 cxd4 5. Nxd4 e6 6. Nd2 Nd7 7. N2f3 a6 8. Bd3 Qc7 9. Bf4 Ne7 10. Qe2 Ng6 11. Bg3 Bc5 12. O-O b5 13. c3 Bb7 14. Rfe1 Ne7 15. b4 Ba7 16. a4 bxa4 17. Rec1 Nb6 18. Ng5 Ng6 19. h4 h6 20. Ngxe6 fxe6 21. Bxg6+ Ke7 22. h5 Qd7 23. Qf3 Kd8 24. Qg4 Bc8 25. Bh4+ Kc7 26. Bd3 Nc4 27. Rxa4 Qxa4 28. Qxg7+ Bd7 29. Nxe6+ Kb7 30. Nf4 Rag8 31. Qe7 Qc6 32. Nxd5 Qxd5 33. Bg3 Rxg3 34. Be4 Qxe4 35. Qxd7+ Ka8 36. Qxa7+ Kxa7 37. fxg3 Qe3+ 38. Kh2 Qxc1 39. e6 Qxc3 40. Kh3 Qxb4 41. Kg4 Rg8+ 42. Kf5 Nd6+ 43. Kf6 Qd4+ 44. Ke7 Nc8+ 45. Kf7 Qg7# 0-1,2654.5
 Blitz ,Borsani,JusticeBot,0-1,2016.07.04,04:39:35,2667,2649,-15.0,13.0,B06,Modern Defense: Two Knights Variation,180+0,Normal,1. e4 { [%eval 0.19] } 1... g6 { [%eval 0.49] } 2. d4 { [%eval 0.56] } 2... Bg7 { [%eval 0.75] } 3. Nc3 { [%eval 0.47] } 3... d6 { [%eval 0.61] } 4. Nf3 { [%eval 0.54] } 4... e6 { [%eval 0.72] } 5. h4 { [%eval 0.49] } 5... h6 { [%eval 0.69] } 6. Bf4 { [%eval 0.6] } 6... Ne7 { [%eval 0.69] } 7. Qd2 { [%eval 0.67] } 7... Nd7 { [%eval 0.69] } 8. O-O-O { [%eval 0.68] } 8... a6 { [%eval 0.65] } 9. Kb1 { [%eval 0.63] } 9... b6 { [%eval 0.81] } 10. g4 { [%eval 0.72] } 10... Bb7 { [%eval 0.69] } 11. Bg2 { [%eval 0.73] } 11... Qc8 { [%eval 0.81] } 12. Rhe1 { [%eval 0.87] } 12... Qd8 { [%eval 0.84] } 13. e5 { [%eval 0.58] } 13... d5 { [%eval 0.64] } 14. Bh3 { [%eval 0.6] } 14... Qc8 { [%eval 0.61] } 15. Ne2 { [%eval 0.58] } 15... Qd8 { [%eval 0.74] } 16. c3 { [%eval 0.68] } 16... Qc8?! { [%eval 1.2] } 17. Ng3 { [%eval 0.72] } 17... Qd8 { [%eval 1.21] } 18. Bg2 { [%eval 0.86] } 18... Qc8?! { [%eval 1.51] } 19. Bh3?! { [%eval 0.6] } 19... Qd8 { [%eval 1.08] } 20. Bg2 { [%eval 0.71] } 20... Qb8?! { [%eval 1.44] } 21. Bh3? { [%eval 0.0] } 21... Qa7? { [%eval 1.4] } 22. Bg2?! { [%eval 0.77] } 22... b5 { [%eval 0.94] } 23. h5 { [%eval 0.93] } 23... g5 { [%eval 1.01] } 24. Nxg5 { [%eval 0.86] } 24... hxg5 { [%eval 0.83] } 25. Bxg5 { [%eval 0.77] } 25... Bf8 { [%eval 0.77] } 26. f4 { [%eval 1.01] } 26... Nb6? { [%eval 2.31] } 27. Qf2?! { [%eval 1.57] } 27... Nc4? { [%eval 3.2] } 28. Bf6 { [%eval 3.42] } 28... Rg8 { [%eval 3.35] } 29. g5 { [%eval 3.34] } 29... Qb6?! { [%eval 3.87] } 30. h6 { [%eval 3.93] } 30... b4 { [%eval 4.45] } 31. cxb4 { [%eval 4.29] } 31... Qxb4? { [%eval 5.5] } 32. h7 { [%eval 5.13] } 32... Rh8? { [%eval 8.01] } 33. Bxh8 { [%eval 8.26] } 33... Ng6 { [%eval 8.15] } 34. Bf6 { [%eval 7.93] } 34... Rb8 { [%eval 7.96] } 35. h8=Q?? { [%eval 4.01] } 35... Nxh8 { [%eval 4.64] } 36. Bxh8?! { [%eval 4.02] } 36... Bc6 { [%eval 4.31] } 37. Bf6?? { [%eval -3.68] } 37... Nxb2 { [%eval -2.73] } 38. Rh1?? { [%eval #-3] } 38... Nxd1+?! { [%eval #-3] } 39. Kc1 { [%eval #-2] } 0-1,2658.0
 Bullet ,cemilchess,smurf42,1-0,2016.07.04,22:40:13,2758,2726,10.0,-10.0,B06,Modern Defense,60+0,Normal,1. e4 { [%eval 0.4] } 1... g6 { [%eval 0.65] } 2. Nf3 { [%eval 0.65] } 2... Bg7 { [%eval 0.67] } 3. Nc3 { [%eval 0.43] } 3... c5 { [%eval 0.21] } 4. Bc4 { [%eval 0.17] } 4... e6?! { [%eval 0.79] } 5. d3?! { [%eval 0.24] } 5... Ne7 { [%eval 0.29] } 6. h4 { [%eval -0.12] } 6... h5 { [%eval 0.22] } 7. Ng5 { [%eval -0.16] } 7... Nbc6 { [%eval -0.14] } 8. O-O { [%eval -0.09] } 8... O-O { [%eval -0.31] } 9. Bf4 { [%eval -0.54] } 9... d5 { [%eval -0.49] } 10. Bb3 { [%eval -0.43] } 10... d4 { [%eval -0.21] } 11. Ne2 { [%eval -0.31] } 11... Na5 { [%eval -0.26] } 12. Bd2 { [%eval -0.29] } 12... Nxb3 { [%eval -0.2] } 13. axb3 { [%eval -0.31] } 13... a6?! { [%eval 0.23] } 14. f4?! { [%eval -0.27] } 14... f6 { [%eval -0.18] } 15. Nf3 { [%eval -0.23] } 15... f5?! { [%eval 0.41] } 16. b4 { [%eval -0.07] } 16... b6 { [%eval 0.41] } 17. bxc5 { [%eval 0.37] } 17... bxc5 { [%eval 0.39] } 18. Ng5 { [%eval 0.39] } 18... Bf6 { [%eval 0.49] } 19. Ng3 { [%eval 0.31] } 19... Bxg5 { [%eval 0.47] } 20. hxg5 { [%eval 0.37] } 20... Kg7?! { [%eval 0.94] } 21. c3 { [%eval 0.59] } 21... Bb7 { [%eval 0.66] } 22. Re1 { [%eval 0.57] } 22... h4 { [%eval 0.56] } 23. Nf1 { [%eval 0.47] } 23... fxe4 { [%eval 0.93] } 24. dxe4 { [%eval 0.76] } 24... Rh8?! { [%eval 1.49] } 25. Nh2 { [%eval 1.59] } 25... h3 { [%eval 1.8] } 26. cxd4 { [%eval 1.77] } 26... Qxd4+ { [%eval 1.77] } 27. Be3? { [%eval -0.51] } 27... Qxb2? { [%eval 0.86] } 28. Re2 { [%eval 0.79] } 28... Qc3 { [%eval 0.89] } 29. Bc1?! { [%eval 0.18] } 29... Rad8? { [%eval 2.26] } 30. Bb2 { [%eval 2.25] } 30... Rxd1+ { [%eval 1.93] } 31. Rxd1 { [%eval 2.19] } 31... Qxb2 { [%eval 2.17] } 32. Rxb2 { [%eval 2.08] } 32... Bxe4 { [%eval 2.06] } 33. Rd7 { [%eval 1.94] } 33... Kf7 { [%eval 2.08] } 34. Ng4 { [%eval 1.81] } 34... hxg2?? { [%eval #4] } 35. Ne5+ { [%eval #3] } 1-0,2742.0
 Bullet ,smurf42,cemilchess,0-1,2016.07.04,22:42:05,2716,2768,-10.0,10.0,A01,Nimzo-Larsen Attack: Modern Variation #2,60+0,Normal,1. b3 e5 2. Bb2 d6 3. Nf3 g6 4. d4 Bg7 5. dxe5 Nd7 6. Nbd2 Nxe5 7. Nxe5 dxe5 8. Ne4 Qe7 9. e3 f5 10. Nc3 Nf6 11. Nd5 Nxd5 12. Qxd5 c6 13. Qa5 b6 14. Qa4 b5 15. Qa5 e4 16. O-O-O O-O 17. Be2 Be6 18. Rd2 Rfd8 19. Rhd1 Rxd2 20. Rxd2 Bxb2+ 21. Kxb2 Kf7 22. g3 h5 23. h4 Qf6+ 24. c3 Qe5 25. Qa6 Qc7 26. Rd4 Qb6 27. Qa3 c5 28. Rd2 a6 29. Kc2 Rc8 30. Qc1 Qa5 31. Kb2 c4 32. b4 Qc7 33. Qd1 a5 34. a3 axb4 35. axb4 Ra8 36. Qb1 Qe5 37. Kc2 Ra3 38. Rd4 Qb8 39. Qb2 Qa7 40. Kb1 Rb3 41. Qxb3 cxb3 42. Kb2 Qa2+ 43. Kc1 Qc2# 0-1,2742.0
 Bullet ,cemilchess,smurf42,1-0,2016.07.04,22:48:28,2751,2732,11.0,-10.0,B23,Sicilian Defense: Closed Variation,60+0,Normal,1. e4 c5 2. Nc3 g6 3. Nf3 Bg7 4. d4 Nc6 5. d5 Nd4 6. Be3 Nxf3+ 7. gxf3 d6 8. Qd2 Bd7 9. h4 h5 10. f4 Qa5 11. f5 gxf5 12. Rg1 Bf6 13. f3 Bxh4+ 14. Bf2 Bxf2+ 15. Qxf2 Nf6 16. O-O-O b5 17. e5 dxe5 18. Qxc5 Rc8 19. Qe3 b4 20. Nb1 Qxa2 21. Qxe5 Ba4 22. Rg2 Rg8 23. d6 Qe6 24. Bb5+ Bxb5 25. Qxb5+ Qd7 26. Rxg8+ Nxg8 27. Qxb4 Nf6 28. Re1 e6 29. Nc3 Qxd6 30. Qxd6 1-0,2741.5
 Bullet ,smurf42,cemilchess,0-1,2016.07.04,22:50:03,2722,2762,-10.0,10.0,A40,Englund Gambit,60+0,Normal,1. d4 { [%eval 0.14] } 1... e5?! { [%eval 0.83] } 2. dxe5 { [%eval 0.88] } 2... Nc6 { [%eval 0.85] } 3. Nf3 { [%eval 0.57] } 3... d6 { [%eval 0.67] } 4. Nc3 { [%eval 0.49] } 4... Bg4?! { [%eval 1.03] } 5. exd6 { [%eval 0.76] } 5... Bxd6 { [%eval 0.79] } 6. Bg5 { [%eval 0.68] } 6... Qd7 { [%eval 0.92] } 7. h3 { [%eval 0.95] } 7... Bh5 { [%eval 1.15] } 8. Qd2?! { [%eval 0.61] } 8... h6 { [%eval 0.72] } 9. Qe3+ { [%eval 0.79] } 9... Nge7 { [%eval 0.75] } 10. Bf4?! { [%eval -0.08] } 10... O-O-O?! { [%eval 0.57] } 11. O-O-O { [%eval 0.4] } 11... Nf5 { [%eval 0.59] } 12. Qd2 { [%eval 0.36] } 12... Qe6 { [%eval 0.31] } 13. Bxd6 { [%eval 0.0] } 13... Rxd6 { [%eval 0.0] } 14. Qf4 { [%eval 0.0] } 14... Rxd1+ { [%eval 0.0] } 15. Kxd1 { [%eval 0.0] } 15... Rd8+ { [%eval 0.0] } 16. Kc1 { [%eval 0.0] } 16... Bxf3 { [%eval 0.0] } 17. gxf3 { [%eval 0.0] } 17... Rd4?! { [%eval 0.94] } 18. e4 { [%eval 0.79] } 18... Nd6 { [%eval 1.19] } 19. Rg1?! { [%eval 0.67] } 19... g5 { [%eval 0.77] } 20. Qg4?! { [%eval 0.07] } 20... f5 { [%eval 0.03] } 21. Qh5?! { [%eval -0.47] } 21... Nb4 { [%eval -0.28] } 22. a3?? { [%eval -4.46] } 22... Na2+ { [%eval -4.17] } 23. Kb1?! { [%eval -4.98] } 23... Nxc3+ { [%eval -5.09] } 24. bxc3 { [%eval -4.86] } 24... Rd1+ { [%eval -4.96] } 25. Kb2 { [%eval -4.83] } 25... Nxe4 { [%eval -4.73] } 26. Bb5 { [%eval -4.74] } 26... Rxg1 { [%eval -4.61] } 27. fxe4 { [%eval -4.46] } 27... a6? { [%eval -3.05] } 28. Ba4?? { [%eval -6.19] } 28... Qxe4 { [%eval -5.92] } 29. Qf7?! { [%eval -6.89] } 29... b5? { [%eval -4.31] } 30. Qf8+?? { [%eval -7.74] } 30... Kb7 { [%eval -7.63] } 31. Bb3? { [%eval -8.85] } 31... Rd1?? { [%eval -4.49] } 32. Qc5 { [%eval -4.4] } 32... Qh1 { [%eval -4.68] } 33. c4 { [%eval -4.6] } 33... Rb1+ { [%eval -4.38] } 34. Kc3?? { [%eval #-2] } 34... Qe1+ { [%eval #-1] } 35. Kd4 { [%eval #-1] } 35... Rd1# 0-1,2742.0
 Bullet ,smurf42,cemilchess,1-0,2016.07.04,22:54:23,2725,2759,12.0,-12.0,A43,Benoni Defense: Benoni-Indian Defense,60+0,Normal,1. d4 c5 2. d5 Nf6 3. Nc3 g6 4. e4 Bg7 5. e5 Ng8 6. f4 d6 7. Nf3 dxe5 8. fxe5 Nd7 9. e6 Ne5 10. Nxe5 Bxe5 11. Bb5+ Kf8 12. O-O Nf6 13. Bh6+ Kg8 14. exf7+ Kxf7 15. Qe2 Qd6 16. Ne4 Bd4+ 17. Kh1 Qe5 18. c3 Bf5 19. Ng5+ 1-0,2742.0
 Bullet ,cemilchess,smurf42,1-0,2016.07.04,22:55:22,2747,2737,11.0,-11.0,A00,Kadas Opening,60+0,Normal,1. h4 d5 2. h5 h6 3. a4 Nf6 4. a5 a6 5. b3 Bg4 6. Bb2 Nbd7 7. Nf3 Bxh5 8. Ne5 Nxe5 9. Bxe5 Bg6 10. e3 e6 11. Bb2 Be7 12. d3 c5 13. Nd2 Qc7 14. Nf3 Rd8 15. Ne5 Bh7 16. Be2 Bd6 17. f4 Nd7 18. Nxd7 Qxd7 19. Bxg7 Rg8 20. Bf6 Be7 21. Bb2 Bf8 22. Bf3 Qb5 23. Qe2 Qb4+ 24. Qd2 Qb5 25. g4 Bg6 26. Bf6 Rc8 27. c4 Qxb3 28. cxd5 Bxd3 29. Kf2 Qc2 30. Qxc2 Bxc2 31. dxe6 fxe6 32. Bxb7 Rb8 33. Bxa6 Rb2 34. Bxb2 1-0,2742.0
 Bullet ,smurf42,cemilchess,1-0,2016.07.04,22:56:40,2726,2758,12.0,-12.0,A40,Queen's Pawn,60+0,Normal,1. d4 { [%eval 0.15] } 1... a5?! { [%eval 0.74] } 2. e4 { [%eval 0.74] } 2... a4 { [%eval 0.94] } 3. a3 { [%eval 0.65] } 3... e6 { [%eval 0.77] } 4. Nc3 { [%eval 0.91] } 4... Nf6 { [%eval 0.96] } 5. Bg5 { [%eval 0.6] } 5... Be7 { [%eval 0.77] } 6. Nf3 { [%eval 0.66] } 6... h6 { [%eval 0.63] } 7. Bh4 { [%eval 0.62] } 7... Nxe4? { [%eval 3.03] } 8. Bxe7 { [%eval 2.98] } 8... Nxc3?! { [%eval 3.65] } 9. Bxd8 { [%eval 3.68] } 9... Nxd1 { [%eval 3.79] } 10. Bxc7 { [%eval 3.73] } 10... Nxb2 { [%eval 3.76] } 11. Rb1 { [%eval 4.02] } 11... Na6 { [%eval 4.38] } 12. Bg3 { [%eval 4.12] } 12... Nb4 { [%eval 4.22] } 13. Rxb2 { [%eval 4.06] } 13... Nd5 { [%eval 4.41] } 14. c4 { [%eval 4.34] } 14... Ne7 { [%eval 4.32] } 15. Bd3 { [%eval 3.94] } 15... Nf5?! { [%eval 4.63] } 16. Bxf5 { [%eval 4.7] } 16... exf5 { [%eval 4.63] } 17. Bd6 { [%eval 4.69] } 17... f6 { [%eval 4.62] } 18. O-O { [%eval 4.55] } 18... Kf7 { [%eval 4.54] } 19. Re1 { [%eval 4.23] } 19... Re8? { [%eval 5.47] } 20. Rbe2? { [%eval 3.53] } 20... Re6 { [%eval 3.64] } 21. c5 { [%eval 3.37] } 21... b6? { [%eval 4.37] } 22. Rxe6 { [%eval 4.25] } 22... dxe6 { [%eval 4.06] } 23. cxb6 { [%eval 3.98] } 23... Ra5?! { [%eval 4.52] } 24. Rc1 { [%eval 4.35] } 24... Bb7?? { [%eval 10.38] } 25. Rc7+ { [%eval 10.11] } 25... Kg6 { [%eval 11.31] } 26. Rxb7 { [%eval 11.03] } 26... Rb5 { [%eval 11.1] } 27. Bb4 { [%eval 10.06] } 1-0,2742.0
 Blitz ,arne1988,Voat,1-0,2016.07.05,14:18:29,2706,2606,9.0,-9.0,E81,"King's Indian Defense: Saemisch Variation, Normal Defense",180+0,Normal,1. d4 Nf6 2. c4 g6 3. Nc3 Bg7 4. e4 O-O 5. f3 d6 6. Be3 c5 7. Nge2 Nc6 8. d5 Ne5 9. Ng3 h5 10. Be2 h4 11. Nf1 e6 12. f4 Nxc4 13. Bxc4 b5 14. Bxb5 exd5 15. exd5 Rb8 16. Qe2 Bg4 17. Qc4 a6 18. Bc6 Rxb2 19. h3 Bh5 20. Nd2 Qa5 21. Nb3 Rxb3 22. Qxb3 Ne4 23. O-O Bxc3 24. Rab1 Ng3 25. Rf2 Bf6 26. f5 Be2 27. fxg6 fxg6 28. Qc2 Qc3 29. Qxg6+ Bg7 30. Rxf8+ Kxf8 31. Qe8# 1-0,2656.0
 Blitz ,Voat,arne1988,1-0,2016.07.05,14:22:32,2597,2715,16.0,-16.0,B12,"Caro-Kann Defense: Advance Variation, Short Variation",180+0,Normal,1. e4 c6 2. d4 d5 3. e5 Bf5 4. Nf3 e6 5. Be2 Nd7 6. O-O Ne7 7. Nbd2 h6 8. Nb3 a6 9. Bd2 Bh7 10. a4 Nf5 11. a5 c5 12. Nxc5 Nxc5 13. dxc5 Bxc5 14. b4 Ba7 15. c4 dxc4 16. Qa4+ Qd7 17. Qxd7+ Kxd7 18. Bxc4 Rac8 19. Bb3 Ke7 20. Rac1 Nd4 21. Nxd4 Bxd4 22. b5 Bd3 23. Bb4+ Kd7 24. Rcd1 Bxf1 25. Rxd4+ Ke8 26. Kxf1 axb5 27. Ke2 Rd8 28. Bd6 Kd7 29. Rb4 Kc6 30. Bc2 f5 31. Bd3 Ra8 32. Bxb5+ Kd5 33. Bc4+ Kd4 34. Bxe6+ Kc3 35. Rb3+ Kc2 36. Ra3 g6 37. Bb4 Rhe8 38. Bc4 Rxe5+ 39. Kf3 Rd8 40. Ra2+ Kb1 41. Bc3 Rc5 42. Rb2+ Kc1 43. Rb4 Rdc8 44. Bb2+ Kc2 45. Bf7 Rxa5 46. Bxg6 b5 47. Bxf5+ Kd2 48. Bxc8 1-0,2656.0
 Blitz ,jitanu76,newbegginner53,1-0,2016.07.05,17:33:05,2725,2644,9.0,-10.0,D02,Queen's Pawn Game: Chigorin Variation,180+1,Normal,1. Nf3 { [%eval 0.12] } 1... Nc6 { [%eval 0.27] } 2. d4 { [%eval 0.29] } 2... d5 { [%eval 0.45] } 3. Bf4 { [%eval 0.12] } 3... Bg4 { [%eval 0.11] } 4. Nbd2 { [%eval 0.07] } 4... e6 { [%eval 0.13] } 5. e3 { [%eval 0.15] } 5... Nf6 { [%eval 0.31] } 6. h3 { [%eval 0.24] } 6... Bh5 { [%eval 0.24] } 7. Bb5 { [%eval 0.22] } 7... Bd6 { [%eval 0.28] } 8. g4 { [%eval 0.36] } 8... Bg6 { [%eval 0.51] } 9. Ne5 { [%eval 0.47] } 9... Bxe5 { [%eval 0.38] } 10. Bxe5 { [%eval 0.38] } 10... O-O { [%eval 0.42] } 11. Bxc6 { [%eval 0.53] } 11... bxc6 { [%eval 0.38] } 12. Nb3?! { [%eval -0.15] } 12... Nd7 { [%eval -0.23] } 13. Bg3 { [%eval -0.17] } 13... Rc8?! { [%eval 0.46] } 14. Qd2 { [%eval 0.42] } 14... Qe7 { [%eval 0.61] } 15. O-O-O?! { [%eval -0.23] } 15... c5 { [%eval -0.18] } 16. Qa5 { [%eval -0.46] } 16... c4 { [%eval -0.48] } 17. Nc5 { [%eval -0.52] } 17... Nxc5 { [%eval -0.52] } 18. Qxc5 { [%eval -0.46] } 18... Qxc5 { [%eval 0.01] } 19. dxc5 { [%eval 0.07] } 19... Be4 { [%eval 0.0] } 20. Rhg1 { [%eval 0.0] } 20... f6 { [%eval 0.03] } 21. b3 { [%eval 0.03] } 21... cxb3 { [%eval 0.22] } 22. axb3 { [%eval 0.03] } 22... e5 { [%eval 0.16] } 23. f4 { [%eval 0.14] } 23... exf4 { [%eval 0.11] } 24. Bxf4 { [%eval 0.1] } 24... c6 { [%eval 0.33] } 25. Kb2 { [%eval 0.17] } 25... Rf7 { [%eval 0.19] } 26. Ra1 { [%eval 0.0] } 26... Re8 { [%eval 0.36] } 27. g5 { [%eval 0.0] } 27... fxg5 { [%eval 0.0] } 28. Rxg5 { [%eval -0.03] } 28... h6 { [%eval 0.12] } 29. Rgg1 { [%eval 0.0] } 29... Kh7 { [%eval 0.0] } 30. h4 { [%eval 0.0] } 30... d4 { [%eval 0.0] } 31. Rg3 { [%eval 0.0] } 31... Bg6 { [%eval 0.06] } 32. Rag1 { [%eval -0.17] } 32... Be4 { [%eval -0.04] } 33. Bd6 { [%eval -0.13] } 33... dxe3?! { [%eval 0.56] } 34. Rxe3 { [%eval 0.36] } 34... Rf2?? { [%eval 3.81] } 35. Rge1 { [%eval 3.79] } 35... Rxc2+ { [%eval 3.77] } 36. Ka3 { [%eval 3.46] } 1-0,2684.5
 Blitz ,newbegginner53,jitanu76,1/2-1/2,2016.07.05,17:38:52,2634,2734,4.0,-3.0,D38,"Queen's Gambit Declined: Ragozin Defense, Alekhine Variation",180+1,Normal,1. d4 Nf6 2. c4 e6 3. Nf3 d5 4. Nc3 Bb4 5. Qa4+ Nc6 6. Ne5 O-O 7. Nxc6 Bxc3+ 8. bxc3 bxc6 9. Qxc6 Bd7 10. Qa6 Ne4 11. Qa3 Qf6 12. Be3 dxc4 13. f3 Nd6 14. Bf2 Nb5 15. Qc1 c5 16. e3 cxd4 17. exd4 Rac8 18. a4 Nd6 19. Be2 Bc6 20. O-O Bd5 21. Qa3 Nf5 22. Rab1 h5 23. Qc1 Ne7 24. Qe3 Ng6 25. Be1 h4 26. Bd2 Rb8 27. Qg5 Qxg5 28. Bxg5 f6 29. Be3 Rfc8 30. Rfc1 Kf7 31. Kf2 Ke7 32. Ke1 Kd7 33. Kd2 Kc6 34. Rb4 a5 35. Rbb1 e5 36. dxe5 Nxe5 37. Bd4 Rb3 38. Bxe5 fxe5 39. Rxb3 cxb3 40. c4 Be6 41. Kc3 Rb8 42. Rb1 Rb4 43. Rxb3 Rxa4 44. Bd3 Ra2 45. Be4+ Kd6 46. Rb6+ Ke7 47. g3 Rxh2 48. gxh4 Rxh4 49. Ra6 g5 50. Rxa5 g4 51. fxg4 Rxg4 1/2-1/2,2684.0
 Blitz ,RobertoJBMolina,jitanu76,1-0,2016.07.05,17:49:57,2578,2731,19.0,-16.0,E32,Nimzo-Indian Defense: Classical Variation,180+1,Normal,1. d4 { [%eval 0.18] } 1... Nf6 { [%eval 0.25] } 2. c4 { [%eval 0.25] } 2... e6 { [%eval 0.28] } 3. Nc3 { [%eval 0.11] } 3... Bb4 { [%eval 0.17] } 4. Qc2 { [%eval 0.17] } 4... O-O { [%eval 0.14] } 5. Bg5 { [%eval 0.03] } 5... c5 { [%eval 0.06] } 6. dxc5 { [%eval 0.15] } 6... Na6 { [%eval 0.03] } 7. a3 { [%eval 0.07] } 7... Bxa3?? { [%eval 3.94] } 8. Rxa3 { [%eval 3.6] } 1-0,2654.5
 Blitz ,fortresspieces,penguingim1,0-1,2016.07.06,03:26:39,2634,2674,-10.0,10.0,D02,Queen's Pawn Game: London System,180+0,Normal,1. d4 { [%eval 0.17] } 1... d5 { [%eval 0.16] } 2. Nf3 { [%eval 0.11] } 2... Nf6 { [%eval 0.12] } 3. Bf4 { [%eval 0.1] } 3... e6 { [%eval 0.24] } 4. e3 { [%eval 0.24] } 4... c5 { [%eval 0.22] } 5. h3 { [%eval -0.03] } 5... Nc6 { [%eval 0.0] } 6. dxc5 { [%eval -0.26] } 6... Bxc5 { [%eval -0.27] } 7. c3 { [%eval -0.36] } 7... O-O { [%eval -0.37] } 8. Be2 { [%eval -0.43] } 8... Bd6 { [%eval -0.44] } 9. Bxd6 { [%eval -0.43] } 9... Qxd6 { [%eval -0.34] } 10. O-O { [%eval -0.31] } 10... b6 { [%eval 0.07] } 11. Bd3 { [%eval -0.37] } 11... Bb7 { [%eval -0.43] } 12. Qe2 { [%eval -0.36] } 12... Rad8 { [%eval -0.33] } 13. Na3 { [%eval -0.46] } 13... Qe7 { [%eval -0.22] } 14. Rfd1 { [%eval -0.24] } 14... e5 { [%eval -0.37] } 15. Bf5? { [%eval -2.71] } 15... g6? { [%eval -0.44] } 16. Bc2 { [%eval -0.36] } 16... Kg7 { [%eval -0.31] } 17. Nh2 { [%eval -0.57] } 17... h5 { [%eval -0.45] } 18. Bb3 { [%eval -0.65] } 18... Rd7 { [%eval -0.39] } 19. f3 { [%eval -0.72] } 19... Rfd8 { [%eval -0.65] } 20. Rd2 { [%eval -0.69] } 20... Qc5 { [%eval -0.53] } 21. Rad1 { [%eval -0.6] } 21... d4 { [%eval -0.32] } 22. exd4 { [%eval -0.48] } 22... exd4 { [%eval -0.67] } 23. Qf2 { [%eval -0.6] } 23... Qg5?! { [%eval -0.01] } 24. cxd4 { [%eval 0.01] } 24... Na5 { [%eval 0.0] } 25. h4 { [%eval 0.0] } 25... Qf4 { [%eval 0.09] } 26. Ba4 { [%eval -0.25] } 26... Re7 { [%eval -0.28] } 27. g3 { [%eval -0.31] } 27... Qb8 { [%eval -0.12] } 28. Bc2 { [%eval -0.32] } 28... Nd5 { [%eval -0.12] } 29. Nf1 { [%eval -0.17] } 29... Rde8 { [%eval -0.13] } 30. Be4 { [%eval -0.27] } 30... Nb4? { [%eval 1.28] } 31. d5 { [%eval 0.94] } 31... Nxa2? { [%eval 2.0] } 32. Qd4+? { [%eval 0.6] } 32... Kg8?! { [%eval 1.32] } 33. Nc4? { [%eval -1.44] } 33... Nb4? { [%eval 0.53] } 34. Nxa5 { [%eval 0.57] } 34... bxa5 { [%eval 0.5] } 35. d6 { [%eval 0.02] } 35... Rd7 { [%eval 0.09] } 36. Bxb7 { [%eval 0.0] } 36... Qxb7 { [%eval 0.09] } 37. Qf4 { [%eval 0.0] } 37... Nc6 { [%eval 0.23] } 38. Ne3 { [%eval 0.23] } 38... Ne5 { [%eval 0.34] } 39. Nd5?! { [%eval -0.38] } 39... Rxd6 { [%eval -0.24] } 40. Nf6+? { [%eval -2.23] } 40... Rxf6 { [%eval -2.23] } 41. Qxf6 { [%eval -2.23] } 41... Nxf3+ { [%eval -2.23] } 42. Kf2 { [%eval -2.23] } 42... Nxd2 { [%eval -2.23] } 43. Rxd2 { [%eval -2.23] } 43... Qh1 { [%eval -2.23] } 44. Rd8 { [%eval -2.23] } 44... Qe1+ { [%eval -2.23] } 45. Kg2 { [%eval -2.23] } 45... Qe2+ { [%eval -2.23] } 46. Kh3 { [%eval -2.16] } 46... Rxd8? { [%eval -1.16] } 47. Qxd8+ { [%eval -1.16] } 47... Kh7 { [%eval -1.1] } 48. Qd4? { [%eval -2.16] } 48... Qe6+ { [%eval -2.16] } 49. Kg2 { [%eval -2.16] } 49... a6 { [%eval -2.16] } 50. Qf4 { [%eval -2.16] } 50... Qd5+ { [%eval -2.16] } 51. Qf3? { [%eval -4.55] } 51... Qe6? { [%eval -1.78] } 52. Qc3 { [%eval -2.16] } 52... Qd5+ { [%eval -2.16] } 53. Kf2 { [%eval -2.16] } 53... a4 { [%eval -2.16] } 54. Ke2?! { [%eval -2.72] } 54... Qb5+?! { [%eval -2.16] } 55. Kf2 { [%eval -2.16] } 55... Qf5+ { [%eval -1.97] } 56. Kg2 { [%eval -2.16] } 56... Qd7 { [%eval -2.15] } 57. Qa3 { [%eval -2.26] } 57... Kg7 { [%eval -2.15] } 58. Qc3+ { [%eval -2.15] } 58... Kg8 { [%eval -2.15] } 59. Kf2 { [%eval -2.15] } 59... Qa7+ { [%eval -1.87] } 60. Kg2 { [%eval -2.15] } 60... Qb7+ { [%eval -2.15] } 61. Kf2 { [%eval -2.15] } 61... Qb3 { [%eval -1.68] } 62. Qxb3?? { [%eval -10.77] } 62... axb3 { [%eval -10.36] } 63. Ke3 { [%eval -9.95] } 63... f6 { [%eval -9.68] } 64. Kd3 { [%eval -9.53] } 64... g5 { [%eval -6.41] } 65. Kc3?? { [%eval -20.82] } 65... f5 { [%eval -16.48] } 66. hxg5 { [%eval -39.77] } 66... f4 { [%eval -18.7] } 67. Kxb3 { [%eval -58.57] } 67... h4 { [%eval -39.77] } 68. gxf4 { [%eval -51.77] } 68... h3 { [%eval -49.15] } 69. Kc2 { [%eval -54.39] } 69... h2 { [%eval -50.15] } 70. Kd3 { [%eval -50.68] } 70... h1=Q { [%eval -49.84] } 71. Kd4 { [%eval -50.18] } 71... Qb7 { [%eval -49.84] } 0-1,2654.0
 Blitz ,penguingim1,fortresspieces,0-1,2016.07.06,03:33:32,2684,2624,-13.0,13.0,E81,"King's Indian Defense: Saemisch Variation, Bobotsov-Korchnoi-Petrosian Variation",180+0,Normal,1. d4 { [%eval 0.1] } 1... Nf6 { [%eval 0.17] } 2. c4 { [%eval 0.17] } 2... g6 { [%eval 0.43] } 3. f3 { [%eval 0.17] } 3... Bg7 { [%eval 0.22] } 4. e4 { [%eval 0.11] } 4... O-O { [%eval 0.27] } 5. Nc3 { [%eval 0.25] } 5... d6 { [%eval 0.23] } 6. Nge2 { [%eval 0.19] } 6... Nbd7 { [%eval 0.2] } 7. Bg5 { [%eval 0.22] } 7... Re8 { [%eval 0.36] } 8. Qd2 { [%eval 0.21] } 8... e5 { [%eval 0.48] } 9. d5 { [%eval 0.5] } 9... Nc5 { [%eval 0.43] } 10. g4 { [%eval 0.39] } 10... h6 { [%eval 0.39] } 11. Be3 { [%eval 0.5] } 11... Bxg4 { [%eval 0.42] } 12. fxg4 { [%eval 0.36] } 12... Nfxe4 { [%eval 0.46] } 13. Nxe4 { [%eval 0.53] } 13... Nxe4 { [%eval 0.38] } 14. Qc2 { [%eval 0.08] } 14... Qh4+ { [%eval 0.18] } 15. Ng3 { [%eval 0.08] } 15... Nxg3 { [%eval 0.39] } 16. Qf2 { [%eval -0.03] } 16... Nf5? { [%eval 1.39] } 17. gxf5 { [%eval 1.39] } 17... Qxf2+ { [%eval 1.38] } 18. Bxf2 { [%eval 1.3] } 18... gxf5 { [%eval 1.27] } 19. Rg1 { [%eval 1.29] } 19... f4 { [%eval 1.17] } 20. Bh3 { [%eval 1.07] } 20... Kh7?! { [%eval 1.7] } 21. Bf5+ { [%eval 1.53] } 21... Kh8 { [%eval 1.56] } 22. Be4 { [%eval 1.45] } 22... Rf8 { [%eval 1.47] } 23. Bf5 { [%eval 1.52] } 23... Rfe8 { [%eval 1.59] } 24. Ke2 { [%eval 1.58] } 24... e4?! { [%eval 2.41] } 25. Rxg7 { [%eval 2.35] } 25... Kxg7 { [%eval 2.4] } 26. Bd4+ { [%eval 2.34] } 26... Kf8 { [%eval 2.28] } 27. Bf6 { [%eval 2.27] } 27... b5?! { [%eval 2.79] } 28. Rg1 { [%eval 2.79] } 28... Re5 { [%eval 2.79] } 29. Bxe5 { [%eval 2.79] } 29... dxe5 { [%eval 2.72] } 30. cxb5 { [%eval 2.72] } 30... e3 { [%eval 2.86] } 31. Bh7?! { [%eval 2.02] } 31... Ke7?! { [%eval 2.67] } 32. Rg8? { [%eval 0.13] } 32... Rxg8 { [%eval 0.13] } 33. Bxg8 { [%eval 0.13] } 33... f5? { [%eval 2.44] } 34. a4? { [%eval 0.13] } 34... e4 { [%eval 0.13] } 35. Bh7?! { [%eval -0.38] } 35... Kd6 { [%eval -0.38] } 36. Bxf5 { [%eval -0.38] } 36... Kxd5 { [%eval -0.38] } 37. Bg4 { [%eval -0.39] } 37... Kd4 { [%eval -0.41] } 38. Ke1?? { [%eval -5.6] } 38... f3 { [%eval -3.8] } 39. Bh5?? { [%eval -17.21] } 39... Kd3 { [%eval -14.27] } 40. a5 { [%eval -49.91] } 40... e2 { [%eval -12.91] } 41. h4?! { [%eval #-3] } 41... Ke3 { [%eval #-2] } 0-1,2654.0
 Blitz ,jitanu76,Stouf,1-0,2016.07.06,12:44:20,2751,2651,9.0,-8.0,B07,Pirc Defense #2,180+1,Normal,1. d4 { [%eval 0.16] } 1... d6 { [%eval 0.39] } 2. e4 { [%eval 0.29] } 2... Nf6 { [%eval 0.51] } 3. Nc3 { [%eval 0.39] } 3... e5 { [%eval 0.56] } 4. dxe5 { [%eval 0.55] } 4... dxe5 { [%eval 0.65] } 5. Qxd8+ { [%eval 0.7] } 5... Kxd8 { [%eval 0.75] } 6. Bc4 { [%eval 0.39] } 6... Be6 { [%eval 0.41] } 7. Bxe6 { [%eval 0.41] } 7... fxe6 { [%eval 0.43] } 8. f4?! { [%eval -0.32] } 8... exf4?! { [%eval 0.47] } 9. Bxf4 { [%eval 0.36] } 9... Nbd7 { [%eval 0.58] } 10. O-O-O { [%eval 0.53] } 10... Kc8 { [%eval 0.59] } 11. Nf3 { [%eval 0.57] } 11... Ng4 { [%eval 0.82] } 12. Rd2 { [%eval 0.44] } 12... e5 { [%eval 0.48] } 13. Bg3 { [%eval 0.44] } 13... Bd6 { [%eval 0.47] } 14. Rhd1 { [%eval 0.52] } 14... a6?! { [%eval 1.02] } 15. Nd5 { [%eval 0.7] } 15... Re8? { [%eval 1.75] } 16. Ng5? { [%eval 0.3] } 16... Ndf6? { [%eval 1.4] } 17. Nb6+ { [%eval 1.44] } 17... cxb6 { [%eval 1.5] } 18. Rxd6 { [%eval 1.55] } 18... Ne3?! { [%eval 2.17] } 19. R1d3 { [%eval 2.19] } 19... Nc4 { [%eval 2.18] } 20. Rc3 { [%eval 2.07] } 20... b5 { [%eval 2.5] } 21. b3 { [%eval 2.32] } 21... Kc7?! { [%eval 3.08] } 22. Rd1? { [%eval 0.55] } 22... h6 { [%eval 0.5] } 23. bxc4 { [%eval 0.65] } 23... hxg5?? { [%eval 5.84] } 24. cxb5+ { [%eval 5.71] } 24... Kb6 { [%eval 5.71] } 25. Rd6+ { [%eval 5.35] } 25... Kxb5? { [%eval 7.6] } 26. a4+ { [%eval 7.59] } 26... Kxa4 { [%eval 7.58] } 27. Rb6 { [%eval 7.49] } 27... Rac8 { [%eval 7.41] } 28. Rcb3 { [%eval 7.04] } 28... Rc6? { [%eval #5] } 29. R6b4+ { [%eval #4] } 29... Ka5 { [%eval #4] } 30. Be1 { [%eval #3] } 1-0,2701.0
 Blitz ,Stouf,jitanu76,0-1,2016.07.06,12:49:25,2643,2760,-8.0,8.0,B18,"Caro-Kann Defense: Classical Variation, Flohr Variation",180+1,Normal,1. e4 { [%eval 0.23] } 1... c6 { [%eval 0.43] } 2. d4 { [%eval 0.34] } 2... d5 { [%eval 0.34] } 3. Nd2 { [%eval 0.27] } 3... dxe4 { [%eval 0.29] } 4. Nxe4 { [%eval 0.28] } 4... Bf5 { [%eval 0.34] } 5. Ng3 { [%eval 0.36] } 5... Bg6 { [%eval 0.37] } 6. Nh3 { [%eval 0.24] } 6... Nf6 { [%eval 0.18] } 7. c3 { [%eval 0.08] } 7... e6 { [%eval 0.19] } 8. Nf4 { [%eval 0.16] } 8... Bd6 { [%eval 0.26] } 9. h4 { [%eval 0.22] } 9... Bxf4 { [%eval 0.28] } 10. Bxf4 { [%eval 0.34] } 10... h6 { [%eval 0.3] } 11. h5 { [%eval 0.2] } 11... Bh7 { [%eval 0.2] } 12. Qb3 { [%eval 0.29] } 12... Qb6 { [%eval 0.48] } 13. Qa3 { [%eval 0.47] } 13... Nbd7 { [%eval 0.63] } 14. Bd6 { [%eval 0.41] } 14... Rc8 { [%eval 0.44] } 15. Be2 { [%eval 0.53] } 15... c5 { [%eval 0.53] } 16. dxc5 { [%eval 0.39] } 16... Nxc5 { [%eval 0.46] } 17. Rd1 { [%eval 0.26] } 17... Nce4?! { [%eval 0.9] } 18. O-O?! { [%eval 0.34] } 18... Nxd6 { [%eval 0.27] } 19. Rxd6 { [%eval 0.12] } 19... Qc5 { [%eval 0.17] } 20. Qa4+ { [%eval 0.34] } 20... Ke7 { [%eval 0.28] } 21. Rfd1 { [%eval 0.2] } 21... Rhd8 { [%eval 0.18] } 22. Rxd8 { [%eval 0.16] } 22... Rxd8 { [%eval 0.09] } 23. Rxd8 { [%eval 0.16] } 23... Kxd8 { [%eval 0.18] } 24. Bf3 { [%eval 0.17] } 24... Kc7 { [%eval 0.04] } 25. Qb3 { [%eval 0.0] } 25... b6 { [%eval 0.0] } 26. Qa4 { [%eval 0.0] } 26... a5 { [%eval 0.0] } 27. Qf4+ { [%eval -0.23] } 27... e5 { [%eval -0.19] } 28. Qd2 { [%eval -0.35] } 28... e4 { [%eval 0.13] } 29. Be2 { [%eval 0.0] } 29... Nd5 { [%eval 0.39] } 30. Nf1 { [%eval 0.37] } 30... Qd6 { [%eval 0.46] } 31. c4?! { [%eval -0.26] } 31... Nf4 { [%eval -0.21] } 32. Qe3 { [%eval -0.29] } 32... f5 { [%eval -0.38] } 33. a3 { [%eval -0.34] } 33... Nxe2+ { [%eval -0.2] } 34. Qxe2 { [%eval -0.44] } 34... Qd3 { [%eval -0.07] } 35. Qxd3 { [%eval -0.46] } 35... exd3 { [%eval -0.67] } 36. Nd2 { [%eval -0.88] } 36... f4 { [%eval -0.52] } 37. Kf1 { [%eval -0.73] } 37... a4 { [%eval -0.44] } 38. Ke1 { [%eval -0.76] } 38... Bg8 { [%eval -0.27] } 39. Nf3?! { [%eval -1.05] } 39... Bxc4?! { [%eval -0.33] } 40. Ne5 { [%eval -0.31] } 40... Bd5?! { [%eval 0.4] } 41. g3? { [%eval -1.62] } 41... fxg3 { [%eval -1.44] } 42. fxg3 { [%eval -1.54] } 42... Kd6 { [%eval -1.42] } 43. Nxd3 { [%eval -1.27] } 43... Bf3 { [%eval -1.2] } 44. Nf4 { [%eval -1.19] } 44... Ke5 { [%eval -1.12] } 45. Kd2 { [%eval -0.98] } 45... Kf5 { [%eval -0.94] } 46. Ke3 { [%eval -0.83] } 46... Bd1 { [%eval -0.8] } 47. Nd5 { [%eval -0.8] } 47... Bxh5 { [%eval -0.76] } 48. Nxb6 { [%eval -0.78] } 48... Bd1 { [%eval -0.78] } 49. Kd2 { [%eval -0.85] } 49... Bb3 { [%eval -0.85] } 50. Ke3 { [%eval -0.83] } 50... g5 { [%eval -0.79] } 51. Nd7 { [%eval -0.83] } 51... h5 { [%eval -0.75] } 52. Nc5 { [%eval -0.82] } 52... Bc2 { [%eval -0.8] } 53. Kd2 { [%eval -0.63] } 53... Be4 { [%eval -0.85] } 54. Nxa4? { [%eval -1.88] } 54... Kg4 { [%eval -1.62] } 55. Ke3? { [%eval -4.6] } 55... Bc6 { [%eval -3.24] } 56. Nc3?? { [%eval -6.37] } 56... Kxg3 { [%eval -5.68] } 57. Ne2+? { [%eval -7.96] } 57... Kg2 { [%eval -8.44] } 58. Nd4 { [%eval -8.25] } 58... h4 { [%eval -6.74] } 59. Nxc6? { [%eval -8.18] } 59... h3 { [%eval -7.71] } 60. Ne5?! { [%eval -8.5] } 60... h2 { [%eval -7.3] } 61. Nf3? { [%eval -9.68] } 61... h1=Q { [%eval -9.68] } 62. Nd2 { [%eval -20.45] } 62... Qe1+ { [%eval -18.89] } 63. Kd3 { [%eval -17.94] } 63... g4 { [%eval -17.03] } 64. b4 { [%eval -20.89] } 64... g3 { [%eval -17.99] } 65. Ne4 { [%eval -49.18] } 65... Qd1+ { [%eval -20.73] } 66. Ke3?! { [%eval #-54] } 66... Qe1+? { [%eval -9.68] } 67. Kf4? { [%eval #-38] } 67... Qc1+ { [%eval #-41] } 68. Kg4 { [%eval #-30] } 68... Qxa3 { [%eval #-27] } 69. b5 { [%eval #-7] } 69... Qb4 { [%eval #-55] } 70. Kf4 { [%eval -123.03] } 70... Qxb5 { [%eval -49.17] } 71. Nxg3?! { [%eval #-9] } 71... Qb8+ { [%eval #-8] } 72. Kg4 { [%eval #-7] } 72... Qxg3+ { [%eval #-7] } 73. Kf5 { [%eval #-7] } 73... Qe3 { [%eval #-6] } 74. Kg4 { [%eval #-3] } 74... Kf2?! { [%eval #-6] } 75. Kh5 { [%eval #-4] } 75... Kf3?! { [%eval #-5] } 0-1,2701.5
 Blitz ,jitanu76,jeffforever,1-0,2016.07.06,18:33:56,2768,2601,7.0,-6.0,E10,Indian Game: Anti-Nimzo-Indian,180+1,Normal,1. d4 { [%eval 0.12] } 1... Nf6 { [%eval 0.1] } 2. Nf3 { [%eval 0.1] } 2... e6 { [%eval 0.11] } 3. c4 { [%eval 0.1] } 3... b5?! { [%eval 0.6] } 4. cxb5 { [%eval 0.63] } 4... a6 { [%eval 0.57] } 5. e3 { [%eval 0.58] } 5... d5 { [%eval 0.7] } 6. Nc3 { [%eval 0.71] } 6... Bd6 { [%eval 0.73] } 7. Bd3 { [%eval 0.72] } 7... O-O { [%eval 0.68] } 8. O-O { [%eval 0.7] } 8... Nbd7 { [%eval 0.87] } 9. Bd2 { [%eval 0.66] } 9... Qe7 { [%eval 0.89] } 10. Qe2 { [%eval 0.81] } 10... e5 { [%eval 0.86] } 11. dxe5 { [%eval 0.72] } 11... Nxe5 { [%eval 0.78] } 12. Nxe5 { [%eval 0.7] } 12... Qxe5 { [%eval 0.74] } 13. f4 { [%eval 0.65] } 13... Qe7 { [%eval 0.82] } 14. bxa6 { [%eval 0.62] } 14... c5 { [%eval 0.86] } 15. b3 { [%eval 0.9] } 15... Bg4? { [%eval 2.92] } 16. Qf2? { [%eval 0.96] } 16... Bc8 { [%eval 1.08] } 17. Rae1?! { [%eval 0.21] } 17... Bxa6 { [%eval 0.44] } 18. Bxa6 { [%eval 0.47] } 18... Rxa6 { [%eval 0.4] } 19. Qf3 { [%eval 0.29] } 19... Qb7 { [%eval 0.56] } 20. Bc1 { [%eval 0.15] } 20... Re8 { [%eval 0.56] } 21. Bb2?! { [%eval -0.37] } 21... Qa8?! { [%eval 0.35] } 22. Rd1 { [%eval 0.27] } 22... d4?! { [%eval 1.24] } 23. Qxa8 { [%eval 1.25] } 23... Raxa8 { [%eval 1.32] } 24. exd4 { [%eval 1.34] } 24... cxd4 { [%eval 1.32] } 25. Na4 { [%eval 1.09] } 25... Re2?! { [%eval 1.65] } 26. Rf2 { [%eval 1.41] } 26... Rxf2 { [%eval 1.38] } 27. Kxf2 { [%eval 1.37] } 27... Bxf4 { [%eval 1.34] } 28. Bxd4 { [%eval 1.24] } 28... Ne8 { [%eval 1.58] } 29. g3 { [%eval 1.59] } 29... Bd6 { [%eval 1.62] } 30. Rd2 { [%eval 1.35] } 30... f6 { [%eval 1.56] } 31. Nb6 { [%eval 1.59] } 31... Rb8 { [%eval 1.93] } 32. a4 { [%eval 1.78] } 32... Kf7 { [%eval 1.97] } 33. Rc2 { [%eval 1.9] } 33... Bb4 { [%eval 1.98] } 34. Rc8 { [%eval 1.64] } 34... Rb7 { [%eval 2.0] } 35. Nc4 { [%eval 1.99] } 35... Be7 { [%eval 2.31] } 36. Bb6 { [%eval 2.21] } 36... Rd7? { [%eval 3.64] } 37. a5 { [%eval 3.65] } 37... Nd6 { [%eval 3.77] } 38. Nxd6+ { [%eval 3.69] } 38... Rxd6 { [%eval 3.7] } 39. Bc5 { [%eval 3.38] } 39... Rd2+ { [%eval 3.45] } 40. Ke3 { [%eval 3.29] } 40... Bxc5+?! { [%eval 4.2] } 41. Kxd2 { [%eval 4.08] } 41... Bb4+ { [%eval 4.06] } 42. Kd3 { [%eval 3.87] } 42... Bxa5 { [%eval 3.74] } 43. Kc4 { [%eval 3.75] } 43... h6? { [%eval 5.16] } 44. b4 { [%eval 5.1] } 44... Bb6 { [%eval 5.02] } 45. b5 { [%eval 4.79] } 45... Bg1 { [%eval 4.63] } 46. h3 { [%eval 4.39] } 46... Bh2?? { [%eval 7.57] } 47. g4 { [%eval 6.47] } 47... Kg6? { [%eval 7.51] } 48. Rc5 { [%eval 7.17] } 48... Kf7 { [%eval 6.86] } 49. b6 { [%eval 6.22] } 49... g6?? { [%eval 17.43] } 50. b7 { [%eval 11.7] } 50... Ke6 { [%eval 45.14] } 51. Rc8 { [%eval 29.48] } 51... f5 { [%eval 51.63] } 52. b8=Q { [%eval 49.41] } 52... Bxb8 { [%eval 45.37] } 53. Rxb8 { [%eval 45.26] } 53... fxg4?! { [%eval #18] } 54. hxg4 { [%eval #17] } 54... Kf6 { [%eval #19] } 55. Kd3 { [%eval #18] } 55... Kg5 { [%eval #18] } 56. Rb4 { [%eval #34] } 56... h5 { [%eval #17] } 57. gxh5 { [%eval #16] } 57... gxh5 { [%eval #17] } 58. Ke3 { [%eval #18] } 58... h4 { [%eval #21] } 59. Kf3 { [%eval 44.34] } 59... Kh5?! { [%eval #13] } 60. Rb5+ { [%eval #15] } 60... Kg6 { [%eval #16] } 61. Kg4 { [%eval #16] } 1-0,2684.5
 Blitz ,jeffforever,jitanu76,0-1,2016.07.06,18:40:33,2595,2775,-7.0,6.0,B10,Caro-Kann Defense: Two Knights Attack,180+1,Normal,1. e4 { [%eval 0.21] } 1... c6 { [%eval 0.42] } 2. Nf3 { [%eval 0.32] } 2... d5 { [%eval 0.33] } 3. Nc3 { [%eval 0.36] } 3... d4 { [%eval 0.55] } 4. Ne2 { [%eval 0.54] } 4... c5 { [%eval 0.57] } 5. c3 { [%eval 0.56] } 5... Nc6 { [%eval 0.8] } 6. cxd4 { [%eval 0.79] } 6... cxd4 { [%eval 0.84] } 7. Ng3?! { [%eval 0.1] } 7... e5 { [%eval 0.1] } 8. Bc4 { [%eval -0.06] } 8... f6?! { [%eval 0.59] } 9. O-O { [%eval 0.58] } 9... Nh6 { [%eval 0.7] } 10. d3 { [%eval 0.75] } 10... g5? { [%eval 1.87] } 11. Nxg5 { [%eval 1.44] } 11... fxg5 { [%eval 1.7] } 12. Qh5+ { [%eval 1.48] } 12... Kd7 { [%eval 1.69] } 13. Bxg5 { [%eval 1.67] } 13... Qe8 { [%eval 1.53] } 14. Qh4 { [%eval 1.55] } 14... Nf7 { [%eval 1.43] } 15. Bf6 { [%eval 1.37] } 15... Be7 { [%eval 1.62] } 16. Nf5 { [%eval 1.42] } 16... Bxf6 { [%eval 1.52] } 17. Qxf6 { [%eval 1.18] } 17... Rf8 { [%eval 1.13] } 18. f4? { [%eval 0.0] } 18... Kc7 { [%eval 0.0] } 19. Bxf7 { [%eval 0.0] } 19... Rxf7?? { [%eval 3.08] } 20. Qd6+?? { [%eval -1.41] } 20... Kb6 { [%eval -1.03] } 21. b4?! { [%eval -1.77] } 21... Bxf5?! { [%eval -1.13] } 22. exf5?! { [%eval -2.09] } 22... Qe7 { [%eval -1.94] } 23. Qd5?! { [%eval -2.79] } 23... Rd8 { [%eval -2.27] } 24. Qb3?! { [%eval -2.91] } 24... exf4? { [%eval -1.46] } 25. Rae1 { [%eval -1.33] } 25... Qd7 { [%eval -1.7] } 26. Rxf4? { [%eval -3.1] } 26... Rxf5 { [%eval -2.97] } 27. Rfe4 { [%eval -3.18] } 27... a6 { [%eval -3.02] } 28. a4 { [%eval -2.96] } 28... Qf7 { [%eval -2.8] } 29. Re6?? { [%eval -5.81] } 29... Rf8? { [%eval -4.31] } 30. a5+?? { [%eval -8.67] } 30... Ka7 { [%eval -8.01] } 31. Qb1? { [%eval -12.3] } 31... Rf2?? { [%eval -6.58] } 32. R6e2 { [%eval -6.52] } 32... Rxe2 { [%eval -6.43] } 33. Rxe2 { [%eval -6.53] } 33... Nxb4 { [%eval -6.32] } 34. h3 { [%eval -6.26] } 34... Nd5 { [%eval -5.76] } 35. Qb2? { [%eval -7.3] } 35... Qf1+ { [%eval -6.85] } 36. Kh2 { [%eval -6.95] } 36... Qf4+?! { [%eval -6.32] } 37. Kg1 { [%eval -6.4] } 37... Ka8 { [%eval -6.27] } 38. Re4?? { [%eval -11.55] } 38... Qf1+ { [%eval -10.94] } 39. Kh2 { [%eval -10.27] } 39... Ne3 { [%eval -8.54] } 40. Rxd4? { [%eval -12.07] } 40... Qe1?? { [%eval -4.0] } 41. Re4?? { [%eval -15.15] } 41... Nf1+ { [%eval -13.01] } 42. Kg1 { [%eval -12.21] } 42... Qd1?? { [%eval -3.21] } 43. Qe2 { [%eval -3.51] } 43... Qxe2?! { [%eval -2.96] } 44. Rxe2 { [%eval -2.75] } 44... Ng3 { [%eval -2.76] } 45. Re5 { [%eval -2.52] } 45... Rf5?! { [%eval -1.85] } 46. Kh2?? { [%eval -16.0] } 46... Rxe5 { [%eval -15.8] } 47. Kxg3 { [%eval -15.42] } 47... Rxa5 { [%eval -9.79] } 0-1,2685.0
 Blitz ,jitanu76,zoranp,0-1,2016.07.06,18:50:02,2781,2612,-17.0,17.0,D02,Queen's Pawn Game: London System,180+1,Normal,1. d4 d5 2. Nf3 Nf6 3. Bf4 e6 4. e3 c5 5. Nbd2 Nc6 6. c3 Bd6 7. Bg3 O-O 8. Bb5 Qe7 9. O-O Bd7 10. Qe2 a6 11. Bd3 e5 12. dxc5 Bxc5 13. e4 d4 14. Nc4 dxc3 15. bxc3 Bg4 16. h3 Bh5 17. Bh2 b5 18. Ne3 Bxe3 19. Qxe3 Bxf3 20. Qxf3 Rac8 21. a4 Na7 22. axb5 Nxb5 23. Rxa6 Nxc3 24. Qf5 Rfe8 25. Bg3 Rcd8 26. Bc2 Ne2+ 27. Kh2 Nxg3 28. fxg3 Rd2 29. Bb3 Rb8 30. Qg5 Rd6 31. Rxf6 Qxf6 0-1,2696.5
 Blitz ,zoranp,jitanu76,1-0,2016.07.06,18:54:24,2629,2764,16.0,-16.0,C07,"French Defense: Tarrasch Variation, Chistyakov Defense",180+1,Normal,1. e4 { [%eval 0.25] } 1... e6 { [%eval 0.22] } 2. d4 { [%eval 0.15] } 2... d5 { [%eval 0.26] } 3. Nd2 { [%eval 0.15] } 3... c5 { [%eval 0.17] } 4. exd5 { [%eval 0.13] } 4... Qxd5 { [%eval 0.1] } 5. dxc5 { [%eval 0.16] } 5... Nf6 { [%eval 0.13] } 6. Ngf3 { [%eval 0.19] } 6... Qxc5 { [%eval 0.18] } 7. Bd3 { [%eval 0.22] } 7... Nbd7 { [%eval 0.19] } 8. O-O { [%eval 0.12] } 8... Be7 { [%eval 0.24] } 9. Qe2 { [%eval 0.03] } 9... Qc7 { [%eval 0.1] } 10. Ne4 { [%eval 0.02] } 10... Nxe4 { [%eval 0.09] } 11. Bxe4 { [%eval -0.05] } 11... Nc5 { [%eval 0.1] } 12. Rd1 { [%eval -0.12] } 12... O-O { [%eval -0.05] } 13. c3 { [%eval 0.0] } 13... Nxe4 { [%eval -0.09] } 14. Qxe4 { [%eval -0.15] } 14... f6 { [%eval -0.11] } 15. Nd4 { [%eval -0.1] } 15... e5 { [%eval -0.02] } 16. Nf5 { [%eval -0.06] } 16... Bc5 { [%eval -0.05] } 17. Qd5+ { [%eval -0.02] } 17... Kh8 { [%eval 0.01] } 18. Be3 { [%eval 0.05] } 18... Ba3 { [%eval 0.38] } 19. Nxg7 { [%eval 0.47] } 19... Bxb2 { [%eval 0.31] } 20. Rab1 { [%eval 0.58] } 20... Bxc3? { [%eval 2.7] } 21. Nh5 { [%eval 1.47] } 21... Bf5?? { [%eval 5.1] } 22. Rxb7 { [%eval 4.89] } 22... Qa5?? { [%eval 9.51] } 23. Qb3 { [%eval 8.01] } 23... Bg4? { [%eval #5] } 24. Bh6 { [%eval #4] } 1-0,2696.5
 Blitz ,fortresspieces,EnergyVision,1-0,2016.07.07,20:55:34,2697,2626,9.0,-10.0,E97,"King's Indian Defense: Orthodox Variation, Aronin-Taimanov Defense",180+0,Normal,1. d4 { [%eval 0.14] } 1... Nf6 { [%eval 0.12] } 2. c4 { [%eval 0.17] } 2... g6 { [%eval 0.37] } 3. Nc3 { [%eval 0.54] } 3... Bg7 { [%eval 0.44] } 4. e4 { [%eval 0.46] } 4... O-O { [%eval 0.52] } 5. Nf3 { [%eval 0.5] } 5... d6 { [%eval 0.51] } 6. Be2 { [%eval 0.49] } 6... e5 { [%eval 0.55] } 7. O-O { [%eval 0.16] } 7... Nc6 { [%eval 0.64] } 8. d5 { [%eval 0.67] } 8... Ne7 { [%eval 0.69] } 9. h3 { [%eval 0.53] } 9... Nd7 { [%eval 0.6] } 10. Bg5 { [%eval 0.37] } 10... f6 { [%eval 0.48] } 11. Be3 { [%eval 0.56] } 11... Kh8 { [%eval 0.9] } 12. a4?! { [%eval 0.36] } 12... a5 { [%eval 0.44] } 13. Qe1 { [%eval 0.15] } 13... b6 { [%eval 0.19] } 14. Nd2 { [%eval 0.07] } 14... f5 { [%eval 0.08] } 15. f4 { [%eval 0.27] } 15... exf4 { [%eval 0.27] } 16. Bxf4 { [%eval 0.06] } 16... Ne5 { [%eval 0.23] } 17. Nb5 { [%eval 0.02] } 17... Bd7 { [%eval 0.17] } 18. Qh4 { [%eval -0.18] } 18... Bf6 { [%eval -0.31] } 19. Qf2 { [%eval -0.34] } 19... g5 { [%eval -0.36] } 20. Bh2 { [%eval -0.49] } 20... f4 { [%eval -0.39] } 21. Bh5 { [%eval -0.41] } 21... Rg8 { [%eval -0.39] } 22. Ra3 { [%eval -0.31] } 22... Qf8?! { [%eval 0.2] } 23. Nxc7 { [%eval 0.41] } 23... Rc8 { [%eval 0.33] } 24. Ne6?! { [%eval -0.28] } 24... Qh6 { [%eval 0.06] } 25. Be2 { [%eval -0.02] } 25... Bxe6 { [%eval -0.05] } 26. dxe6 { [%eval 0.01] } 26... N7c6 { [%eval 0.02] } 27. Nb3?! { [%eval -0.69] } 27... Be7 { [%eval -0.38] } 28. Qxb6?! { [%eval -0.9] } 28... Qxe6 { [%eval -0.77] } 29. Qb5 { [%eval -1.07] } 29... g4?! { [%eval -0.17] } 30. hxg4 { [%eval -0.24] } 30... Nxg4 { [%eval -0.16] } 31. Qf5 { [%eval -0.32] } 31... Qxf5 { [%eval -0.22] } 32. exf5 { [%eval -0.38] } 32... Nxh2 { [%eval 0.0] } 33. Kxh2 { [%eval 0.0] } 33... Bf6 { [%eval 0.19] } 34. Rb1 { [%eval 0.08] } 34... Be5 { [%eval 0.23] } 35. Bf3 { [%eval 0.2] } 35... Rg5 { [%eval 0.19] } 36. Kh1 { [%eval -0.12] } 36... Rxf5? { [%eval 1.89] } 37. Bg4 { [%eval 1.77] } 37... Rcf8 { [%eval 1.63] } 38. Bxf5 { [%eval 1.74] } 38... Rxf5 { [%eval 1.7] } 39. Nd2 { [%eval 1.87] } 39... Rh5+ { [%eval 2.2] } 40. Kg1? { [%eval 1.01] } 40... Nd4? { [%eval 2.68] } 41. Rd3 { [%eval 2.44] } 41... Ne2+? { [%eval 3.55] } 42. Kf2 { [%eval 3.41] } 42... Ng3?! { [%eval 4.09] } 43. b4 { [%eval 4.09] } 43... axb4 { [%eval 4.12] } 44. Rxb4 { [%eval 4.06] } 44... Rh1 { [%eval 3.99] } 45. Rb8+ { [%eval 3.73] } 45... Kg7 { [%eval 3.63] } 46. Rb7+ { [%eval 3.38] } 46... Kg6 { [%eval 3.32] } 47. Rd5? { [%eval 1.94] } 47... Ra1? { [%eval 3.81] } 48. c5 { [%eval 3.78] } 48... Rxa4? { [%eval 5.52] } 49. cxd6 { [%eval 5.52] } 49... Bd4+ { [%eval 5.32] } 50. Kf3 { [%eval 5.27] } 50... Be3?? { [%eval 54.95] } 51. d7 { [%eval 54.87] } 51... Bxd2?! { [%eval #4] } 52. d8=Q?! { [%eval #4] } 52... Ra3+ { [%eval #4] } 1-0,2661.5
 Blitz ,fortresspieces,EnergyVision,1-0,2016.07.07,21:08:27,2692,2631,9.0,-10.0,E70,King's Indian Defense: Normal Variation,180+0,Normal,1. d4 { [%eval 0.13] } 1... Nf6 { [%eval 0.18] } 2. c4 { [%eval 0.12] } 2... g6 { [%eval 0.43] } 3. Nc3 { [%eval 0.51] } 3... Bg7 { [%eval 0.52] } 4. e4 { [%eval 0.5] } 4... O-O { [%eval 0.51] } 5. e5 { [%eval 0.23] } 5... d6? { [%eval 2.84] } 6. exf6 { [%eval 2.76] } 6... Bxf6 { [%eval 2.69] } 7. Nf3 { [%eval 2.76] } 7... Nc6 { [%eval 2.74] } 8. Bd3?! { [%eval 2.13] } 8... Nxd4 { [%eval 2.24] } 9. Nxd4 { [%eval 2.18] } 9... Bxd4 { [%eval 2.15] } 10. Bh6 { [%eval 2.11] } 10... Re8 { [%eval 2.34] } 11. Qd2 { [%eval 2.29] } 11... c5 { [%eval 2.57] } 12. O-O { [%eval 2.08] } 12... a6 { [%eval 2.12] } 13. Rfe1 { [%eval 2.21] } 13... Rb8 { [%eval 2.09] } 14. Ne2 { [%eval 2.15] } 14... Bh8 { [%eval 2.26] } 15. Nf4 { [%eval 1.95] } 15... b5 { [%eval 1.83] } 16. cxb5 { [%eval 1.66] } 16... axb5 { [%eval 1.79] } 17. Rad1?! { [%eval 1.24] } 17... b4? { [%eval 2.5] } 18. Bc4 { [%eval 2.21] } 18... Bd4 { [%eval 2.52] } 19. Re4 { [%eval 2.36] } 19... e5?! { [%eval 3.06] } 20. Nd5 { [%eval 2.96] } 20... Re6 { [%eval 3.06] } 21. Bg5 { [%eval 2.97] } 21... f6?? { [%eval 11.07] } 22. Nxf6+ { [%eval 10.99] } 22... Kf7 { [%eval 11.05] } 23. Nxh7 { [%eval 10.77] } 23... Qh8 { [%eval 11.05] } 24. Rh4 { [%eval 10.34] } 24... Kg7 { [%eval 24.74] } 25. Bf6+ { [%eval 23.42] } 25... Rxf6?! { [%eval #1] } 26. Qh6# 1-0,2661.5
 Blitz ,hiimgosu,Cofi7,1-0,2016.07.07,23:36:35,2844,2466,4.0,-2.0,A48,London System,180+0,Normal,1. d4 Nf6 2. Nf3 g6 3. Bf4 Bg7 4. e3 d6 5. h3 O-O 6. Be2 c5 7. c3 Nc6 8. Nbd2 cxd4 9. exd4 e5 10. dxe5 dxe5 11. Nxe5 Nd5 12. Nxc6 bxc6 13. Bg3 Re8 14. O-O Bxc3 15. Nc4 Bg7 16. Rc1 Ba6 17. Re1 Bxc4 18. Rxc4 Bxb2 19. Qc2 Be5 20. Bxe5 Rxe5 21. Rd1 Qe7 22. Bf3 Re1+ 23. Rxe1 Qxe1+ 24. Kh2 Qe5+ 25. g3 Rd8 26. Kg2 Kg7 27. a3 h5 28. h4 Ne7 29. Rc5 Qf6 30. Ra5 Rd7 31. Qc5 Qd4 32. Qxd4+ Rxd4 33. Rxa7 Nd5 34. a4 c5 35. Ra5 Nc3 36. Rxc5 Nxa4 37. Rc7 Nb6 38. Rb7 Rd6 39. Be4 Nd5 40. Bc2 Rb6 41. Ra7 Nf6 42. Bd3 Rd6 43. Bb5 Rd7 44. Bxd7 Kf8 45. Bb5 Kg7 46. Bc4 Kh6 47. Rxf7 Ng4 48. Rf4 g5 49. Rxg4 hxg4 50. hxg5+ Kxg5 51. Be2 Kf5 52. Bxg4+ Kxg4 53. f4 Kf5 54. Kf3 Kf6 55. g4 Kg6 56. g5 Kf5 57. Kg3 Kg6 58. Kg4 Kg7 59. f5 1-0,2655.0
 Blitz ,hiimgosu,Cofi7,1/2-1/2,2016.07.07,23:48:32,2852,2462,-15.0,8.0,E70,King's Indian Defense: Normal Variation,180+0,Normal,1. d4 { [%eval 0.17] } 1... Nf6 { [%eval 0.22] } 2. c4 { [%eval 0.14] } 2... g6 { [%eval 0.37] } 3. Nc3 { [%eval 0.39] } 3... Bg7 { [%eval 0.4] } 4. e4 { [%eval 0.5] } 4... O-O { [%eval 0.61] } 5. Be3 { [%eval 0.49] } 5... d6 { [%eval 0.41] } 6. f3 { [%eval 0.17] } 6... Nbd7 { [%eval 0.39] } 7. Nge2 { [%eval 0.26] } 7... a6 { [%eval 0.26] } 8. Qd2 { [%eval 0.15] } 8... c5 { [%eval 0.4] } 9. O-O-O { [%eval 0.39] } 9... b5 { [%eval 0.7] } 10. dxc5 { [%eval 0.34] } 10... dxc5 { [%eval 0.77] } 11. e5 { [%eval 0.83] } 11... Ne8 { [%eval 0.98] } 12. f4 { [%eval 0.7] } 12... Qa5 { [%eval 1.13] } 13. Nd5 { [%eval 1.0] } 13... Qxa2? { [%eval 3.17] } 14. Nec3?! { [%eval 2.5] } 14... Qa1+ { [%eval 2.87] } 15. Kc2 { [%eval 3.41] } 15... Qa5 { [%eval 2.78] } 16. Nxe7+ { [%eval 2.65] } 16... Kh8 { [%eval 2.72] } 17. Nxc8?! { [%eval 2.17] } 17... Nxe5? { [%eval 4.44] } 18. fxe5? { [%eval 2.76] } 18... Rxc8 { [%eval 2.71] } 19. cxb5 { [%eval 2.65] } 19... Nc7?! { [%eval 3.36] } 20. bxa6 { [%eval 3.22] } 20... Bxe5 { [%eval 3.41] } 21. Bc4? { [%eval 2.34] } 21... Nxa6 { [%eval 2.55] } 22. Bxa6?! { [%eval 2.02] } 22... Qxa6 { [%eval 2.21] } 23. Bf4 { [%eval 1.88] } 23... Bd4 { [%eval 2.12] } 24. Qe2 { [%eval 1.79] } 24... Qf6?? { [%eval 5.46] } 25. Rhf1?? { [%eval 2.12] } 25... Rfe8 { [%eval 2.35] } 26. Qf3 { [%eval 2.27] } 26... Qf5+ { [%eval 2.44] } 27. Qd3 { [%eval 2.32] } 27... Qg4 { [%eval 2.42] } 28. Qf3 { [%eval 2.48] } 28... Qf5+ { [%eval 2.41] } 29. Qd3 { [%eval 2.36] } 29... Qg4 { [%eval 2.43] } 30. Rd2 { [%eval 2.15] } 30... Re6?! { [%eval 2.72] } 31. Qh3 { [%eval 2.33] } 31... Qxh3 { [%eval 2.37] } 32. gxh3 { [%eval 2.34] } 32... Rce8 { [%eval 2.81] } 33. Bg3 { [%eval 2.37] } 33... f5 { [%eval 2.37] } 34. h4 { [%eval 2.01] } 34... Kg7 { [%eval 2.47] } 35. b3 { [%eval 2.16] } 35... Re3 { [%eval 2.42] } 36. Nd1 { [%eval 1.93] } 36... Re2?! { [%eval 2.52] } 37. Rxe2 { [%eval 2.52] } 37... Rxe2+ { [%eval 2.55] } 38. Kd3 { [%eval 2.42] } 38... Re4 { [%eval 2.46] } 39. Re1 { [%eval 2.47] } 39... Rg4 { [%eval 2.54] } 40. Ne3?! { [%eval 2.02] } 40... Bxe3 { [%eval 1.78] } 41. Kxe3?! { [%eval 1.16] } 41... Rb4 { [%eval 1.17] } 42. Rb1 { [%eval 1.09] } 42... c4 { [%eval 1.09] } 43. Bd6?! { [%eval 0.57] } 43... Rxb3+ { [%eval 0.55] } 44. Rxb3 { [%eval 0.52] } 44... cxb3 { [%eval 0.27] } 45. Be5+ { [%eval 0.07] } 45... Kh6 { [%eval 0.07] } 46. Kf4 { [%eval 0.0] } 46... Kh5 { [%eval 0.0] } 47. Kg3 { [%eval -0.07] } 47... h6 { [%eval -0.07] } 48. Bb2 { [%eval -0.07] } 48... g5 { [%eval -0.07] } 49. hxg5 { [%eval -0.07] } 49... hxg5 { [%eval -0.07] } 50. Be5 { [%eval -0.07] } 50... Kg6 { [%eval -0.07] } 51. Bc3 { [%eval -0.07] } 51... Kf7 { [%eval -0.07] } 52. Kf3 { [%eval -0.07] } 52... Ke6 { [%eval -0.07] } 53. Ke3 { [%eval -0.07] } 53... Kd5?! { [%eval 0.45] } 54. Kd3 { [%eval 0.45] } 54... f4 { [%eval 0.45] } 55. Bf6?! { [%eval -0.07] } 55... Ke6 { [%eval 0.07] } 56. Bxg5 { [%eval 0.07] } 56... Kf5 { [%eval 0.07] } 57. Bh4 { [%eval 0.07] } 57... Kg4 { [%eval 0.07] } 58. Be1 { [%eval -0.07] } 58... b2 { [%eval 0.07] } 59. Kc2 { [%eval 0.07] } 59... Kh3 { [%eval 0.07] } 60. Bg3 { [%eval -0.07] } 60... fxg3 { [%eval -0.07] } 61. hxg3 { [%eval -0.07] } 61... b1=Q+ { [%eval -0.07] } 62. Kxb1 { [%eval -0.07] } 62... Kxg3 { [%eval -0.07] } 1/2-1/2,2657.0
 Blitz ,Riplus,lovlas,0-1,2016.07.08,08:50:03,2759,2614,-16.0,23.0,B31,"Sicilian Defense: Nyezhmetdinov-Rossolimo Attack, Fianchetto Variation",180+0,Normal,1. Nf3 { [%eval 0.27] } 1... c5 { [%eval 0.4] } 2. e4 { [%eval 0.22] } 2... Nc6 { [%eval 0.37] } 3. Bb5 { [%eval 0.38] } 3... g6 { [%eval 0.27] } 4. O-O { [%eval 0.3] } 4... Bg7 { [%eval 0.53] } 5. Bxc6 { [%eval 0.16] } 5... dxc6 { [%eval 0.32] } 6. h3 { [%eval 0.27] } 6... Nf6 { [%eval 0.36] } 7. d3 { [%eval 0.32] } 7... O-O { [%eval 0.38] } 8. Nc3 { [%eval 0.4] } 8... Nd7 { [%eval 0.34] } 9. Nh2 { [%eval 0.02] } 9... e5 { [%eval 0.22] } 10. f4 { [%eval -0.04] } 10... exf4 { [%eval 0.0] } 11. Bxf4 { [%eval -0.01] } 11... Qe7 { [%eval 0.18] } 12. Qd2 { [%eval 0.2] } 12... Re8 { [%eval 0.32] } 13. Rae1 { [%eval 0.31] } 13... Ne5 { [%eval 0.26] } 14. Bh6 { [%eval 0.25] } 14... Bh8 { [%eval 0.17] } 15. b3 { [%eval 0.25] } 15... Be6 { [%eval 0.22] } 16. Nd1 { [%eval 0.15] } 16... Rad8 { [%eval 0.37] } 17. Qe3? { [%eval -1.56] } 17... Ng4? { [%eval -0.29] } 18. Nxg4 { [%eval -0.76] } 18... Bd4 { [%eval -0.81] } 19. Qxd4?! { [%eval -1.39] } 19... cxd4 { [%eval -1.32] } 20. Nf6+ { [%eval -1.25] } 20... Kh8 { [%eval -1.3] } 21. Bg5?! { [%eval -2.23] } 21... Qc5 { [%eval -2.13] } 22. Bh6 { [%eval -2.2] } 22... Re7 { [%eval -2.05] } 23. Rf2 { [%eval -2.54] } 23... a5 { [%eval -2.35] } 24. e5 { [%eval -2.43] } 24... Bf5?! { [%eval -1.93] } 25. g4? { [%eval -3.25] } 25... Bc8? { [%eval -1.7] } 26. Ne4? { [%eval -3.22] } 26... Qxe5 { [%eval -3.09] } 27. Bg5?! { [%eval -3.83] } 27... Qxg5 { [%eval -3.77] } 28. Nxg5 { [%eval -3.8] } 28... Rxe1+ { [%eval -3.71] } 29. Rf1 { [%eval -3.68] } 29... Rxf1+ { [%eval -3.58] } 30. Kxf1 { [%eval -3.56] } 30... Kg7 { [%eval -3.5] } 0-1,2686.5
 Blitz ,lovlas,Riplus,1-0,2016.07.08,08:52:52,2637,2743,20.0,-15.0,E16,Queen's Indian Defense: Yates Variation,180+0,Normal,1. d4 Nf6 2. c4 e6 3. Nf3 Bb4+ 4. Bd2 a5 5. g3 b6 6. Bg2 Bb7 7. O-O O-O 8. a3 Be7 9. Nc3 Ne4 10. Nxe4 Bxe4 11. Rc1 d6 12. Bc3 a4 13. Re1 Nd7 14. Nd2 Bxg2 15. Kxg2 c5 16. dxc5 Nxc5 17. Qc2 Qd7 18. Red1 Rfc8 19. Kg1 Qb7 20. Bd4 Rc7 21. Bxc5 bxc5 22. Ne4 Ra6 23. Nc3 Qc6 24. Qe4 Qxe4 25. Nxe4 Rb7 26. Rc2 Rab6 27. Rdd2 Kf8 28. Nc3 Ra6 29. e4 Bf6 30. Nb5 Ke7 31. f4 Rab6 32. Kf2 Bd4+ 33. Kf3 e5 34. h4 h5 35. f5 Kd7 36. Rg2 Kc6 37. g4 f6 38. gxh5 Rxb5 39. cxb5+ Kxb5 40. Rg6 c4 41. h6 gxh6 42. Rxf6 Kc5 43. Rxh6 Bxb2 44. Rh8 c3 45. h5 Kd4 46. Ke2 Kxe4 47. h6 d5 48. Ra8 Kxf5 49. Rxa4 Rh7 50. Rh4 d4 51. Kd3 Bxa3 52. Rg2 Bf8 53. Rh5+ Ke6 54. Ke4 Rxh6 55. Rxh6+ Bxh6 56. Rg6+ Kd7 57. Rxh6 1-0,2690.0
 Blitz ,Riplus,lovlas,1-0,2016.07.08,08:57:39,2728,2657,10.0,-12.0,C05,"French Defense: Tarrasch Variation, Closed Variation #2",180+0,Normal,1. e4 { [%eval 0.24] } 1... e6 { [%eval 0.24] } 2. d4 { [%eval 0.19] } 2... d5 { [%eval 0.19] } 3. Nd2 { [%eval 0.2] } 3... Nf6 { [%eval 0.24] } 4. Bd3 { [%eval 0.21] } 4... c5 { [%eval 0.19] } 5. e5 { [%eval 0.19] } 5... Nfd7 { [%eval 0.11] } 6. c3 { [%eval 0.15] } 6... Nc6 { [%eval 0.26] } 7. Ngf3 { [%eval 0.09] } 7... f6 { [%eval 0.51] } 8. O-O?! { [%eval -0.19] } 8... fxe5 { [%eval -0.03] } 9. dxe5 { [%eval -0.06] } 9... g6 { [%eval -0.13] } 10. Re1 { [%eval -0.55] } 10... Bg7 { [%eval -0.7] } 11. Bb5 { [%eval -0.58] } 11... Qc7?! { [%eval 0.07] } 12. c4 { [%eval -0.18] } 12... d4 { [%eval 0.0] } 13. Ne4 { [%eval 0.07] } 13... O-O { [%eval -0.24] } 14. Bxc6 { [%eval -0.14] } 14... bxc6 { [%eval 0.0] } 15. Bg5 { [%eval -0.26] } 15... Nxe5 { [%eval -0.21] } 16. Nxe5 { [%eval -0.25] } 16... Bxe5 { [%eval -0.31] } 17. h4 { [%eval -0.33] } 17... Bg7 { [%eval -0.02] } 18. Qd2 { [%eval -0.29] } 18... e5 { [%eval -0.34] } 19. Bh6 { [%eval -0.38] } 19... Qe7 { [%eval -0.03] } 20. Bxg7 { [%eval -0.15] } 20... Kxg7 { [%eval -0.08] } 21. Qg5 { [%eval -0.14] } 21... Qxg5 { [%eval 0.24] } 22. hxg5 { [%eval 0.31] } 22... Bf5 { [%eval 0.35] } 23. Nxc5 { [%eval 0.21] } 23... Rfe8 { [%eval 0.43] } 24. f3 { [%eval 0.62] } 24... a5 { [%eval 0.85] } 25. b3 { [%eval 0.48] } 25... Rad8?! { [%eval 1.08] } 26. Rad1 { [%eval 0.91] } 26... h6 { [%eval 1.07] } 27. gxh6+ { [%eval 1.08] } 27... Kxh6 { [%eval 1.12] } 28. Kf2?! { [%eval 0.44] } 28... Kg7?! { [%eval 1.13] } 29. Rd2?! { [%eval 0.33] } 29... g5 { [%eval 0.31] } 30. Rde2 { [%eval 0.0] } 30... Kf6 { [%eval 0.0] } 31. g4 { [%eval 0.0] } 31... Bg6 { [%eval 0.0] } 32. Kg3 { [%eval 0.0] } 32... Re7 { [%eval 0.03] } 33. Rd2 { [%eval 0.0] } 33... Rh8 { [%eval 0.0] } 34. Rh2 { [%eval 0.0] } 34... Ree8? { [%eval 1.58] } 35. Rxh8 { [%eval 1.4] } 35... Rxh8 { [%eval 1.58] } 36. Nd7+ { [%eval 1.5] } 36... Kg7 { [%eval 1.57] } 37. Nxe5 { [%eval 1.29] } 37... c5?! { [%eval 2.16] } 38. Nd7 { [%eval 1.74] } 38... Rd8?! { [%eval 2.47] } 39. Re7+?! { [%eval 1.83] } 39... Kg8 { [%eval 1.77] } 40. Kf2 { [%eval 1.6] } 40... d3? { [%eval 3.96] } 41. Ke3 { [%eval 3.9] } 41... d2 { [%eval 4.35] } 42. Kxd2 { [%eval 4.27] } 42... Bb1 { [%eval 4.55] } 43. Kc3 { [%eval 4.35] } 43... Bxa2? { [%eval 6.78] } 44. Kb2 { [%eval 6.51] } 1-0,2692.5
 Blitz ,lovlas,Riplus,1-0,2016.07.08,09:02:25,2645,2738,19.0,-15.0,A46,Torre Attack #2,180+0,Normal,1. d4 { [%eval 0.32] } 1... Nf6 { [%eval 0.17] } 2. Nf3 { [%eval 0.22] } 2... e6 { [%eval 0.21] } 3. g3 { [%eval 0.01] } 3... b5 { [%eval 0.17] } 4. Bg2 { [%eval 0.17] } 4... Bb7 { [%eval 0.18] } 5. O-O { [%eval 0.19] } 5... c5 { [%eval 0.18] } 6. a4 { [%eval -0.08] } 6... b4 { [%eval -0.09] } 7. dxc5 { [%eval -0.31] } 7... Na6 { [%eval -0.04] } 8. Nbd2 { [%eval -0.2] } 8... Nxc5 { [%eval -0.25] } 9. a5 { [%eval -0.19] } 9... Be7 { [%eval -0.23] } 10. b3?! { [%eval -0.85] } 10... O-O { [%eval -0.77] } 11. Bb2 { [%eval -0.76] } 11... d5 { [%eval -0.79] } 12. Ne5 { [%eval -0.69] } 12... Rc8 { [%eval -0.65] } 13. Ndf3?! { [%eval -1.18] } 13... Nce4?! { [%eval -0.68] } 14. Nd4 { [%eval -1.16] } 14... a6 { [%eval -0.87] } 15. Qd3 { [%eval -1.17] } 15... Rc7 { [%eval -0.92] } 16. Rfc1 { [%eval -1.19] } 16... Nc3 { [%eval -0.97] } 17. Bxc3 { [%eval -1.03] } 17... Rxc3 { [%eval -0.95] } 18. Qd2 { [%eval -1.23] } 18... Qb8 { [%eval -0.87] } 19. Nd3 { [%eval -1.06] } 19... Rfc8 { [%eval -1.07] } 20. Ra4 { [%eval -1.08] } 20... Bc6 { [%eval -0.91] } 21. Nxc6 { [%eval -0.93] } 21... R8xc6 { [%eval -1.11] } 22. h3 { [%eval -1.36] } 22... Bd6 { [%eval -1.17] } 23. Kh2?! { [%eval -2.14] } 23... h5 { [%eval -2.05] } 24. h4?! { [%eval -2.8] } 24... Qc7 { [%eval -1.86] } 25. Nxb4?? { [%eval -5.77] } 25... Bxb4?? { [%eval -1.27] } 26. Rxb4 { [%eval -1.32] } 26... Ng4+ { [%eval -1.3] } 27. Kg1 { [%eval -1.29] } 27... Rxc2 { [%eval -1.23] } 28. Rxc2 { [%eval -1.28] } 28... Rxc2 { [%eval -1.13] } 29. Qd3 { [%eval -1.1] } 29... Rc1+ { [%eval -0.89] } 30. Bf1 { [%eval -0.88] } 30... g6 { [%eval -0.41] } 31. e3? { [%eval -2.82] } 31... Ne5 { [%eval -2.34] } 32. Qxa6 { [%eval -2.58] } 32... Nf3+? { [%eval 0.19] } 33. Kg2 { [%eval 0.18] } 33... Ne1+ { [%eval 0.37] } 34. Kh3 { [%eval 0.56] } 34... Qc2 { [%eval 1.03] } 35. Qe2?! { [%eval 0.34] } 35... Qf5+ { [%eval 0.22] } 36. Kh2 { [%eval 0.0] } 36... Nf3+ { [%eval 0.0] } 37. Kg2 { [%eval 0.0] } 37... Ne5?? { [%eval 3.61] } 38. Ra4?! { [%eval 2.72] } 38... Rc2? { [%eval 5.33] } 39. Qe1?? { [%eval -5.04] } 39... Qf3+? { [%eval -3.31] } 40. Kg1 { [%eval -3.06] } 40... d4?? { [%eval 2.62] } 41. Rxd4?? { [%eval -1.06] } 41... Qc6?? { [%eval 3.13] } 42. Bg2 { [%eval 2.78] } 42... Qb5? { [%eval 4.07] } 43. Qa1 { [%eval 4.48] } 43... Nd3?? { [%eval #3] } 44. Rd8+ { [%eval #2] } 44... Kh7 { [%eval #1] } 45. Rh8# 1-0,2691.5
 Blitz ,TampaChess,Rappozevich,1-0,2016.07.09,04:19:50,2901,2459,2.0,-1.0,C45,Scotch Game: Classical Variation,180+0,Normal,1. e4 { [%eval 0.29] } 1... e5 { [%eval 0.22] } 2. Nf3 { [%eval 0.2] } 2... Nc6 { [%eval 0.37] } 3. d4 { [%eval 0.08] } 3... exd4 { [%eval 0.06] } 4. Nxd4 { [%eval 0.03] } 4... Bc5 { [%eval 0.24] } 5. Be3 { [%eval 0.11] } 5... Qf6 { [%eval 0.29] } 6. c3 { [%eval 0.2] } 6... Nge7 { [%eval 0.17] } 7. Be2 { [%eval 0.1] } 7... d6 { [%eval 0.15] } 8. O-O { [%eval 0.12] } 8... O-O { [%eval 0.29] } 9. Nc2 { [%eval -0.08] } 9... Bxe3 { [%eval 0.25] } 10. Nxe3 { [%eval 0.23] } 10... b6 { [%eval 0.54] } 11. f4 { [%eval 0.65] } 11... Bb7 { [%eval 0.62] } 12. Nd2 { [%eval 0.62] } 12... Rad8 { [%eval 0.72] } 13. Ng4 { [%eval 0.67] } 13... Qg6 { [%eval 0.84] } 14. f5 { [%eval 0.97] } 14... Qg5 { [%eval 1.02] } 15. Qe1 { [%eval 1.94] } 15... Ne5?! { [%eval 2.71] } 16. h4 { [%eval 2.58] } 16... Qxg4 { [%eval 2.69] } 17. Bxg4 { [%eval 2.5] } 17... Nxg4 { [%eval 2.6] } 18. h5 { [%eval 2.52] } 18... d5?? { [%eval 5.89] } 19. Qg3 { [%eval 5.77] } 19... Nf6? { [%eval 7.98] } 20. e5? { [%eval 6.06] } 20... Nxh5 { [%eval 6.08] } 21. Qg5 { [%eval 5.89] } 1-0,2680.0
 Blitz ,Rappozevich,TampaChess,0-1,2016.07.09,04:23:42,2458,2903,-2.0,3.0,C52,"Italian Game: Evans Gambit, Anderssen Defense",180+0,Normal,1. e4 { [%eval 0.15] } 1... e5 { [%eval 0.19] } 2. Nf3 { [%eval 0.26] } 2... Nc6 { [%eval 0.24] } 3. Bc4 { [%eval 0.11] } 3... Bc5 { [%eval 0.26] } 4. b4 { [%eval 0.14] } 4... Bxb4 { [%eval 0.09] } 5. c3 { [%eval 0.0] } 5... Ba5 { [%eval 0.02] } 6. d4 { [%eval -0.17] } 6... exd4 { [%eval -0.14] } 7. O-O { [%eval -0.33] } 7... Nf6 { [%eval -0.33] } 8. Ba3 { [%eval -0.24] } 8... d6 { [%eval -0.19] } 9. e5 { [%eval -0.3] } 9... Ne4 { [%eval -0.3] } 10. exd6 { [%eval -0.04] } 10... cxd6 { [%eval -0.41] } 11. Re1 { [%eval -0.53] } 11... O-O { [%eval -0.38] } 12. Rxe4 { [%eval -0.48] } 12... d5 { [%eval -0.44] } 13. Rh4 { [%eval -0.47] } 13... dxc4 { [%eval -0.48] } 14. Bxf8 { [%eval -0.38] } 14... Qxf8 { [%eval -0.32] } 15. Nxd4 { [%eval -0.27] } 15... Nxd4 { [%eval -0.07] } 16. Qxd4 { [%eval -0.46] } 16... Be6 { [%eval -0.69] } 17. Nd2 { [%eval -0.66] } 17... Rd8 { [%eval -0.69] } 18. Qe3 { [%eval -0.65] } 18... Rd3 { [%eval -0.41] } 19. Qe4?! { [%eval -1.24] } 19... h6 { [%eval -1.23] } 20. Nxc4 { [%eval -1.17] } 20... Qd8 { [%eval -1.23] } 21. Ne3 { [%eval -1.37] } 21... Bxc3 { [%eval -1.25] } 22. Rf1 { [%eval -1.39] } 22... Rd4 { [%eval -1.5] } 23. Qxd4?? { [%eval -5.96] } 23... Bxd4 { [%eval -5.56] } 24. Rd1?? { [%eval -13.73] } 24... Qxh4 { [%eval -13.23] } 0-1,2680.5
 Blitz ,opperwezen,Peaudepailles,1-0,2016.07.09,18:09:26,2681,2669,11.0,-11.0,A03,Bird Opening: Dutch Variation,180+0,Normal,1. f4 { [%eval -0.25] } 1... d5 { [%eval -0.25] } 2. Nf3 { [%eval -0.3] } 2... Nf6 { [%eval -0.27] } 3. g3 { [%eval -0.28] } 3... c6 { [%eval -0.22] } 4. Bg2 { [%eval -0.31] } 4... g6 { [%eval -0.12] } 5. O-O { [%eval -0.06] } 5... Bg7 { [%eval -0.03] } 6. c3 { [%eval -0.33] } 6... O-O { [%eval -0.32] } 7. d3 { [%eval -0.4] } 7... Nbd7 { [%eval -0.22] } 8. Qc2 { [%eval -0.4] } 8... Qb6+ { [%eval -0.38] } 9. Kh1 { [%eval -0.56] } 9... Ng4 { [%eval -0.15] } 10. e4 { [%eval -0.29] } 10... Ne3 { [%eval 0.13] } 11. Bxe3 { [%eval 0.05] } 11... Qxe3 { [%eval 0.03] } 12. Re1 { [%eval -0.02] } 12... Qc5 { [%eval 0.21] } 13. Nbd2 { [%eval 0.18] } 13... e6 { [%eval 0.4] } 14. e5 { [%eval 0.21] } 14... f5?! { [%eval 1.0] } 15. exf6 { [%eval 1.06] } 15... Nxf6 { [%eval 1.11] } 16. Re2 { [%eval 1.0] } 16... Ng4 { [%eval 1.11] } 17. Nb3 { [%eval 0.88] } 17... Qd6 { [%eval 1.04] } 18. Rae1 { [%eval 0.9] } 18... Bd7?! { [%eval 1.55] } 19. d4 { [%eval 1.55] } 19... Nh6 { [%eval 1.8] } 20. Nc5 { [%eval 1.82] } 20... Rae8?! { [%eval 2.7] } 21. Nxb7 { [%eval 2.67] } 21... Qc7 { [%eval 2.66] } 22. Nc5 { [%eval 2.57] } 22... Qd6 { [%eval 3.05] } 23. Nxd7?! { [%eval 2.15] } 23... Qxd7 { [%eval 2.15] } 24. Bh3 { [%eval 2.1] } 24... Nf5 { [%eval 1.88] } 25. Bxf5 { [%eval 1.65] } 25... exf5 { [%eval 1.75] } 26. Ne5 { [%eval 1.51] } 26... Bxe5 { [%eval 1.51] } 27. Rxe5 { [%eval 1.51] } 27... Rxe5 { [%eval 1.52] } 28. Rxe5 { [%eval 1.56] } 28... Rb8 { [%eval 1.55] } 29. Qe2 { [%eval 1.53] } 29... Kf7 { [%eval 1.53] } 30. b3 { [%eval 1.52] } 30... a5 { [%eval 1.57] } 31. h3 { [%eval 1.51] } 31... h5 { [%eval 1.53] } 32. Qa6 { [%eval 1.54] } 32... Qc7 { [%eval 1.57] } 33. h4 { [%eval 1.54] } 33... Re8 { [%eval 1.71] } 34. Kg2 { [%eval 1.63] } 34... Rxe5?! { [%eval 2.58] } 35. fxe5 { [%eval 2.58] } 35... Ke6? { [%eval 5.08] } 36. c4? { [%eval 3.54] } 36... dxc4?? { [%eval 6.86] } 37. Qxc4+ { [%eval 5.32] } 37... Ke7 { [%eval 4.44] } 38. Qc5+?! { [%eval 3.84] } 38... Kf7 { [%eval 3.75] } 39. Kf3 { [%eval 3.76] } 39... Qd7 { [%eval 3.63] } 40. Kf4 { [%eval 3.5] } 40... Qd8? { [%eval 5.85] } 41. Ke3? { [%eval 3.29] } 41... g5? { [%eval 4.31] } 42. Qxc6 { [%eval 4.31] } 42... f4+ { [%eval 4.31] } 43. gxf4 { [%eval 4.22] } 43... gxf4+ { [%eval 4.28] } 44. Ke4 { [%eval 4.26] } 44... Qxh4 { [%eval 4.27] } 45. Qd7+ { [%eval 3.94] } 45... Kg8?? { [%eval 9.63] } 46. Qe6+?? { [%eval 3.38] } 46... Kg7 { [%eval 3.45] } 47. Qd7+ { [%eval 3.35] } 47... Kg8?? { [%eval 10.63] } 48. e6 { [%eval 6.4] } 48... Qe1+?? { [%eval 11.27] } 49. Kxf4 { [%eval 6.5] } 49... h4?? { [%eval #18] } 50. e7 { [%eval #17] } 50... Qg3+ { [%eval #17] } 51. Ke4 { [%eval #16] } 51... Qg2+ { [%eval #16] } 52. Ke5 { [%eval #15] } 52... Qg3+ { [%eval #15] } 53. Kd5 { [%eval #14] } 53... Qg2+ { [%eval #14] } 54. Kc5 { [%eval #13] } 54... Qc2+ { [%eval #13] } 55. Kb6 { [%eval #12] } 55... Qg6+ { [%eval #11] } 56. Kc7 { [%eval #11] } 56... Qg3+ { [%eval #11] } 57. Qd6 { [%eval #14] } 57... Kf7 { [%eval #13] } 58. Qxg3 { [%eval #12] } 58... hxg3 { [%eval #12] } 59. Kd7 { [%eval #11] } 59... g2 { [%eval #10] } 60. e8=Q+ { [%eval #9] } 60... Kf6 { [%eval #11] } 61. Qe3 { [%eval #11] } 61... g1=Q { [%eval #7] } 62. Qxg1 { [%eval #6] } 62... a4 { [%eval #5] } 63. b4?! { [%eval #6] } 63... Kf5 { [%eval #6] } 64. Qe3 { [%eval #5] } 64... a3 { [%eval #5] } 65. b5?! { [%eval #5] } 65... Kf6 { [%eval #5] } 66. b6 { [%eval #4] } 66... Kf5 { [%eval #4] } 67. b7 { [%eval #3] } 67... Kf6 { [%eval #3] } 68. b8=Q { [%eval #2] } 68... Kf5 { [%eval #2] } 69. Qbf4+?! { [%eval #2] } 1-0,2675.0
 Blitz ,erindreki,hiimgosu,0-1,2016.07.09,23:08:25,2543,2812,-4.0,6.0,D02,Queen's Pawn Game: Krause Variation,180+0,Normal,1. d4 { [%eval 0.19] } 1... d5 { [%eval 0.19] } 2. Nf3 { [%eval 0.19] } 2... c5 { [%eval 0.32] } 3. c3 { [%eval 0.11] } 3... Nc6 { [%eval 0.22] } 4. Bf4 { [%eval 0.04] } 4... Nf6 { [%eval 0.05] } 5. e3 { [%eval 0.03] } 5... Qb6 { [%eval 0.0] } 6. Qb3 { [%eval 0.06] } 6... c4 { [%eval 0.06] } 7. Qxb6 { [%eval 0.04] } 7... axb6 { [%eval 0.06] } 8. a3 { [%eval -0.27] } 8... b5 { [%eval -0.31] } 9. Nbd2 { [%eval -0.31] } 9... b4 { [%eval -0.34] } 10. cxb4 { [%eval -0.28] } 10... Nxb4 { [%eval -0.29] } 11. Rc1 { [%eval -0.18] } 11... Nc6 { [%eval -0.18] } 12. Ne5 { [%eval -0.54] } 12... Bd7 { [%eval -0.28] } 13. Be2 { [%eval -0.1] } 13... e6 { [%eval -0.25] } 14. O-O { [%eval -0.15] } 14... b5 { [%eval -0.13] } 15. f3?! { [%eval -0.84] } 15... Nxe5 { [%eval -0.55] } 16. Bxe5 { [%eval -0.5] } 16... Bc6 { [%eval -0.55] } 17. e4 { [%eval -0.98] } 17... Nd7 { [%eval -0.49] } 18. Bg3 { [%eval -0.53] } 18... g6 { [%eval -0.48] } 19. exd5 { [%eval -0.52] } 19... exd5 { [%eval -0.42] } 20. Rfe1 { [%eval -0.39] } 20... Kd8 { [%eval -0.43] } 21. Nb1 { [%eval -0.68] } 21... Bg7 { [%eval -0.63] } 22. Bf2 { [%eval -0.72] } 22... Re8 { [%eval -0.65] } 23. Nc3 { [%eval -0.66] } 23... Kc7 { [%eval -0.66] } 24. Na2 { [%eval -0.61] } 24... Bb7 { [%eval -0.5] } 25. Nb4 { [%eval -0.51] } 25... Kb6 { [%eval -0.49] } 26. Bf1 { [%eval -0.49] } 26... Rad8 { [%eval -0.41] } 27. Rxe8 { [%eval -0.41] } 27... Rxe8 { [%eval -0.62] } 28. g3 { [%eval -0.67] } 28... Nb8 { [%eval -0.55] } 29. Kg2 { [%eval -0.62] } 29... Na6 { [%eval -0.63] } 30. Nxa6 { [%eval -1.08] } 30... Bxa6 { [%eval -1.0] } 31. Rd1 { [%eval -1.18] } 31... Bf8 { [%eval -0.73] } 32. Be1 { [%eval -0.77] } 32... Re3 { [%eval -0.5] } 33. Bc3 { [%eval -0.55] } 33... Bxa3?! { [%eval 0.0] } 34. Kf2?? { [%eval -3.06] } 34... Rxc3 { [%eval -2.86] } 35. bxc3 { [%eval -2.99] } 35... Bb2 { [%eval -2.73] } 36. f4?! { [%eval -3.29] } 36... Bxc3 { [%eval -3.03] } 37. Bg2 { [%eval -3.49] } 37... Bb7 { [%eval -3.22] } 38. Ke3 { [%eval -3.22] } 38... b4 { [%eval -2.95] } 39. Rc1? { [%eval -4.49] } 39... Bb2 { [%eval -4.22] } 40. Rb1?! { [%eval -5.2] } 40... c3 { [%eval -4.87] } 41. Kd3?! { [%eval -5.38] } 41... Ba6+?? { [%eval -0.85] } 42. Kc2 { [%eval -0.86] } 42... Bc4 { [%eval -0.77] } 43. Rxb2 { [%eval -0.77] } 43... cxb2 { [%eval -0.77] } 44. Kxb2 { [%eval -1.02] } 44... Kc6 { [%eval -0.82] } 45. Bh3 { [%eval -1.01] } 45... Kd6 { [%eval -1.01] } 46. Kc2 { [%eval -1.02] } 46... Ke7 { [%eval -1.02] } 47. Kd2 { [%eval -1.09] } 47... Kf6 { [%eval -1.07] } 48. Bg4 { [%eval -1.13] } 48... g5 { [%eval -0.93] } 49. h4 { [%eval -1.08] } 49... gxh4 { [%eval -1.08] } 50. gxh4 { [%eval -1.08] } 50... Kg6 { [%eval -1.08] } 51. Kc2 { [%eval -1.08] } 51... Bf1? { [%eval 0.07] } 52. Kd2? { [%eval -1.08] } 52... h5? { [%eval 0.0] } 53. Bd7?! { [%eval -0.79] } 53... Bg2?! { [%eval -0.07] } 54. Bc8?! { [%eval -0.79] } 54... Be4 { [%eval -0.79] } 55. Kc1 { [%eval -0.79] } 55... Bf5 { [%eval -0.79] } 56. Ba6 { [%eval -0.79] } 56... Be4 { [%eval -0.79] } 57. Bc8 { [%eval -0.87] } 57... Bf5?! { [%eval -0.22] } 58. Ba6 { [%eval -0.29] } 58... Kf6 { [%eval -0.29] } 59. Kb2 { [%eval -0.4] } 59... Be4 { [%eval -0.41] } 60. Bc8 { [%eval -0.42] } 60... Bf5 { [%eval -0.34] } 61. Ba6 { [%eval -0.47] } 61... Bd7 { [%eval 0.0] } 62. Bd3 { [%eval -0.07] } 62... Ba4 { [%eval -0.07] } 63. Bb1 { [%eval -0.48] } 63... Ke6 { [%eval -0.48] } 64. Bd3 { [%eval -0.48] } 64... Bd1 { [%eval -0.48] } 65. Kc1 { [%eval -0.63] } 65... Bg4 { [%eval -0.48] } 66. Kb2 { [%eval -0.48] } 66... Bf3?! { [%eval 0.07] } 67. Kb3 { [%eval 0.07] } 67... Be4 { [%eval 0.07] } 68. Bxe4?? { [%eval #-23] } 68... dxe4 { [%eval -59.96] } 69. Kxb4?! { [%eval #-19] } 69... Kd5 { [%eval #-18] } 70. Kc3 { [%eval #-18] } 70... f5 { [%eval #-20] } 0-1,2677.5
 Blitz ,hiimgosu,erindreki,1-0,2016.07.09,23:14:13,2818,2539,7.0,-3.0,D02,Queen's Pawn Game: Zukertort Variation,180+0,Normal,1. d4 d5 2. Nf3 c6 3. Bf4 Bf5 4. c4 Nf6 5. Nc3 e6 6. Qb3 Qb6 7. c5 Qxb3 8. axb3 Nh5 9. Bxb8 Rxb8 10. Rxa7 Be7 11. e3 Nf6 12. Na4 Nd7 13. Kd2 Kd8 14. Bd3 Bxd3 15. Kxd3 Kc7 16. b4 Ra8 17. Rxa8 Rxa8 18. Nc3 b5 19. Nd2 f5 20. h3 e5 21. f3 Bf6 22. g4 e4+ 23. Ke2 exf3+ 24. Nxf3 fxg4 25. hxg4 h6 26. Kd3 Rf8 27. Rh3 Be7 28. e4 dxe4+ 29. Nxe4 Nf6 30. Nxf6 Bxf6 31. Rg3 Rd8 32. Ke4 Re8+ 33. Ne5 Ra8 34. Ra3 Rxa3 35. bxa3 Bxe5 36. Kxe5 Kd7 37. d5 cxd5 38. Kxd5 Ke7 39. Ke5 g6 40. Kf4 Kf6 41. g5+ hxg5+ 42. Kg4 Ke6 43. Kxg5 Kd5 44. Kxg6 1-0,2678.5
 Bullet ,AMADAN,penguingim1,0-1,2016.07.11,21:02:58,2513,2905,-2.0,3.0,B01,Scandinavian Defense: Main Line,30+0,Normal,1. e4 d5 2. exd5 Qxd5 3. Nc3 Qa5 4. d4 c6 5. Nf3 Nf6 6. Bc4 Bg4 7. Bd2 Nbd7 8. d5 cxd5 9. Nxd5 Qd8 10. Nxf6+ Nxf6 11. Bb5+ Bd7 12. Qe2 Qb6 13. Bxd7+ Nxd7 14. O-O-O Rc8 15. Bc3 Nc5 16. Rhe1 e6 17. Bd4 Qa5 18. Kb1 Na6 19. b3 Nb4 20. a4 Rxc2 21. Qb5+ Qxb5 22. axb5 Rc8 23. Ne5 Nd5 24. Bxa7 Bb4 25. Re2 Nc3+ 0-1,2709.0
 Bullet ,penguingim1,AMADAN,1-0,2016.07.11,21:03:38,2908,2511,3.0,-3.0,D00,Blackmar-Diemer Gambit,30+0,Normal,1. d4 d5 2. e4 c5 3. exd5 cxd4 4. Qxd4 Nf6 5. Nc3 Nc6 6. Qd1 Nb4 7. Bb5+ Bd7 8. Bc4 b5 9. Bb3 a5 10. a3 Na6 11. Nf3 Nc5 12. Ba2 g6 13. O-O Bg7 14. d6 O-O 15. dxe7 Qxe7 16. Re1 Qd8 17. Ne5 Qb6 18. Nxd7 Nfxd7 19. Nd5 Qc6 20. c3 Kh8 21. Ne7 Qb6 22. Nd5 Qa6 23. Bf4 Rae8 24. Nc7 Qc6 25. Nxe8 f5 26. Nxg7 Ne4 27. Qd4 Ne5 28. Bxe5 1-0,2709.5
 Bullet ,penguingim1,AMADAN,1-0,2016.07.11,21:07:45,2920,2501,2.0,-2.0,E77,King's Indian Defense: Six Pawns Attack,30+0,Normal,1. d4 Nf6 2. c4 g6 3. Nc3 Bg7 4. e4 d6 5. e5 dxe5 6. d5 O-O 7. Nf3 c6 8. dxc6 Nxc6 9. Qc2 e4 10. Nd2 e3 11. fxe3 Ng4 12. Nf3 e5 13. h3 e4 14. hxg4 exf3 15. gxf3 Qd6 16. Qh2 Qxh2 17. Rxh2 Re8 18. Bd2 Nd4 19. Kf2 Nc6 20. Rh1 f5 21. g5 Be6 22. f4 Rad8 23. Rd1 Bxc3 24. bxc3 Na5 25. c5 Nc4 26. Bxc4 Bxc4 27. a3 Bd5 28. Rhe1 Be4 29. c4 Kf7 30. Bb4 Rxd1 31. Rxd1 Ke6 32. Rd6+ Ke7 33. c6 bxc6 34. Rxc6+ Kf7 35. Ra6 Re7 36. Bxe7 Kxe7 37. Rxa7+ Ke6 38. Rxh7 Kd6 39. Rg7 Kc5 40. Rxg6 Kxc4 41. Rf6 Kd3 42. g6 Bd5 43. g7 Bg8 44. Rxf5 Bh7 45. Rf8 Bg8 46. Rxg8 Ke4 47. Rd8 1-0,2710.5
 Bullet ,The_Savior,penguingim1,0-1,2016.07.11,21:16:38,2566,2925,-3.0,4.0,D05,Colle System,30+0,Normal,1. e3 e6 2. d4 d5 3. Nf3 Nf6 4. c4 c5 5. cxd5 Nxd5 6. dxc5 Bxc5 7. Nc3 Bb4 8. Qc2 Nxc3 9. bxc3 Be7 10. Bd3 Nc6 11. O-O Qc7 12. a4 h6 13. Ba3 b6 14. Bxe7 Kxe7 15. a5 Bb7 16. axb6 axb6 17. Rxa8 Rxa8 18. Nd4 Nxd4 19. cxd4 Qd6 20. Rd1 Rc8 21. Qe2 Qc6 22. f3 Qc3 23. Rd2 Qa1+ 24. Kf2 Rc1 25. Rc2 Rxc2 26. Qxc2 Kd8 27. Qd2 Qa4 28. Qe2 Qd7 29. Bb5 Qc7 30. Bd3 Ke7 31. Be4 Bc8 32. Qb2 Bd7 33. Qb4+ Qd6 34. Qd2 b5 35. Ke2 b4 36. Bd3 Qb6 37. Qb2 Bc6 38. Bc4 g5 39. Kd3 f6 40. e4 Bd7 41. d5 e5 42. d6+ Qxd6+ 43. Bd5 Qc5 44. Qb3 Bb5+ 45. Qc4 Bxc4+ 46. Bxc4 Qd4+ 47. Ke2 Qxc4+ 48. Kf2 Qc3 49. Kg3 h5 50. Kh3 Qe1 51. g4 Qf1+ 52. Kg3 h4# 0-1,2745.5
 Bullet ,penguingim1,The_Savior,1-0,2016.07.11,21:18:08,2929,2563,4.0,-2.0,A43,Benoni Defense: Benoni Gambit Accepted,30+0,Normal,1. d4 c5 2. dxc5 Nf6 3. f3 e6 4. Be3 Na6 5. Nc3 Nxc5 6. Bf2 d5 7. e4 dxe4 8. Qe2 exf3 9. Nxf3 Ncd7 10. Rd1 Be7 11. g3 O-O 12. Bg2 Rb8 13. O-O b6 14. Ng5 Bb7 15. Bh3 h6 16. Nxe6 fxe6 17. Bxe6+ Kh8 18. Be3 Qc7 19. Nb5 Qc6 20. Bf4 Qh1+ 21. Kf2 Qg2+ 22. Ke1 Qxe2+ 23. Kxe2 Nc5 24. Bf5 Nd5 25. Bxb8 Rxb8 26. c3 Bg5 27. Rd4 Re8+ 28. Kd1 Ne3+ 29. Ke1 Bg2 30. Rf2 Nf1+ 31. Re2 Bf3 32. Rxe8# 1-0,2746.0
 Bullet ,The_Savior,penguingim1,0-1,2016.07.11,21:19:19,2561,2933,-3.0,3.0,C47,"Four Knights Game: Italian Variation, Noa Gambit",30+0,Normal,1. e4 { [%eval 0.2] } 1... e5 { [%eval 0.22] } 2. Nc3 { [%eval 0.13] } 2... Nc6 { [%eval 0.15] } 3. Nf3 { [%eval 0.1] } 3... Nf6 { [%eval 0.05] } 4. Bc4 { [%eval 0.05] } 4... Nxe4 { [%eval 0.13] } 5. Bxf7+? { [%eval -0.95] } 5... Kxf7 { [%eval -0.92] } 6. Nxe4 { [%eval -1.0] } 6... d5 { [%eval -0.93] } 7. Nfg5+? { [%eval -2.13] } 7... Kg8 { [%eval -2.1] } 8. Qf3 { [%eval -2.25] } 8... Qe8?! { [%eval -1.67] } 9. b3? { [%eval -3.75] } 9... h6? { [%eval -2.62] } 10. h4?? { [%eval -6.87] } 10... dxe4? { [%eval -4.1] } 11. Nxe4 { [%eval -4.24] } 11... Be6? { [%eval -2.71] } 12. Bb2 { [%eval -2.75] } 12... Rd8 { [%eval -2.73] } 13. Qg3 { [%eval -2.74] } 13... Qf7 { [%eval -2.58] } 14. O-O?! { [%eval -3.18] } 14... Bf5 { [%eval -3.13] } 15. d3 { [%eval -3.09] } 15... Bd6?! { [%eval -2.28] } 16. f4? { [%eval -4.09] } 16... exf4?? { [%eval -0.58] } 17. Qf3?? { [%eval -4.46] } 17... Bxe4 { [%eval -4.31] } 18. Qxe4 { [%eval -4.36] } 18... Re8 { [%eval -4.51] } 19. Qf3 { [%eval -4.49] } 19... Kh7 { [%eval -4.43] } 20. Rae1 { [%eval -4.42] } 20... Rhf8 { [%eval -4.28] } 21. Rxe8?! { [%eval -5.05] } 21... Rxe8 { [%eval -4.82] } 22. h5? { [%eval -6.14] } 22... Qf5 { [%eval -5.74] } 23. Qh3?! { [%eval -6.55] } 23... Qg5?! { [%eval -5.73] } 24. Qf3?? { [%eval -12.36] } 24... Ne5?? { [%eval -5.39] } 25. Rf2?? { [%eval #-5] } 25... Nxf3+ { [%eval #-4] } 26. Rxf3 { [%eval #-4] } 26... Re1+ { [%eval #-3] } 27. Kh2 { [%eval #-3] } 27... Qh4+?! { [%eval #-3] } 28. Rh3 { [%eval #-3] } 28... f3+ { [%eval #-2] } 29. g3 { [%eval #-1] } 29... Bxg3# 0-1,2747.0
 Bullet ,penguingim1,The_Savior,1-0,2016.07.11,21:20:31,2936,2558,3.0,-2.0,A43,Benoni Defense: Old Benoni,30+0,Normal,1. d4 c5 2. d5 d6 3. c4 Nd7 4. Nc3 Ngf6 5. e4 g6 6. f3 Bg7 7. Nge2 O-O 8. Ng3 e6 9. Be2 e5 10. O-O h5 11. Bg5 Qe8 12. Qd2 Nh7 13. Bh4 f6 14. Nh1 g5 15. Bf2 h4 16. Be3 b6 17. g3 hxg3 18. hxg3 Qg6 19. Nf2 Bh6 20. Kg2 Rf7 21. Rh1 Bg7 22. Ng4 f5 23. exf5 Rxf5 24. Bd3 Ndf6 25. Raf1 Qf7 26. Bxf5 Bxf5 27. Nh6+ Bxh6 28. Rxh6 Qg7 29. Rh2 Rf8 30. g4 Bg6 31. Bxg5 e4 32. Bh6 Qe7 33. Bxf8 exf3+ 34. Rxf3 Qxf8 35. g5 Be4 36. Nxe4 Nxg5 37. Nxf6+ Kg7 38. Qxg5+ Kf7 39. Rh7+ Qg7 40. Rxg7+ Kf8 1-0,2747.0
 Bullet ,The_Savior,penguingim1,0-1,2016.07.11,21:21:48,2556,2939,-3.0,4.0,D00,Queen's Pawn Game,30+0,Normal,1. d4 d5 2. c3 e5 3. Nf3 e4 4. Nfd2 Nf6 5. e3 c5 6. Be2 cxd4 7. exd4 Nc6 8. O-O Bd6 9. Re1 h5 10. Nf1 O-O 11. Bg5 g6 12. Nbd2 Be7 13. f3 Re8 14. fxe4 Nxe4 15. Bxe7 Rxe7 16. Nxe4 dxe4 17. Bc4 Qb6 18. Bb3 Na5 19. Kh1 Nxb3 20. Qxb3 Qxb3 21. axb3 Be6 22. b4 Bc4 23. Ne3 Be6 24. d5 Bd7 25. c4 a6 26. b3 Kf8 27. d6 Re5 28. c5 f5 29. Nc4 Rae8 30. Nb6 Rd8 31. Nc4 Re6 32. Nb6 Bc6 33. Red1 Kg7 34. Kg1 e3 35. Kf1 e2+ 36. Ke1 exd1=Q+ 37. Kxd1 Bxg2 38. Kd2 Bc6 39. b5 axb5 40. b4 f4 41. Kc3 f3 42. Rf1 Rf8 43. d7 g5 44. Nc8 Bxd7 45. Nd6 Bc6 46. Kd4 g4 47. h3 g3 48. Nf5+ Rxf5 49. Rxf3 Re4+ 50. Kd3 Rxf3+ 0-1,2747.5
 Bullet ,penguingim1,The_Savior,1-0,2016.07.11,21:23:15,2943,2553,3.0,-2.0,A43,Benoni Defense: Benoni Gambit Accepted,30+0,Normal,1. d4 c5 2. dxc5 Nf6 3. Be3 e6 4. Nc3 Na6 5. Na4 Qa5+ 6. c3 Nxc5 7. Nxc5 Bxc5 8. b4 Bxb4 9. cxb4 Qxb4+ 10. Bd2 Qe7 11. Nf3 O-O 12. Rb1 d6 13. Bb4 Rd8 14. e3 a5 15. Bc3 b6 16. Bd3 Ba6 17. O-O Bxd3 18. Qxd3 e5 19. h3 e4 20. Qd4 exf3 21. gxf3 Rac8 22. Rxb6 Rc5 23. Bb2 Rg5+ 24. Kh2 Qe6 25. Rg1 Rh5 26. Rg3 h6 27. Qxf6 Rxh3+ 28. Rxh3 Qxf6 29. Rg3 Qe6 30. Rxg7+ Kf8 31. Rg3 Ke7 32. Rb7+ Rd7 33. Rb8 Rd8 34. Rb3 Rd7 35. Ba3 Qe5 36. Rb2 Qe6 37. f4 Qe5 38. fxe5 Ke6 39. exd6 f5 40. Kg2 f4 41. Rg6+ Ke5 42. Rxh6 Kf5 43. Kf3 fxe3 44. Rb5# 1-0,2748.0
 Bullet ,The_Savior,penguingim1,0-1,2016.07.11,21:24:35,2551,2946,-3.0,3.0,D04,Queen's Pawn Game: Colle System,30+0,Normal,1. e3 d5 2. d4 Nf6 3. Nf3 e5 4. c4 e4 5. Nfd2 c6 6. cxd5 cxd5 7. Nc3 Nc6 8. a3 Bd6 9. b4 O-O 10. b5 Ne7 11. a4 Ng4 12. h3 Nxe3 13. fxe3 Bg3+ 14. Ke2 f5 15. Nb3 f4 16. exf4 Rxf4 17. Bxf4 Bxf4 18. Nc5 b6 19. N5xe4 dxe4 20. Nxe4 Be6 21. Kf3 Nd5 22. Bc4 Qc7 23. Bxd5 Bxd5 24. Rc1 Qf7 25. Kg4 h5+ 26. Kh4 Bxc1 27. Qxc1 Bxe4 28. Qg5 Rf8 29. Re1 Bxg2 30. Re7 Qf4+ 31. Kxh5 Bf3+ 32. Kg6 Be4+ 33. Kh5 Qf3+ 34. Kh4 Rf4+ 35. Qg4 Rxg4+ 36. hxg4 Qf4 37. Re8+ Kf7 38. Re5 g5+ 39. Kh3 Qf3+ 40. Kh2 Qg2# 0-1,2748.5
 Bullet ,The_Savior,penguingim1,0-1,2016.07.11,21:27:46,2546,2952,-3.0,3.0,D00,Queen's Pawn Game,30+0,Normal,1. d4 d5 2. c3 e5 3. Nf3 exd4 4. cxd4 Nf6 5. Nc3 Ne4 6. g4 Bb4 7. g5 Nxc3 8. bxc3 Bxc3+ 9. Bd2 Bxa1 10. Qxa1 Nc6 11. e3 Bg4 12. Be2 O-O 13. h4 Re8 14. h5 Qd6 15. h6 g6 16. Qc3 Rab8 17. Bc1 b5 18. Bb2 b4 19. Qd2 a5 20. Ne5 Nxe5 21. dxe5 Qe6 22. Bxg4 Qxg4 23. Qxd5 Qe6 24. Qe4 a4 25. Ke2 Qxa2 0-1,2749.0
 Bullet ,The_Savior,penguingim1,0-1,2016.07.11,21:30:11,2541,2958,-2.0,3.0,A40,"Englund Gambit Declined, Reversed French",30+0,Normal,1. e3 e5 2. d4 exd4 3. exd4 d5 4. c3 Nf6 5. Nf3 Be7 6. Bd3 O-O 7. O-O c6 8. Nbd2 Bg4 9. Re1 Bh5 10. Nf1 Nbd7 11. Ng3 Bg6 12. Bxg6 hxg6 13. Bg5 Re8 14. Bxf6 Nxf6 15. Qd2 Bd6 16. Ne5 Qc7 17. Nd3 Ne4 18. Qc2 Re7 19. Re3 Rae8 20. Rae1 f5 21. R3e2 f4 22. Nxe4 dxe4 23. Nc5 Bxc5 24. dxc5 Qe5 25. f3 Qxc5+ 26. Kf1 exf3 27. Rxe7 fxg2+ 28. Qxg2 Rxe7 29. Rxe7 Qxe7 30. Qxg6 Qf7 31. Qd6 Qxa2 32. Qd8+ Kh7 33. Qh4+ Kg6 34. Qg4+ Kf7 35. Qf5+ Ke7 36. Qe5+ Qe6 37. Qxg7+ Qf7 38. Qe5+ Kf8 39. Qxf4 Qxf4+ 40. Ke2 Qh4 0-1,2749.5
 Bullet ,penguingim1,The_Savior,1-0,2016.07.11,21:31:19,2961,2539,3.0,-3.0,A43,Benoni Defense: Benoni Gambit Accepted,30+0,Normal,1. d4 c5 2. dxc5 Nf6 3. Be3 e6 4. Nc3 Na6 5. Na4 Nd5 6. Bd4 Qc7 7. e4 Nf6 8. Bxa6 bxa6 9. e5 Ne4 10. Nf3 Nxc5 11. c3 Bb7 12. O-O Nxa4 13. Qxa4 Bxf3 14. gxf3 Bc5 15. Qxa6 Bb6 16. Rad1 Rb8 17. Qe2 Bxd4 18. cxd4 O-O 19. b3 d5 20. Rc1 Qe7 21. Qd2 f5 22. Rc6 Qf7 23. Rfc1 Qg6+ 24. Kh1 Rbe8 25. Rg1 Qh6 26. Qxh6 Rf7 27. Rxe6 Ref8 28. Reg6 hxg6 29. Qxg6 f4 30. e6 Re7 31. h4 Rf6 32. Qxf6 Re8 33. e7 Kh7 34. Qxg7# 1-0,2750.0
 Bullet ,The_Savior,penguingim1,0-1,2016.07.11,21:32:37,2536,2964,-2.0,3.0,D04,Queen's Pawn Game: Colle System,30+0,Normal,1. e3 d5 2. d4 Nf6 3. Nf3 e5 4. c4 e4 5. Ne5 c6 6. cxd5 cxd5 7. Nc3 Bd6 8. Bb5+ Nbd7 9. Nxd7 Bxd7 10. Bxd7+ Qxd7 11. Qa4 Qxa4 12. Nxa4 b5 13. Nc3 a6 14. a3 Kd7 15. h3 Rhc8 16. Bd2 Rab8 17. O-O a5 18. Rfd1 b4 19. Ne2 Rb7 20. axb4 axb4 21. Rdc1 Rxc1+ 22. Rxc1 Ne8 23. Kf1 Be7 24. Ke1 g5 25. Kd1 Nd6 26. Ng3 Nc4 27. b3 Na5 28. Kc2 Rc7+ 29. Kb2 Rxc1 30. Bxc1 Ke6 31. Ne2 f5 32. Bd2 Nc6 33. g3 Bd6 34. Kc2 h5 35. Kd1 h4 36. gxh4 gxh4 37. Ke1 Ne7 38. Kf1 Ng6 39. Kg2 Kf6 40. f3 Kg5 41. f4+ Kh5 42. Ng1 Nf8 43. Kf2 Nd7 44. Ke2 Nb8 45. Kf2 Nc6 46. Ne2 Kg6 47. Nc1 Kf6 48. Ke2 Ke6 49. Be1 Kd7 50. Bxh4 Na5 51. Be1 Nc6 52. h4 Ke6 53. h5 Kf6 54. h6 Kg6 55. h7 Kxh7 56. Na2 Kg6 57. Kf2 Kh5 58. Kg3 Be7 59. Kh2 Na5 60. Kg2 Nxb3 61. Nxb4 Bxb4 62. Bxb4 Kg4 63. Kf2 Nc1 64. Bd2 Nd3+ 65. Ke2 Nb2 66. Be1 Nc4 67. Bd2 Kh3 68. Be1 Kg2 69. Bd2 Nxd2 70. Kxd2 Kf2 71. Kc3 Kxe3 72. Kb4 Kxd4 73. Kb3 Ke3 74. Kc2 Kxf4 75. Kd1 d4 76. Ke1 Kf3 77. Kf1 d3 78. Ke1 e3 79. Kd1 Kf2 80. Kc1 e2 81. Kb1 e1=Q+ 82. Kb2 Qb4+ 83. Ka2 d2 0-1,2750.0
 Bullet ,penguingim1,The_Savior,1-0,2016.07.11,21:34:34,2967,2534,2.0,-2.0,D06,"Queen's Gambit Refused: Marshall Defense, Tan Gambit",30+0,Normal,1. d4 { [%eval 0.2] } 1... c6 { [%eval 0.47] } 2. c4 { [%eval 0.28] } 2... d5 { [%eval 0.31] } 3. cxd5 { [%eval 0.22] } 3... Nf6 { [%eval 0.35] } 4. dxc6 { [%eval 0.29] } 4... Nxc6 { [%eval 0.47] } 5. Nf3 { [%eval 0.31] } 5... e5 { [%eval 0.32] } 6. dxe5 { [%eval 0.34] } 6... Qxd1+ { [%eval 0.29] } 7. Kxd1 { [%eval 0.17] } 7... Ne4 { [%eval 0.63] } 8. Ke1 { [%eval 0.56] } 8... Bb4+ { [%eval 0.58] } 9. Nbd2 { [%eval 0.56] } 1-0,2750.5
 Bullet ,The_Savior,penguingim1,0-1,2016.07.11,21:34:53,2532,2969,-2.0,3.0,A40,Englund Gambit,30+0,Normal,1. d4 e5 2. c3 exd4 3. cxd4 d5 4. Nc3 Nf6 5. Nf3 Bd6 6. g3 c6 7. Bg2 O-O 8. O-O Bf5 9. Re1 h6 10. Bf4 Bh7 11. e3 Re8 12. h4 b5 13. Kh1 a5 14. Ne2 Qe7 15. Qd2 Ne4 16. Bxd6 Qe6 17. Qc2 Nxf2+ 18. Kg1 Bxc2 0-1,2750.5
 Bullet ,penguingim1,The_Savior,1-0,2016.07.11,21:35:32,2972,2530,3.0,-2.0,A57,Benoni Defense: Hromadka System,30+0,Normal,1. d4 c5 2. d5 Nf6 3. c4 d6 4. Nc3 Nbd7 5. e4 g6 6. Nge2 Bg7 7. Ng3 O-O 8. Be2 e5 9. O-O h5 10. Bg5 Qe8 11. Qd2 Nh7 12. Bh6 Ndf6 13. h3 a6 14. a4 Rb8 15. Bxg7 Kxg7 16. f4 exf4 17. Qxf4 Qe5 18. Qxe5 dxe5 19. Nh1 Ne8 20. Nf2 Nd6 21. b3 f6 22. Nd3 a5 23. Nxc5 b6 24. Nd3 Ng5 25. Nf2 f5 26. exf5 Nxf5 27. Nfe4 Ne3 28. Rxf8 Nxe4 29. Rf3 1-0,2751.0
 Bullet ,The_Savior,penguingim1,0-1,2016.07.11,21:36:36,2528,2975,-2.0,2.0,A40,"Englund Gambit Declined, Reversed French",30+0,Normal,1. e3 e5 2. d4 exd4 3. exd4 d5 4. Nf3 Nf6 5. c3 Bb4 6. Bd3 Be7 7. O-O c6 8. Nbd2 O-O 9. Re1 Bg4 10. Ne5 Bxd1 0-1,2751.5
 Bullet ,The_Savior,penguingim1,0-1,2016.07.11,21:38:25,2552,2946,-3.0,3.0,A43,Old Benoni Defense,30+0,Normal,1. d4 { [%eval 0.15] } 1... c5 { [%eval 0.48] } 2. c3 { [%eval 0.1] } 2... cxd4 { [%eval 0.37] } 3. cxd4 { [%eval 0.29] } 3... Nc6?! { [%eval 0.81] } 4. Nc3?! { [%eval 0.22] } 4... d5 { [%eval 0.24] } 5. Nf3 { [%eval 0.21] } 5... e5?! { [%eval 0.98] } 6. e3?! { [%eval 0.07] } 6... exd4 { [%eval 0.1] } 7. Nxd4 { [%eval 0.0] } 7... Nf6 { [%eval 0.08] } 8. Nxc6 { [%eval -0.35] } 8... bxc6 { [%eval -0.3] } 9. Be2 { [%eval -0.33] } 9... Bd6 { [%eval -0.25] } 10. O-O { [%eval -0.64] } 10... O-O { [%eval -0.41] } 11. g3 { [%eval -0.74] } 11... h5?! { [%eval -0.24] } 12. b3?! { [%eval -0.77] } 12... h4 { [%eval -0.31] } 13. Bb2 { [%eval -0.5] } 13... hxg3 { [%eval -0.41] } 14. hxg3 { [%eval -0.47] } 14... Re8?! { [%eval 0.06] } 15. Kg2 { [%eval 0.05] } 15... Bf5 { [%eval 0.37] } 16. Rh1 { [%eval 0.13] } 16... Qd7 { [%eval 0.34] } 17. Bf3 { [%eval -0.04] } 17... Ng4 { [%eval -0.01] } 18. Ne2? { [%eval -1.3] } 18... Rxe3 { [%eval -1.23] } 19. Nf4?? { [%eval -7.39] } 19... Rae8?? { [%eval -3.0] } 20. Nh5?? { [%eval -10.2] } 20... f6?? { [%eval -6.32] } 21. Bxg4 { [%eval -6.36] } 21... Bxg4 { [%eval -6.16] } 22. Qd4?? { [%eval -12.03] } 22... Bf3+ { [%eval -10.58] } 23. Kh2 { [%eval -15.21] } 23... R3e4 { [%eval -14.2] } 24. Qd2?! { [%eval #-2] } 0-1,2749.0
 Bullet ,The_Savior,penguingim1,0-1,2016.07.11,21:40:40,2546,2952,-3.0,4.0,A40,Englund Gambit,30+0,Normal,1. d4 e5 2. c3 e4 3. f4 f5 4. e3 Nf6 5. Ne2 d5 6. h3 Bd6 7. g3 O-O 8. Bg2 b5 9. O-O a6 10. b4 Be6 11. a3 Nbd7 12. Nd2 c6 13. Bb2 a5 14. Nb3 a4 15. Nc5 Bf7 16. Nxd7 Qxd7 17. Qe1 h6 18. Kh2 g5 19. Rg1 g4 20. h4 Nh5 21. Kh1 Be6 22. Qf2 Be7 23. Rac1 Qd8 24. Rge1 Bf6 25. Kg1 Qe7 26. Kf1 Kg7 27. Ng1 Rfc8 28. Ke2 Nxg3+ 29. Qxg3 Bxh4 30. Qh2 Bxe1 31. Rxe1 h5 32. Kf2 h4 33. Kf1 Rh8 34. Bh1 Qf6 35. Qc2 Kf7 36. Ne2 h3 37. c4 bxc4 38. Ng3 Qh4 39. Qh2 Qe7 40. Bc3 Rab8 41. Kf2 Ke8 42. Re2 Kd7 43. Rd2 Rb7 44. Rc2 Rhb8 45. Kf1 Rxb4 46. Bxb4 Rxb4 47. axb4 Qxb4 48. Ke2 Qb3 49. Kd1 a3 50. Qd2 a2 51. Qc1 Qd3+ 52. Qd2 a1=Q+ 53. Rc1 Qa4+ 54. Ke1 Qxd2+ 55. Kxd2 Qa2+ 56. Rc2 Qa5+ 57. Rc3 Qb5 58. Rc2 Qa5+ 59. Rc3 Qb4 60. Ke2 Kd6 61. Nf1 Qxc3 62. Nd2 Qd3+ 63. Ke1 Qxd2+ 64. Kxd2 g3 65. Kc3 g2 66. Kc2 g1=Q 0-1,2749.0
 Bullet ,penguingim1,The_Savior,1-0,2016.07.11,21:42:22,2956,2543,3.0,-2.0,B15,Caro-Kann Defense: Main Line,30+0,Normal,1. d4 d5 2. e4 c6 3. Nc3 dxe4 4. Nxe4 Nf6 5. Ng3 e6 6. Nf3 Be7 7. c3 O-O 8. Bd3 Nbd7 9. O-O Re8 10. Ne5 Nf8 11. f4 Ng6 12. Qe2 Nd5 13. h3 Bh4 14. Ne4 Be7 15. g3 Nf6 16. h4 Nxe4 17. Bxe4 Bf6 18. h5 Bxe5 19. fxe5 Nf8 20. Be3 Bd7 21. Qg4 Re7 22. h6 g6 23. Bg5 Qe8 24. Qf4 Bc8 25. Qf6 1-0,2749.5
 Bullet ,The_Savior,penguingim1,0-1,2016.07.11,21:43:11,2541,2959,-3.0,3.0,A40,"Englund Gambit Declined, Reversed French",30+0,Normal,1. e3 e5 2. d4 exd4 3. exd4 Nf6 4. c3 d5 5. Nf3 Be7 6. Bd3 O-O 7. O-O Ne4 8. Nbd2 f5 9. Ne5 c6 10. f4 Nd6 11. Ndf3 Nd7 12. Re1 Nf6 13. Be3 Nfe4 14. Bf2 Bf6 15. Bxe4 fxe4 16. Nd2 Re8 17. Nf1 g6 18. g3 Bg7 19. Ne3 Qc7 20. h4 Nf5 21. Nxf5 Bxf5 22. Be3 h5 23. Qe2 Rf8 24. Qf2 Bxe5 25. dxe5 Bg4 26. Bc5 Rf7 27. Bd6 Qc8 28. c4 Bf3 29. cxd5 cxd5 30. Rac1 Qh3 31. Qh2 Qg4 32. Qf2 Rxf4 33. e6 Rf7 34. e7 Qh3 35. Bf4 Qh1# 0-1,2750.0
 Bullet ,penguingim1,The_Savior,1-0,2016.07.11,21:44:03,2962,2538,2.0,-2.0,B32,Sicilian Defense: Open #2,30+0,Normal,1. d4 c5 2. e4 cxd4 3. Nf3 Nc6 4. c3 e5 5. Bc4 Nf6 6. Ng5 d5 7. exd5 Nxd5 8. Qf3 Be6 9. Nxe6 fxe6 10. O-O Bd6 11. Bd3 Nf6 12. Nd2 dxc3 13. bxc3 O-O 14. Ne4 Nxe4 15. Qxe4 g6 16. Be3 Qf6 17. Rad1 Rad8 18. Bc4 Bb8 19. h3 Rde8 20. Bb3 Kg7 21. Rd7+ Rf7 22. Rfd1 Ree7 23. Rxe7 Rxe7 24. g3 Rf7 25. h4 a6 26. Rd2 Ba7 27. Bg5 Bxf2+ 28. Kg2 Qf5 29. Qxf5 Rxf5 30. Bxe6 Be3 31. Rd7+ Rf7 32. Rxf7+ Kg8 1-0,2750.0
 Bullet ,The_Savior,penguingim1,0-1,2016.07.11,21:45:15,2536,2964,-3.0,3.0,D00,Queen's Pawn Game #3,30+0,Normal,1. e3 d5 2. d4 Nf6 3. c3 e6 4. Nf3 c5 5. Nbd2 Nc6 6. Bd3 Qc7 7. O-O Be7 8. dxc5 Bxc5 9. b4 Be7 10. a3 O-O 11. Bb2 e5 12. Qe2 e4 13. Nd4 exd3 14. Qxd3 Ne5 15. Qe2 Nc4 16. Nxc4 dxc4 0-1,2750.0
 Bullet ,penguingim1,The_Savior,1-0,2016.07.11,21:45:43,2967,2533,3.0,-2.0,B07,Lion Defense: Bayonet Attack,30+0,Normal,1. d4 Nf6 2. e4 d6 3. Nc3 Nbd7 4. g4 e5 5. g5 Ng8 6. h4 Ne7 7. f4 exf4 8. Bxf4 Ng6 9. Be3 Qe7 10. h5 Nb6 11. hxg6 1-0,2750.0
 Bullet ,The_Savior,penguingim1,0-1,2016.07.11,21:46:06,2531,2970,-3.0,3.0,A00,Van't Kruijs Opening,30+0,Normal,1. e3 e5 2. Nf3 e4 3. Nd4 c5 4. Nb3 a5 5. d4 a4 6. N3d2 cxd4 7. Nxe4 d5 8. Ng3 dxe3 9. Bxe3 Nf6 10. Bb5+ Nc6 11. O-O Be7 12. Nc3 O-O 13. Bxc6 bxc6 14. Re1 c5 15. Bg5 d4 16. Nce4 Bb7 17. Be3 dxe3 0-1,2750.5
 Bullet ,The_Savior,penguingim1,0-1,2016.07.11,21:48:19,2526,2975,-2.0,3.0,A00,Van't Kruijs Opening,30+0,Normal,1. e3 b6 2. Nf3 Bb7 3. d4 e6 4. c4 Nf6 5. Nc3 c5 6. d5 exd5 7. cxd5 Bd6 8. Bd3 a6 9. h4 O-O 10. a4 Re8 11. h5 h6 12. Kf1 Qe7 13. Rh4 Nxd5 14. Nxd5 Bxd5 15. Bh7+ Kxh7 16. Qxd5 Nc6 17. Qf5+ Kh8 18. Rg4 Qe6 19. Qxe6 dxe6 20. e4 Be7 21. e5 Red8 22. Bf4 Rd3 23. g3 Rxf3 0-1,2750.5
 Bullet ,penguingim1,The_Savior,1-0,2016.07.11,21:52:40,2931,2565,4.0,-3.0,A82,Dutch Defense: Staunton Gambit Accepted,30+0,Normal,1. d4 { [%eval 0.09] } 1... f5 { [%eval 0.46] } 2. e4?! { [%eval -0.08] } 2... fxe4 { [%eval 0.05] } 3. Nc3 { [%eval -0.08] } 3... e3? { [%eval 1.2] } 4. Bxe3 { [%eval 1.12] } 4... Nf6 { [%eval 1.11] } 5. g4 { [%eval 1.01] } 5... g6 { [%eval 1.49] } 6. g5 { [%eval 1.5] } 6... Ng8? { [%eval 2.75] } 7. h4 { [%eval 2.2] } 7... c6? { [%eval 4.57] } 8. h5 { [%eval 4.29] } 8... Kf7?? { [%eval 13.08] } 9. hxg6+ { [%eval 12.66] } 9... Kg7 { [%eval 20.37] } 10. gxh7 { [%eval 18.81] } 10... Rxh7?! { [%eval #7] } 11. Rxh7+ { [%eval #6] } 11... Kxh7 { [%eval #6] } 12. Qh5+ { [%eval #7] } 12... Kg7 { [%eval #3] } 13. g6?? { [%eval 6.09] } 13... Nf6 { [%eval 5.73] } 14. Qh4 { [%eval 5.54] } 14... Qe8? { [%eval 6.8] } 15. Bd3 { [%eval 6.72] } 15... d5 { [%eval 6.92] } 16. Nf3?! { [%eval 6.41] } 16... Bg4?? { [%eval 10.86] } 17. O-O-O? { [%eval 8.64] } 17... Bxf3? { [%eval 14.12] } 18. Rg1 { [%eval 11.95] } 18... Nbd7?! { [%eval #10] } 19. Qh6+ { [%eval #9] } 19... Kg8 { [%eval #9] } 20. g7 { [%eval #8] } 20... Ng4 { [%eval #2] } 21. Qh7+?! { [%eval #2] } 21... Kf7 { [%eval #2] } 22. g8=Q+ { [%eval #1] } 22... Kf6 { [%eval #1] } 23. Bg5# 1-0,2748.0
 Bullet ,The_Savior,penguingim1,0-1,2016.07.11,21:53:31,2562,2935,-4.0,4.0,A40,Englund Gambit,30+0,Normal,1. d4 e5 2. c4 exd4 3. Qxd4 Nc6 4. Qd2 Nf6 5. e3 d5 6. cxd5 Nxd5 7. Nc3 Nxc3 8. Qxd8+ Kxd8 9. bxc3 Be6 10. Nf3 Ke8 11. Be2 Rd8 12. O-O Bd6 13. Nd4 Ke7 14. Nxc6+ bxc6 15. Bf3 c5 16. Ba3 Rb8 17. Rfb1 c4 18. Rxb8 Rxb8 19. Bxd6+ Kxd6 20. Kf1 Kc5 21. Rd1 Rb2 22. Ke1 Rxa2 23. h3 a5 24. g4 a4 25. g5 a3 26. Be4 Bxh3 27. Bxh7 Be6 28. Be4 Rb2 29. f4 a2 30. Ra1 Bd5 31. Bf5 g6 32. Rxa2 Rxa2 0-1,2748.5
 Bullet ,The_Savior,penguingim1,0-1,2016.07.11,21:56:30,2555,2943,-3.0,3.0,A00,Van't Kruijs Opening,30+0,Normal,1. e3 e5 2. Nf3 e4 3. Nd4 c5 4. Nb3 a5 5. d4 a4 6. Nxc5 f5 7. c4 b6 8. Nxa4 Nf6 9. Nac3 d5 10. cxd5 Bd6 11. Bc4 O-O 12. g3 f4 13. exf4 g5 14. fxg5 Ng4 15. Be3 Qc7 16. Be2 Nxe3 17. fxe3 Na6 18. Nb5 Bxg3+ 19. hxg3 Qxg3+ 20. Kd2 Rf2 21. N1c3 Bg4 22. Qg1 Rg2 23. Qf1 Rf8 24. Qe1 Rff2 25. d6 Bxe2 26. Nxe2 Qf3 27. d7 Rxe2+ 28. Kc3 Qxe3+ 29. Kc4 Rc2+ 30. Kd5 Qxg5+ 31. Kd6 Qf6+ 32. Kd5 Qf5+ 33. Kd6 Rg6+ 34. Ke7 Qf8# 0-1,2749.0
 Bullet ,penguingim1,The_Savior,1-0,2016.07.11,21:57:49,2946,2552,4.0,-3.0,A44,Semi-Bononi,30+0,Normal,1. d4 { [%eval 0.15] } 1... c5?! { [%eval 0.66] } 2. d5 { [%eval 0.55] } 2... e5 { [%eval 0.63] } 3. e4 { [%eval 0.63] } 3... d6 { [%eval 0.56] } 4. f4 { [%eval 0.24] } 4... Be7?! { [%eval 0.89] } 5. fxe5 { [%eval 0.64] } 5... dxe5 { [%eval 0.62] } 6. Nf3 { [%eval 0.72] } 6... Nf6 { [%eval 0.72] } 7. Nc3 { [%eval 0.83] } 7... Bd6 { [%eval 1.04] } 8. Bd3 { [%eval 0.81] } 8... O-O { [%eval 0.82] } 9. O-O { [%eval 0.81] } 9... a6 { [%eval 0.81] } 10. Bg5?! { [%eval 0.28] } 10... b5 { [%eval 0.37] } 11. Nh4 { [%eval -0.12] } 11... Nbd7 { [%eval 0.37] } 12. Nf5 { [%eval 0.42] } 12... Qc7? { [%eval 2.28] } 13. Qf3? { [%eval 0.92] } 13... c4?! { [%eval 1.43] } 14. Qg3? { [%eval 0.0] } 14... cxd3?? { [%eval #4] } 15. Bxf6 { [%eval #3] } 15... g6 { [%eval #1] } 16. Nh6# 1-0,2749.0
 Bullet ,The_Savior,penguingim1,0-1,2016.07.11,21:58:22,2549,2950,-3.0,3.0,A40,Englund Gambit,30+0,Normal,1. d4 e5 2. c3 exd4 3. cxd4 d5 4. Nc3 Nf6 5. Nf3 Be7 6. Bg5 O-O 7. Bxf6 Bxf6 8. e3 c5 9. Bd3 Nc6 10. dxc5 d4 11. exd4 Nxd4 12. Nxd4 Qxd4 13. O-O Qxc5 14. Ne4 Qe5 15. Nxf6+ Qxf6 16. Qc2 g6 17. Rab1 Be6 18. Bc4 Rac8 19. b3 b5 0-1,2749.5
 Bullet ,penguingim1,The_Savior,1-0,2016.07.11,21:58:57,2953,2546,3.0,-3.0,B32,Sicilian Defense: Open #2,30+0,Normal,1. e4 c5 2. d4 cxd4 3. Nf3 Nc6 4. c3 d3 5. Bxd3 d6 6. O-O Nf6 7. e5 g6 8. exf6 1-0,2749.5
 Bullet ,The_Savior,penguingim1,0-1,2016.07.11,21:59:11,2543,2956,-3.0,3.0,A40,"Englund Gambit Declined, Reversed French",30+0,Normal,1. e3 e5 2. d4 e4 3. c4 f5 4. Nc3 Nf6 5. f3 c6 6. fxe4 fxe4 7. d5 Bd6 8. dxc6 dxc6 9. Nge2 O-O 10. g3 Ng4 11. Qb3 Nf2 12. Rg1 Na6 13. Kd2 Nc5 14. Kc2 Nxb3 0-1,2749.5
 Bullet ,penguingim1,The_Savior,1-0,2016.07.11,22:02:28,2965,2534,3.0,-2.0,A00,Grob Opening: Grob Gambit,30+0,Normal,1. g4?! { [%eval -0.79] } 1... d5 { [%eval -0.78] } 2. Bg2 { [%eval -0.8] } 2... h5 { [%eval -0.46] } 3. c4 { [%eval -0.94] } 3... hxg4 { [%eval -0.6] } 4. cxd5 { [%eval -0.77] } 4... g3? { [%eval 0.79] } 5. Nc3? { [%eval -0.82] } 5... gxh2?! { [%eval 0.15] } 6. Nf3 { [%eval 0.08] } 6... Nf6 { [%eval 0.2] } 7. e4 { [%eval -0.01] } 7... Ng4?! { [%eval 0.73] } 8. d4 { [%eval 0.68] } 8... e6 { [%eval 0.73] } 9. dxe6 { [%eval 0.53] } 9... Bxe6 { [%eval 0.74] } 10. Ng5 { [%eval 0.32] } 10... Bc4? { [%eval 2.98] } 11. Qf3?? { [%eval -0.79] } 11... Nf6? { [%eval 0.76] } 12. e5 { [%eval 0.92] } 12... Nd5?? { [%eval #1] } 13. Qxf7# 1-0,2749.5
 Bullet ,penguingim1,gnejs,0-1,2016.07.11,22:09:22,2974,2653,-30.0,18.0,A43,Queen's Pawn Game: Liedmann Gambit,30+0,Normal,1. d4 c5 2. c4 cxd4 3. e3 d3 4. Nc3 Nf6 5. Bxd3 Nc6 6. Nge2 g6 7. O-O Bg7 8. Nd4 O-O 9. Nxc6 bxc6 10. Qe2 d5 11. e4 d4 12. Nd1 e5 13. f4 exf4 14. Bxf4 Ng4 15. Nf2 Ne5 16. h3 c5 17. b3 Re8 18. Qd2 Bb7 19. Rae1 Qd7 20. Be2 a5 21. Nd3 Qd6 22. Bxe5 Bxe5 23. Bg4 Bh2+ 24. Kh1 Bg3 25. e5 Bxe5 26. Qf2 f5 27. Bf3 Bg3 28. Qc2 Bxf3 29. Rxe8+ Rxe8 30. Rxf3 Re3 31. Rf1 Qe6 32. Qd1 Qe4 33. Nxc5 Qh4 34. Nd3 Bd6 35. c5 Rxh3+ 36. Kg1 Rh2 37. cxd6 Rh1# 0-1,2813.5
 Bullet ,penguingim1,gnejs,0-1,2016.07.11,22:14:50,2895,2703,-25.0,17.0,A43,Benoni Defense: Benoni Gambit Accepted,30+0,Normal,1. d4 { [%eval 0.1] } 1... c5 { [%eval 0.52] } 2. dxc5 { [%eval 0.1] } 2... e6 { [%eval 0.1] } 3. Be3 { [%eval 0.13] } 3... Na6 { [%eval 0.16] } 4. Nc3 { [%eval 0.06] } 4... Nxc5 { [%eval 0.17] } 5. Nf3 { [%eval -0.2] } 5... d5 { [%eval -0.21] } 6. g3 { [%eval -0.34] } 6... Nf6 { [%eval -0.28] } 7. Bg2 { [%eval -0.35] } 7... Ng4?! { [%eval 0.2] } 8. O-O? { [%eval -1.2] } 8... Nxe3 { [%eval -1.09] } 9. fxe3 { [%eval -1.16] } 9... Qb6?! { [%eval -0.45] } 10. Nd4?! { [%eval -1.23] } 10... Be7 { [%eval -1.34] } 11. a3 { [%eval -1.45] } 11... O-O { [%eval -1.24] } 12. b4 { [%eval -1.57] } 12... Nd7 { [%eval -1.71] } 13. Kh1 { [%eval -1.69] } 13... Ne5 { [%eval -1.5] } 14. e4 { [%eval -1.16] } 14... Nc4 { [%eval -1.04] } 15. Qd3 { [%eval -0.93] } 15... Bf6?! { [%eval 0.0] } 16. e3 { [%eval -0.39] } 16... Nxe3? { [%eval 0.64] } 17. Rxf6 { [%eval 0.47] } 17... gxf6 { [%eval 0.45] } 18. Qxe3 { [%eval 0.6] } 18... e5 { [%eval 0.65] } 19. Nxd5 { [%eval 0.62] } 19... Qxd4 { [%eval 0.63] } 20. Qe1?! { [%eval 0.0] } 20... Be6 { [%eval 0.33] } 21. Rd1 { [%eval 0.4] } 21... Qb2? { [%eval 1.52] } 22. Nxf6+ { [%eval 1.21] } 22... Kg7 { [%eval 1.25] } 23. Nh5+? { [%eval -1.04] } 23... Kh8 { [%eval -1.21] } 24. Qe3 { [%eval -1.3] } 24... f6?! { [%eval -0.38] } 25. Qh6 { [%eval -0.2] } 25... Rf7 { [%eval -0.47] } 26. Rf1? { [%eval -2.43] } 26... Qxc2? { [%eval -0.81] } 27. h4?! { [%eval -1.79] } 27... Rg8?? { [%eval 2.25] } 28. Nxf6?? { [%eval #-17] } 28... Rg6?? { [%eval -6.1] } 29. Qe3 { [%eval -5.77] } 29... Rgxf6 { [%eval -5.95] } 30. Rxf6 { [%eval -5.85] } 30... Rxf6 { [%eval -5.72] } 31. Qg5 { [%eval -5.54] } 31... Qd1+?! { [%eval -4.95] } 32. Kh2 { [%eval -4.65] } 32... Qf1?? { [%eval 10.06] } 33. Qh5?? { [%eval -6.2] } 33... Rf2?? { [%eval 0.58] } 34. Qe8+? { [%eval -0.93] } 34... Kg7 { [%eval -0.93] } 35. Qe7+ { [%eval -0.93] } 35... Bf7?! { [%eval 0.0] } 36. Qg5+?? { [%eval -6.32] } 36... Kf8 { [%eval -6.39] } 37. Qh6+?? { [%eval #-5] } 37... Ke8 { [%eval #-4] } 38. Qg5 { [%eval #-1] } 38... Qxg2# 0-1,2799.0
 Bullet ,penguingim1,gnejs,0-1,2016.07.11,22:17:21,2880,2713,-23.0,16.0,A43,Benoni Defense: Benoni Gambit Accepted,30+0,Normal,1. d4 { [%eval 0.19] } 1... c5 { [%eval 0.65] } 2. dxc5?! { [%eval 0.0] } 2... e6 { [%eval 0.0] } 3. Be3 { [%eval -0.06] } 3... Na6 { [%eval 0.04] } 4. Nc3 { [%eval -0.22] } 4... Nxc5 { [%eval 0.14] } 5. Bd4 { [%eval -0.2] } 5... Nf6 { [%eval -0.21] } 6. Nf3 { [%eval -0.29] } 6... d6 { [%eval 0.2] } 7. e4?! { [%eval -0.7] } 7... Qc7? { [%eval 0.58] } 8. e5 { [%eval 0.56] } 8... Nfd7? { [%eval 3.39] } 9. exd6? { [%eval 1.46] } 9... Qxd6 { [%eval 1.31] } 10. Nb5 { [%eval 0.99] } 10... Qb6? { [%eval 2.51] } 11. Ne5? { [%eval 0.36] } 11... a6 { [%eval 0.45] } 12. Na3? { [%eval -0.7] } 12... Qb4+? { [%eval 1.61] } 13. c3 { [%eval 1.39] } 13... Qb6?! { [%eval 2.13] } 14. Nac4?! { [%eval 1.54] } 14... Qc7 { [%eval 1.74] } 15. Be2? { [%eval -0.02] } 15... b5 { [%eval -0.13] } 16. Nxd7 { [%eval -0.1] } 16... Bxd7? { [%eval 1.1] } 17. Ne5 { [%eval 0.86] } 17... Rd8 { [%eval 0.83] } 18. Bf3?! { [%eval -0.08] } 18... Bc8? { [%eval 1.86] } 19. Qe2? { [%eval 0.46] } 19... Bd6 { [%eval 0.37] } 20. Bc6+ { [%eval -0.09] } 20... Kf8?! { [%eval 0.62] } 21. Bf3?? { [%eval -3.75] } 21... f6?? { [%eval 0.37] } 22. Ng4? { [%eval -0.73] } 22... e5 { [%eval -0.64] } 23. Be3? { [%eval -3.39] } 23... h5? { [%eval -0.77] } 24. Nxf6? { [%eval -3.0] } 24... gxf6 { [%eval -2.99] } 25. Bd5 { [%eval -3.4] } 25... Ne6?! { [%eval -2.57] } 26. O-O { [%eval -2.57] } 26... Bc5 { [%eval -2.69] } 27. Rad1 { [%eval -2.74] } 27... Nf4 { [%eval -2.87] } 28. Bxf4 { [%eval -2.85] } 28... exf4 { [%eval -2.72] } 29. Qf3? { [%eval -4.37] } 29... Rg8?? { [%eval 0.56] } 30. Be4?? { [%eval -3.5] } 30... Bg4? { [%eval -1.68] } 31. Rxd8+ { [%eval -1.88] } 31... Ke7?? { [%eval 7.37] } 32. Qd3?? { [%eval -3.83] } 32... Rxd8 { [%eval -3.71] } 33. Qc2 { [%eval -3.75] } 33... Qe5 { [%eval -3.74] } 34. h3? { [%eval -4.9] } 34... f5 { [%eval -4.65] } 35. Bd3?? { [%eval -8.54] } 35... f3 { [%eval -6.95] } 36. g3?? { [%eval #-2] } 36... Bxh3?! { [%eval -22.99] } 37. Qc1?! { [%eval #-2] } 37... Qxg3+ { [%eval #-1] } 38. Kh1 { [%eval #-1] } 38... Qg2# 0-1,2796.5
 Bullet ,penguingim1,gnejs,1-0,2016.07.11,22:19:48,2867,2722,9.0,-7.0,A43,Benoni Defense: Benoni Gambit Accepted,30+0,Normal,1. d4 c5 2. dxc5 e6 3. Nc3 Nf6 4. Be3 Na6 5. Bd4 Nxc5 6. Nf3 a6 7. e4 Ncxe4 8. Nxe4 Nxe4 9. Bd3 Nf6 10. O-O d6 11. Qe2 Be7 12. c4 O-O 13. Rad1 e5 14. Bc3 Bg4 15. h3 Bh5 16. Bxe5 dxe5 17. Bxh7+ Kxh7 18. Rxd8 Raxd8 19. Ng5+ Kg8 20. Qxe5 Bd6 21. Qe4 Bg6 22. Qxb7 Rb8 23. Qxa6 Rfd8 24. b3 Bf4 25. Nf3 Be4 26. c5 Bxf3 27. gxf3 Nd5 28. c6 Nc7 29. Qc4 Be5 30. Re1 Bf6 31. f4 Nd5 32. c7 Nxc7 33. Qxc7 Rbc8 34. Qb7 Rb8 35. Qf3 Ra8 36. Re3 Ra5 37. a4 Rad5 38. Kg2 Rd1 39. a5 R1d7 40. a6 Ra7 41. Qe2 Rda8 42. Re8+ Rxe8 43. Qxe8+ Kh7 44. Qe2 g6 45. b4 Kg7 46. b5 Bd4 47. Qc4 Bb6 48. Qc6 f6 49. Qxb6 Re7 50. a7 Re4 51. a8=Q Rxf4 52. Qbb7+ Kh6 53. Qh8+ Kg5 54. Qd5+ Rf5 55. Qd2+ Rf4 56. h4+ Kf5 57. Qd5+ Kg4 58. f3+ Rxf3 59. Qxf3# 1-0,2794.5
 Bullet ,gnejs,penguingim1,0-1,2016.07.11,22:21:04,2715,2876,-6.0,9.0,A00,Van't Kruijs Opening,30+0,Normal,1. e3 d5 2. Nf3 Nf6 3. c4 e6 4. d4 Be7 5. Nc3 O-O 6. Be2 c5 7. O-O cxd4 8. exd4 b6 9. c5 bxc5 10. dxc5 Bxc5 11. Bg5 Be7 12. Bd3 Nc6 13. Qe2 h6 14. Bh4 Rb8 15. Rac1 Rb4 16. Bg3 Nd4 17. Nxd4 Rxd4 18. Rfd1 Rb4 19. a3 Rb7 20. Be5 Bd7 21. Ba6 Rb6 22. Bd3 Bd6 23. Bd4 Rb8 24. b4 Qe7 25. Be5 Rfc8 26. Qe3 Ng4 27. Bxd6 Nxe3 28. Bxe7 Nxd1 29. Rxd1 Rxc3 30. Bf1 Rxa3 31. b5 Rc3 32. Bd6 Rb7 33. Be5 Rc8 34. Ra1 Bxb5 35. Bxb5 Rxb5 36. h3 a5 37. Bd4 Ra8 38. Ra4 Rb4 39. Ra1 Rxd4 40. Kh2 Rc4 0-1,2795.5
 Bullet ,gnejs,penguingim1,0-1,2016.07.11,22:23:31,2725,2863,-7.0,10.0,A00,Saragossa Opening,30+0,Normal,1. c3 e5 2. d4 exd4 3. cxd4 d5 4. Nf3 Nf6 5. Nc3 c5 6. Bg5 cxd4 7. Nxd4 Nc6 8. e3 Be7 9. Bb5 O-O 10. Bxc6 bxc6 11. Nxc6 Qc7 12. Nxe7+ Qxe7 13. Nxd5 Qe5 14. Bxf6 gxf6 15. Nc3 Bb7 16. Qg4+ Kh8 17. O-O-O Rg8 18. Qh4 Rxg2 19. Rhg1 Rgg8 20. a3 Rgb8 21. Rd4 Rc8 22. Rf4 Rxc3+ 23. bxc3 Qxc3+ 24. Kb1 Rb8 25. Qxf6+ Qxf6 26. Rxf6 Bd5+ 27. Ka1 Be6 28. Rb1 Rc8 29. Rb2 Kg7 30. Rb1 Kxf6 31. Rb4 Rc2 32. Rb2 Rc1+ 33. Rb1 Rc3 34. Rb2 Rxa3+ 35. Kb1 Rc3 36. f3 Rxe3 37. Rf2 Rb3+ 38. Kc1 Rb6 39. Kd2 a5 40. Ke3 Rd6 41. Kf4 a4 42. Ra2 Bxa2 43. Kg3 Be6 44. f4 a3 45. h4 a2 46. h5 a1=Q 47. Kh4 Qg1 48. f5 Qg4+ 49. Kxg4 Bxf5+ 50. Kf3 Rd4 51. Kf2 Ke5 52. Ke1 Ke4 53. Kf1 Kf3 54. Ke1 Rd3 55. Kf1 Rd1# 0-1,2794.0
 Bullet ,penguingim1,gnejs,0-1,2016.07.11,22:24:47,2873,2718,-21.0,16.0,A43,Benoni Defense: Benoni Gambit Accepted,30+0,Normal,1. d4 c5 2. dxc5 Nf6 3. Nc3 e6 4. Be3 Ng4 5. Bd4 e5 6. Nd5 exd4 7. Qxd4 Nf6 8. Qe5+ Be7 9. Nc7+ Kf8 10. Nxa8 Nc6 11. Qc7 Qe8 12. e3 Bxc5 13. Nf3 Nd5 14. Qg3 d6 15. O-O-O Be6 16. Bc4 Nf6 17. Nc7 Qe7 18. Nxe6+ fxe6 19. Ng5 d5 20. Bb3 h6 21. Nf3 g5 22. Ne5 Ne4 23. Ng6+ Ke8 24. Nxe7 Nxg3 25. hxg3 Kxe7 26. c4 d4 27. exd4 Bxd4 28. Rd2 e5 29. Re2 Kf6 30. f3 Ne7 31. Ba4 Nf5 32. Rh3 Nd6 33. b3 a6 34. Kd1 b5 35. cxb5 axb5 36. Bxb5 Nxb5 37. Rc2 Nc3+ 38. Kd2 Nd5 39. a3 Rd8 40. Kd3 Kf5 41. g4+ Kf4 42. Ke2 e4 43. g3+ Ke5 44. Rxh6 Nf6 45. Rc4 exf3+ 46. Kxf3 Nd5 47. Rc2 Rf8+ 48. Kg2 Re8 49. Kh3 Ne3 50. Re2 Ke4 51. Rd6 Kf3 52. Re1 Rh8+ 53. Rh6 Rxh6# 0-1,2795.5
 Bullet ,gnejs,penguingim1,0-1,2016.07.11,22:26:03,2734,2852,-8.0,10.0,D04,Queen's Pawn Game: Colle System,30+0,Normal,1. e3 d5 2. Nf3 Nf6 3. d4 e5 4. dxe5 Ne4 5. Bb5+ c6 6. Bd3 f5 7. O-O Be7 8. c4 O-O 9. Nc3 Be6 10. Nd4 Qd7 11. Nxe6 Qxe6 12. cxd5 cxd5 13. Bd2 Nc6 14. f4 g5 15. Nb5 gxf4 16. exf4 Bc5+ 17. Kh1 Ng3+ 18. hxg3 Qh6+ 0-1,2793.0
 Bullet ,penguingim1,gnejs,1-0,2016.07.11,22:26:34,2862,2726,9.0,-7.0,B21,Sicilian Defense: Morphy Gambit,30+0,Normal,1. e4 c5 2. d4 cxd4 3. Nf3 Nf6 4. c3 Nxe4 5. Bd3 Nf6 6. O-O e6 7. Re1 d6 8. cxd4 Be7 9. Nc3 O-O 10. g4 Nxg4 11. Qe2 Nf6 12. Kh1 Nc6 13. Rg1 Kh8 14. Ng5 h6 15. Qf3 Nxd4 16. Qh3 e5 17. Qh4 Nf5 18. Qb4 d5 19. Qa4 e4 20. Be2 hxg5 21. Bxg5 Nh7 22. Bf4 Bf6 23. Rad1 Nd4 24. Bf1 Ne6 25. Be3 Nc5 26. Qc2 Bxc3 27. Qxc3 Ne6 28. Bh3 Qh4 29. Bxe6 Bxe6 30. Qxg7# 1-0,2794.0
 Bullet ,gnejs,penguingim1,0-1,2016.07.11,22:27:30,2719,2871,-7.0,8.0,A40,"Englund Gambit Declined, Reversed French",30+0,Normal,1. e3 e5 2. d4 exd4 3. Nf3 Nf6 4. exd4 d5 5. Be2 Be7 6. O-O O-O 7. c4 c6 8. cxd5 cxd5 9. Nc3 Nc6 10. Ne5 h6 11. Be3 Bf5 12. Bf3 Rc8 13. Rc1 Bd6 14. Re1 Nxe5 15. dxe5 Bxe5 16. Bxh6 Qd6 17. Nb5 Bxh2+ 18. Kh1 Qb8 19. Rxc8 Rxc8 20. Nd4 Bg6 21. Bg5 Bf4 22. Bxf6 gxf6 23. Bxd5 Kg7 24. Qg4 Bh2 25. Nf5+ Kf8 26. Qh3 Kg8 27. Qh6 Bxf5 28. Qxh2 Qxh2+ 29. Kxh2 Kf8 30. Re3 Rc5 31. Bf3 b6 32. Rb3 Be6 33. Rc3 Rxc3 34. bxc3 Bxa2 35. Be4 Bc4 36. Bc2 a5 37. Ba4 b5 38. Bc2 a4 0-1,2795.0
 Bullet ,gnejs,penguingim1,0-1,2016.07.11,22:32:44,2758,2824,-9.0,11.0,D37,"Queen's Gambit Declined: Harrwitz Attack, Two Knights Defense, Blockade Line",30+0,Normal,1. c4 e6 2. Nf3 d5 3. d4 Be7 4. Nc3 Nf6 5. Bf4 O-O 6. e3 Nbd7 7. c5 Ne4 8. Bd3 f5 9. O-O c6 10. Ne5 g5 11. Bg3 f4 12. exf4 Nxc3 13. bxc3 Nxe5 14. fxe5 Qe8 15. f4 h6 16. Qg4 Bd7 17. fxg5 hxg5 18. Rxf8+ Qxf8 19. Qh5 Qg7 20. Rf1 Be8 21. Qg4 Bf7 22. h4 gxh4 23. Qxg7+ Kxg7 24. Bf4 Rh8 25. Rb1 h3 26. Rxb7 hxg2 27. Kxg2 Bd8 28. c4 Re8 29. cxd5 exd5 30. Kf3 Re7 31. Ke3 Rxb7 32. Bf5 Bg6 33. Bd3 Bxd3 34. Kxd3 Kg6 35. e6 Kf5 36. Be5 Kxe6 37. Bd6 Bc7 38. Be5 Bxe5 39. dxe5 Kxe5 40. Kc3 Ke4 41. a4 d4+ 42. Kc2 Ke3 43. Kc1 Kd3 44. a5 a6 45. Kd1 Rb1# 0-1,2791.0
 Bullet ,gnejs,penguingim1,0-1,2016.07.11,22:35:10,2740,2845,-8.0,9.0,B01,Scandinavian Defense: Blackburne-Kloosterboer Gambit,30+0,Normal,1. e4 { [%eval 0.31] } 1... d5 { [%eval 0.64] } 2. exd5 { [%eval 0.61] } 2... c6 { [%eval 0.83] } 3. Nc3?! { [%eval 0.02] } 3... cxd5 { [%eval 0.02] } 4. d4 { [%eval 0.08] } 4... Nf6 { [%eval 0.16] } 5. Nf3 { [%eval -0.05] } 5... Nc6 { [%eval -0.06] } 6. Bb5 { [%eval -0.06] } 6... a6 { [%eval 0.3] } 7. Bxc6+ { [%eval 0.15] } 7... bxc6 { [%eval 0.38] } 8. Ne5 { [%eval 0.28] } 8... e6 { [%eval 0.2] } 9. Bf4 { [%eval 0.27] } 9... Bd6 { [%eval 0.7] } 10. Nxc6 { [%eval 0.72] } 10... Qc7 { [%eval 0.7] } 11. Bxd6 { [%eval 0.68] } 11... Qxd6 { [%eval 0.67] } 12. Ne5 { [%eval 0.65] } 12... O-O { [%eval 0.84] } 13. O-O { [%eval 0.69] } 13... Bb7 { [%eval 1.07] } 14. Ne2 { [%eval 0.76] } 14... Rfc8 { [%eval 0.81] } 15. Ng3 { [%eval 0.53] } 15... Nd7 { [%eval 0.65] } 16. f4 { [%eval 0.76] } 16... Rc7 { [%eval 1.2] } 17. c3?! { [%eval 0.69] } 17... Rac8?! { [%eval 1.4] } 18. Qd2?! { [%eval 0.78] } 18... f6 { [%eval 0.85] } 19. Nd3 { [%eval 0.89] } 19... Re8 { [%eval 0.99] } 20. Rae1 { [%eval 0.81] } 20... Re7?! { [%eval 1.5] } 21. b4 { [%eval 1.18] } 21... Rc8 { [%eval 1.34] } 22. Nc5 { [%eval 1.34] } 22... Bc6? { [%eval 3.56] } 23. f5? { [%eval 0.81] } 23... e5 { [%eval 0.9] } 24. Ne6?! { [%eval 0.36] } 24... Rce8?! { [%eval 1.11] } 25. Nh5 { [%eval 0.71] } 25... Nf8? { [%eval 3.27] } 26. Nc5? { [%eval 0.72] } 26... Bb5 { [%eval 0.64] } 27. Rf2? { [%eval -0.69] } 27... Nd7? { [%eval 0.94] } 28. Nxd7?! { [%eval 0.07] } 28... Qxd7 { [%eval 0.17] } 29. g4 { [%eval -0.02] } 29... Qd6 { [%eval 0.3] } 30. dxe5 { [%eval 0.23] } 30... fxe5?? { [%eval 3.68] } 31. f6 { [%eval 3.77] } 31... Rf7 { [%eval 3.53] } 32. fxg7? { [%eval 2.31] } 32... e4? { [%eval 4.81] } 33. Qg5?? { [%eval 0.0] } 33... Rxf2 { [%eval 0.0] } 34. Kxf2 { [%eval 0.0] } 34... Re6? { [%eval 1.6] } 35. Ke3?? { [%eval -7.21] } 35... h6?? { [%eval 2.5] } 36. Kd2?? { [%eval #-9] } 36... hxg5?! { [%eval -20.84] } 37. h4?! { [%eval #-8] } 37... d4 { [%eval #-8] } 38. hxg5 { [%eval #-5] } 38... dxc3+?! { [%eval #-6] } 39. Kxc3 { [%eval #-6] } 39... Qd3+ { [%eval #-5] } 40. Kb2 { [%eval #-5] } 40... Qd2+ { [%eval #-4] } 41. Kb3 { [%eval #-4] } 41... Qd6?! { [%eval #-11] } 42. Nf6+ { [%eval #-10] } 42... Rxf6 { [%eval #-9] } 43. gxf6 { [%eval #-9] } 43... Qd3+ { [%eval #-8] } 44. Kb2 { [%eval #-8] } 44... Qd2+ { [%eval #-8] } 45. Kb3 { [%eval #-9] } 45... Bc6?! { [%eval -20.89] } 46. a4?! { [%eval #-2] } 46... Bd5+ { [%eval #-1] } 47. Ka3 { [%eval #-1] } 47... Qc3# 0-1,2792.5
 Bullet ,penguingim1,gnejs,1-0,2016.07.11,22:36:24,2854,2732,8.0,-7.0,A43,Benoni Defense: Benoni Gambit Accepted,30+0,Normal,1. d4 { [%eval 0.14] } 1... c5 { [%eval 0.52] } 2. dxc5 { [%eval 0.06] } 2... e6 { [%eval 0.09] } 3. Be3 { [%eval 0.06] } 3... Nf6 { [%eval 0.0] } 4. Nc3 { [%eval -0.12] } 4... Nc6 { [%eval 0.19] } 5. h3 { [%eval 0.0] } 5... Qa5 { [%eval -0.01] } 6. a3 { [%eval -0.12] } 6... Bxc5?! { [%eval 0.81] } 7. b4 { [%eval 0.73] } 7... Bxb4? { [%eval 1.9] } 8. axb4 { [%eval 1.87] } 8... Qxb4 { [%eval 1.83] } 9. Bd2 { [%eval 1.8] } 9... Qe7 { [%eval 2.09] } 10. Nf3 { [%eval 1.66] } 10... O-O?! { [%eval 2.16] } 11. e4 { [%eval 2.13] } 11... d5 { [%eval 2.24] } 12. e5?! { [%eval 1.58] } 12... Nd7 { [%eval 1.68] } 13. Qe2 { [%eval 1.43] } 13... Nc5?! { [%eval 1.97] } 14. g4?! { [%eval 1.08] } 14... Rd8 { [%eval 1.53] } 15. Bg2 { [%eval 1.46] } 15... d4? { [%eval 2.47] } 16. Ne4 { [%eval 2.37] } 16... d3 { [%eval 2.25] } 17. cxd3?! { [%eval 1.47] } 17... Nxd3+ { [%eval 1.43] } 18. Kf1 { [%eval 1.51] } 18... Ndxe5 { [%eval 1.43] } 19. Nxe5 { [%eval 1.45] } 19... Nxe5 { [%eval 1.47] } 20. Bc3 { [%eval 1.02] } 20... Ng6 { [%eval 0.66] } 21. h4 { [%eval 0.48] } 21... Bd7 { [%eval 0.82] } 22. h5?! { [%eval 0.0] } 22... Nf4 { [%eval 0.0] } 23. Qe3? { [%eval -1.65] } 23... e5? { [%eval -0.31] } 24. Bf3?? { [%eval -3.96] } 24... Bb5+ { [%eval -3.88] } 25. Kg1 { [%eval -3.34] } 25... Rac8?? { [%eval 0.1] } 26. Bb2?? { [%eval -4.49] } 26... Rd3 { [%eval -3.86] } 27. Ng3?? { [%eval -7.13] } 27... Rxe3 { [%eval -7.09] } 28. fxe3 { [%eval -6.99] } 28... Nd3 { [%eval -6.68] } 29. Ba3?? { [%eval -11.93] } 29... Qg5 { [%eval -11.53] } 30. Nf5 { [%eval -11.2] } 30... g6?? { [%eval -0.22] } 31. Be7 { [%eval 0.0] } 31... f6 { [%eval 0.0] } 32. hxg6 { [%eval -0.26] } 32... hxg6?? { [%eval #1] } 33. Bd5# 1-0,2793.0
 Bullet ,gnejs,penguingim1,0-1,2016.07.11,22:37:17,2725,2862,-7.0,8.0,D04,Queen's Pawn Game: Colle System,30+0,Normal,1. e3 d5 2. Nf3 Nf6 3. d4 e5 4. dxe5 Ne4 5. c4 c6 6. cxd5 cxd5 7. Nc3 Bb4 8. Bd2 Nxc3 9. Bxc3 Bxc3+ 10. bxc3 Nc6 11. Bb5 O-O 12. O-O Qc7 13. Bxc6 bxc6 14. c4 dxc4 15. Rc1 Be6 16. Qc2 Rfd8 17. Rfd1 c5 18. Qe4 h6 19. h4 Rab8 20. g4 Rxd1+ 21. Rxd1 Rd8 22. Rc1 Qa5 23. g5 Qxa2 24. gxh6 gxh6 25. Kg2 Qb2 26. Rc2 Qb8 27. Qf4 Kh7 28. Kh2 Qa8 29. Rc1 Rg8 30. e4 Rg4 31. Qe3 Rxe4 32. Qd2 Rf4 33. Rc3 Rxf3 34. Rxf3 Qxf3 35. Qc2+ Bf5 36. Qd2 Be4 0-1,2793.5
 Bullet ,penguingim1,gnejs,0-1,2016.07.11,22:38:22,2870,2718,-17.0,16.0,A65,Benoni Defense: King's Pawn Line,30+0,Normal,1. d4 c5 2. d5 e6 3. c4 Nf6 4. Nc3 exd5 5. cxd5 d6 6. e4 g6 7. Nge2 a6 8. a4 h5 9. Ng3 h4 10. Nge2 h3 11. g3 Bg4 12. f3 Bxf3 13. Rg1 Ng4 14. Qd3 Nxh2 15. Bf4 g5 16. Bc1 Qf6 17. e5 dxe5 18. g4 Nxg4 19. Bxh3 Rxh3 20. Ne4 Bxe4 21. Qxh3 Qf2+ 22. Kd1 Bf3 23. Re1 Nd7 24. Bxg5 Ndf6 25. Kd2 Ne4+ 26. Kc2 Nxg5 27. Qf1 Ne3+ 28. Kd2 Nxf1+ 29. Rxf1 Qxe2+ 30. Kc3 Ne4+ 31. Kb3 c4+ 32. Ka2 Nc3# 0-1,2794.0
 Bullet ,penguingim1,gnejs,1/2-1/2,2016.07.11,22:40:37,2861,2726,-4.0,4.0,A40,Queen's Pawn,30+0,Normal,1. d4 c6 2. d5 cxd5 3. Qxd5 Nc6 4. Qd1 Nf6 5. Nc3 d5 6. Nf3 d4 7. e3 dxc3 8. Bd3 e5 9. Ng5 h6 10. Ne4 Nxe4 11. Bxe4 Qxd1+ 12. Kxd1 Bg4+ 13. f3 O-O-O+ 14. Ke2 Bd7 15. bxc3 f5 16. Bd3 Bc5 17. Rb1 g6 18. e4 f4 19. Rb5 Bb6 20. Bd2 Nd4+ 21. cxd4 Bxb5 22. Bxb5 Bxd4 23. Bd3 Bb6 24. Rb1 Bd4 25. a4 Kc7 26. a5 Rd6 27. Rb5 Rc6 28. Bb4 Rd8 29. Bd2 a6 30. Rb3 Bc5 31. g3 Bd6 32. gxf4 exf4 33. h4 g5 34. hxg5 hxg5 35. Bc3 Rg8 36. e5 Re8 37. Be4 Bxe5 38. Bd2 Bd6 39. Kd3 Rc5 40. c4 Rxe4 41. fxe4 Re5 42. Bc3 Re6 43. Rb2 g4 44. Rg2 g3 45. Ke2 Rxe4+ 46. Kf3 Re3+ 47. Kg4 Rxc3 48. Rd2 Rxc4 49. Kf3 Rc3+ 50. Kg4 Rc4 51. Kh3 g2 52. Kxg2 f3+ 53. Kxf3 Rc3+ 54. Ke4 Rc4+ 55. Kd5 Rc5+ 56. Kd4 Rxa5 57. Re2 Rc5 58. Re7+ Kc6 59. Re6 Rd5+ 60. Kc4 Re5 61. Kd3 Rxe6 62. Kc4 Re5 63. Kc3 Rd5 64. Kb3 Rc5 65. Ka4 Rb5 1/2-1/2,2793.5
 Bullet ,gnejs,penguingim1,0-1,2016.07.11,22:41:59,2730,2857,-7.0,8.0,A00,Van't Kruijs Opening,30+0,Normal,1. e3 e5 2. Nf3 Nf6 3. Nxe5 Nc6 4. Nf3 Bd6 5. d3 O-O 6. Nbd2 Ng4 7. Nc4 f5 8. h3 Nf6 9. Nxd6 cxd6 10. Be2 d5 11. O-O d6 12. b3 Re8 13. Bb2 Qe7 14. a3 Be6 15. c4 dxc4 16. bxc4 Rad8 17. Rb1 d5 18. cxd5 Bxd5 19. Nd4 Qf7 20. Nxc6 Bxc6 21. Bd4 b6 22. Bf3 Nd5 23. Rc1 Bb7 24. Qb3 h6 25. Rfd1 Kh7 26. Bb2 Rd7 27. e4 Nf4 28. Qxf7 Rxf7 29. Re1 Nxd3 30. exf5 Nxe1 31. Bxb7 Rxb7 32. f6 Nd3 33. f7 Rxf7 34. Rc2 Nxb2 35. Rxb2 Re1+ 36. Kh2 Re6 37. Rb3 Ref6 38. f3 Rg6 39. Rb2 Re7 40. Rf2 Rd7 41. f4 Rf6 42. f5 Rfd6 43. g4 Rd2 44. Kg3 R2d3+ 45. Kh4 Rd2 46. Rf4 R2d4 47. g5 hxg5+ 48. Kg3 Rxf4 49. f6 Rd3+ 50. Kg2 Rc4 51. Kf2 Rc2+ 52. Ke1 Rg3 53. Kd1 Ra2 54. Kc1 Rg1# 0-1,2793.5
 Bullet ,penguingim1,gnejs,0-1,2016.07.11,22:43:14,2865,2723,-17.0,15.0,A00,Grob Opening,30+0,Normal,1. g4 c5 2. Bg2 d5 3. d4 cxd4 4. Qxd4 e6 5. Nc3 Nc6 6. Qd1 Nf6 7. h3 d4 8. Ne4 Nxe4 9. Bxe4 Bb4+ 10. Bd2 Be7 11. Nf3 h5 12. c3 hxg4 13. Nxd4 Nxd4 14. cxd4 Qxd4 15. Qc2 Rxh3 16. O-O-O Bd7 17. Bc3 Qxf2 18. Bxb7 Rb8 19. Be4 Bg5+ 20. Kb1 f5 21. Bd3 Bc6 22. Rhf1 Qb6 23. Bd4 Qxd4 24. Qxc6+ Kf8 25. Bc2 Qxb2# 0-1,2794.0
 Bullet ,gnejs,penguingim1,1-0,2016.07.11,22:44:09,2738,2848,14.0,-16.0,A04,Zukertort Opening: Ross Gambit,30+0,Normal,1. Nf3 e5 2. d3 e4 3. dxe4 Nc6 4. Nc3 Nf6 5. e5 Ng4 6. Bf4 Qe7 7. e3 Ngxe5 8. Nd5 Nxf3+ 9. gxf3 Qc5 10. Nxc7+ Kd8 11. Nxa8 Qa5+ 12. c3 Qh5 13. Rg1 d5 14. Rg5 Qh4 15. Rxd5+ Ke8 16. Nc7+ Ke7 17. Bg5+ Qxg5 18. Rxg5 f6 19. Nd5+ Kf7 20. Rg3 Be6 21. Bc4 Ne5 22. Bb3 Bc5 23. Nf4 Bxb3 24. Qxb3+ 1-0,2793.0
 Bullet ,penguingim1,gnejs,1/2-1/2,2016.07.11,22:44:44,2832,2752,-2.0,3.0,A43,Benoni Defense: Benoni Gambit Accepted,30+0,Normal,1. d4 c5 2. dxc5 e6 3. Nc3 Nf6 4. Nf3 Bxc5 5. e4 Ng4 6. Nd4 Qf6 7. Qxg4 Bxd4 8. Nd1 Nc6 9. c3 Ne5 10. Qe2 Bb6 11. f4 Ng6 12. g3 h5 13. Bg2 h4 14. e5 Qe7 15. Ne3 hxg3 16. hxg3 Rxh1+ 17. Bxh1 d5 18. exd6 Qxd6 19. Nc4 Qc7 20. Be3 Bxe3 21. Nxe3 Bd7 22. O-O-O O-O-O 23. Qc2 Bc6 24. Bxc6 Qxc6 25. Rxd8+ Kxd8 26. Qd2+ Ke7 27. Nd1 Qf3 28. Qe3 Qg4 29. Qxa7 Qxg3 30. Qxb7+ Kf6 31. Qe4 Qxf4+ 32. Qxf4+ Nxf4 33. a4 Nd5 34. a5 g5 35. b4 Nc7 36. Kd2 g4 37. Ke2 Ke5 38. c4 Kd6 39. Ne3 Kc6 40. Nxg4 Na6 41. Ne5+ Kc7 42. Nd3 Nxb4 43. Nxb4 e5 44. a6 f5 45. c5 Kc8 46. Kf3 Kb8 47. Ke3 Ka7 48. Kd3 f4 49. Kc4 f3 50. Kd3 f2 51. Ke2 f1=Q+ 52. Kxf1 e4 53. Ke2 e3 54. Kxe3 Ka8 55. Ke2 Kb8 56. Kd2 Kc8 57. Kd3 Kb8 58. Kc4 Ka8 59. Kd5 Ka7 60. Kd6 Ka8 61. Nd5 Ka7 62. c6 Ka8 63. c7 Ka7 64. c8=Q 1/2-1/2,2792.0
 Bullet ,gnejs,penguingim1,1-0,2016.07.11,22:46:10,2755,2830,13.0,-15.0,A04,Zukertort Opening: Ross Gambit,30+0,Normal,1. Nf3 e5 2. Nxe5 Nc6 3. Nf3 Nf6 4. e3 d5 5. d4 Bd6 6. c3 O-O 7. Bd3 Ne4 8. Nbd2 f5 9. O-O Qf6 10. Bb5 g5 11. Bxc6 bxc6 12. Ne5 Bxe5 13. dxe5 Qxe5 14. f4 Qe7 15. Nf3 gxf4 16. exf4 Ba6 17. Re1 Rae8 18. Ne5 c5 19. Qxd5+ Kh8 20. Qd1 Qg7 21. Qf3 Rg8 22. Rxe4 fxe4 23. Qxe4 Bc8 24. Be3 Bf5 25. Qf3 c4 26. Bd4 c5 27. Nf7# 1-0,2792.5
 Bullet ,penguingim1,gnejs,1-0,2016.07.11,22:46:53,2815,2768,10.0,-9.0,A00,Van't Kruijs Opening,30+0,Normal,1. e3 c5 2. d3 Nf6 3. Ne2 d5 4. Nd2 Nc6 5. g3 h5 6. Bg2 h4 7. O-O h3 8. Bh1 e5 9. Rb1 Bg4 10. b3 d4 11. Rb2 dxe3 12. fxe3 Nd5 13. Nc4 Nc3 14. Nxc3 Bxd1 15. Nxd1 Rc8 16. Nc3 f6 17. Rb1 a6 18. Rf2 b5 19. Nd2 Nb4 20. Nde4 Be7 21. a3 Nc6 22. Bb2 Qd7 23. Rbf1 O-O 24. Bf3 c4 25. bxc4 bxc4 26. dxc4 Na5 27. c5 Nc4 28. Bc1 Rfd8 29. Re2 Qe6 30. Nf2 Bxc5 31. Kh1 Bxa3 32. Nce4 Bxc1 33. Rxc1 f5 34. Ng5 Qf6 35. Ngxh3 e4 36. Bg2 Ne5 37. Nf4 Qh6 38. h3 g5 39. Rf1 gxf4 40. exf4 Nf3 41. Nxe4 Re8 42. Bxf3 fxe4 43. Bg2 e3 44. f5 Qg7 45. g4 Qf7 46. f6 Kh8 47. g5 Qg6 48. h4 Qh5 49. Bf3 Qxh4+ 50. Rh2 Qxh2+ 51. Kxh2 e2 52. Rh1 Rxc2 53. Kg3+ Kg8 54. g6 Kf8 55. Rh8# 1-0,2791.5
 Blitz ,ArminTanzarian,opperwezen,0-1,2016.07.11,22:47:08,2608,2698,-8.0,9.0,B10,Caro-Kann Defense: Breyer Variation,180+0,Normal,1. e4 c6 2. d3 d5 3. Nd2 e5 4. Ngf3 Bd6 5. g3 Nf6 6. Bg2 O-O 7. O-O Re8 8. Re1 Bg4 9. h3 Bh5 10. g4 Bg6 11. Nh4 Nbd7 12. Nf5 Bf8 13. c3 Nc5 14. Qc2 dxe4 15. dxe4 Qd3 16. Qxd3 Nxd3 17. Re3 Rad8 18. Nb3 Nxc1 19. Rxc1 Nd7 20. Rd1 Nc5 21. Nxc5 Rxd1+ 0-1,2653.0
 Blitz ,hiimgosu,genodesis,1-0,2016.07.11,22:47:34,2780,2563,8.0,-6.0,A46,Indian Game: London System,180+0,Normal,1. d4 Nf6 2. Nf3 e6 3. Bf4 d5 4. e3 Bd6 5. Bg3 c5 6. c3 O-O 7. Nbd2 Nc6 8. Bd3 Qe7 9. Ne5 cxd4 10. exd4 Bxe5 11. dxe5 Nd7 12. Nf3 Nc5 13. Bc2 f5 14. exf6 Qxf6 15. O-O Ne4 16. Bxe4 dxe4 17. Nd2 Qg6 18. Qe2 e5 19. Nxe4 Bf5 20. Rfe1 h5 21. Rad1 Rad8 22. Rxd8 Rxd8 23. f3 Bxe4 24. Qxe4 Qxe4 25. Rxe4 Rd2 26. b4 b5 27. a3 Rd5 28. c4 bxc4 29. Rxc4 Nd4 30. Kf2 Nf5 31. Ke2 a5 32. Rc5 Nxg3+ 33. hxg3 Rd4 34. Rxa5 e4 35. Ke3 exf3 36. gxf3 Rc4 37. Kd3 Rc1 38. Rxh5 Ra1 39. Ra5 1-0,2671.5
 Bullet ,gnejs,penguingim1,0-1,2016.07.11,22:48:15,2759,2825,-9.0,10.0,A00,Van't Kruijs Opening,30+0,Normal,1. e3 b6 2. Nf3 Bb7 3. d4 e5 4. dxe5 Nc6 5. Nc3 d5 6. Qxd5 Qe7 7. Bb5 Qe6 8. Nd4 Qxd5 9. Nxd5 O-O-O 10. Nxc6 Rxd5 11. Nxa7+ Kb8 12. Nc6+ Kc8 13. c4 Rc5 14. b4 Rxc6 15. Bxc6 Bxb4+ 16. Bd2 Bxd2+ 17. Kxd2 Bxc6 18. f3 Ne7 19. Rhg1 Ng6 20. f4 Rd8+ 21. Kc3 Nh4 22. g3 Nf5 23. Rgd1 Re8 24. Re1 f6 25. e4 Nh6 26. exf6 gxf6 27. e5 f5 28. a4 Ng4 29. a5 Kb7 30. axb6 cxb6 31. c5 Nf2 32. Rad1 Ne4+ 33. Rxe4 fxe4 34. cxb6 Kxb6 35. Rd6 Kc5 36. Kd2 Rb8 37. Ke3 Rb3+ 38. Ke2 Bb5+ 39. Kd2 e3+ 40. Kc2 e2 41. Kxb3 e1=Q 42. Kc2 Ba4+ 43. Kb2 Qb4+ 44. Kc1 Qc3+ 45. Kb1 Bc2+ 46. Ka2 Qb3+ 47. Ka1 Qa3# 0-1,2792.0
 Bullet ,penguingim1,gnejs,0-1,2016.07.11,22:49:27,2835,2750,-14.0,13.0,A00,Van't Kruijs Opening,30+0,Normal,1. e3 { [%eval 0.16] } 1... c5 { [%eval 0.16] } 2. d3 { [%eval -0.17] } 2... Nf6 { [%eval -0.13] } 3. Ne2 { [%eval -0.47] } 3... h5?! { [%eval 0.08] } 4. Nd2 { [%eval -0.38] } 4... h4 { [%eval -0.12] } 5. g3?! { [%eval -0.79] } 5... h3?! { [%eval -0.14] } 6. Nf4 { [%eval -0.63] } 6... d5 { [%eval -0.52] } 7. Be2?! { [%eval -1.48] } 7... e5? { [%eval -0.44] } 8. Nh5 { [%eval -0.48] } 8... Nxh5 { [%eval -0.44] } 9. Bxh5 { [%eval -0.43] } 9... g6 { [%eval -0.17] } 10. Bf3 { [%eval -0.25] } 10... f5 { [%eval 0.2] } 11. O-O { [%eval 0.22] } 11... e4 { [%eval 0.41] } 12. Be2 { [%eval -0.03] } 12... Nc6 { [%eval -0.27] } 13. Rb1 { [%eval -0.62] } 13... Be6 { [%eval -0.55] } 14. b3 { [%eval -0.57] } 14... Bg7 { [%eval -0.73] } 15. Bb2 { [%eval -0.63] } 15... Bxb2 { [%eval -0.7] } 16. Rxb2 { [%eval -0.73] } 16... Qf6 { [%eval -0.9] } 17. Rb1 { [%eval -0.84] } 17... O-O-O { [%eval -0.93] } 18. f3?! { [%eval -1.48] } 18... d4? { [%eval -0.36] } 19. fxe4 { [%eval -0.4] } 19... dxe3 { [%eval -0.45] } 20. Nc4 { [%eval -0.39] } 20... Qg5 { [%eval -0.52] } 21. exf5? { [%eval -1.67] } 21... gxf5 { [%eval -1.39] } 22. Rf4 { [%eval -1.75] } 22... Nd4? { [%eval 0.0] } 23. Nxe3 { [%eval 0.0] } 23... Rhg8 { [%eval 0.04] } 24. Qd2?? { [%eval -11.77] } 24... Qxf4 { [%eval -9.02] } 25. Rf1? { [%eval #-8] } 25... Rxg3+ { [%eval #-7] } 26. hxg3 { [%eval #-6] } 26... Qxg3+ { [%eval #-5] } 27. Kh1 { [%eval #-5] } 27... Bd5+ { [%eval #-4] } 28. Bf3 { [%eval #-4] } 28... Bxf3+ { [%eval #-3] } 29. Rxf3 { [%eval #-3] } 29... Nxf3 { [%eval #-2] } 30. Qg2 { [%eval #-2] } 30... hxg2+ { [%eval #-1] } 31. Nxg2 { [%eval #-1] } 31... Rh8+?! { [%eval #-1] } 0-1,2792.5
 Bullet ,gnejs,penguingim1,0-1,2016.07.11,22:50:29,2763,2821,-9.0,9.0,A04,Zukertort Opening: Ross Gambit,30+0,Normal,1. Nf3 e5 2. Nxe5 Nf6 3. c4 d5 4. Nf3 Bd6 5. cxd5 Nxd5 6. Nc3 Nxc3 7. bxc3 O-O 8. d4 Nc6 9. e4 Re8 10. e5 f6 11. Bc4+ Kh8 12. O-O fxe5 13. Ng5 Qf6 14. Qh5 Qg6 15. Nf7+ Kg8 16. Nxd6+ Kf8 17. Qxg6 hxg6 18. Nxe8 Kxe8 19. Bb5 exd4 20. Re1+ Kd7 21. cxd4 a6 22. Bxc6+ Kxc6 23. Be3 Be6 24. Rac1+ Kd7 25. Bf4 c6 26. d5 Bxd5 27. Be5 Rf8 28. Bxg7 Rf5 29. Be5 Rg5 30. f3 Rf5 31. Kf2 Rf7 32. Bd4 b5 33. Be3 a5 34. h4 Bxa2 35. Bg5 Bd5 36. Kg3 a4 37. Rh1 a3 38. h5 gxh5 39. Rxh5 b4 40. Rh4 b3 41. Ra4 a2 42. Be3 b2 43. Ra7+ Ke6 44. Rxa2 Bxa2 45. Re1 b1=Q 46. Bd2+ Qxe1+ 47. Bxe1 Bd5 48. Kf2 c5 49. f4 c4 50. g3 Kf5 51. Bc3 Kg4 52. Ke3 Re7+ 53. Kd4 Bf7 54. Bb4 Rd7+ 55. Kc3 Rd5 56. Bc5 Rd3+ 57. Kc2 Rxg3 58. Kc1 Rf3 59. Bd4 Bg6 60. Be3 Bf5 61. Kd2 Rxf4 62. Kc3 Re4 63. Bf4 Kf3 64. Kb4 Re2 65. Kb5 Rd2 66. Kb6 Rd3 67. Kc5 c3 68. Kc6 c2 69. Kc7 Kxf4 70. Kb7 Rc3 71. Ka7 c1=Q 72. Ka6 Qb2 73. Ka7 Ra3# 0-1,2792.0
 Blitz ,genodesis,hiimgosu,0-1,2016.07.11,22:52:41,2557,2788,-4.0,8.0,D20,Queen's Gambit Accepted: Old Variation,180+0,Normal,1. d4 { [%eval 0.22] } 1... d5 { [%eval 0.15] } 2. c4 { [%eval 0.19] } 2... dxc4 { [%eval 0.47] } 3. e3 { [%eval 0.3] } 3... e5 { [%eval 0.33] } 4. Bxc4 { [%eval 0.4] } 4... exd4 { [%eval 0.29] } 5. exd4 { [%eval 0.32] } 5... Bd6 { [%eval 0.38] } 6. Nf3 { [%eval 0.34] } 6... Nf6 { [%eval 0.37] } 7. O-O { [%eval 0.1] } 7... O-O { [%eval 0.23] } 8. Bg5 { [%eval 0.03] } 8... h6 { [%eval 0.12] } 9. Bh4 { [%eval 0.06] } 9... Bg4 { [%eval 0.12] } 10. h3 { [%eval 0.22] } 10... Bh5 { [%eval 0.61] } 11. Nc3?! { [%eval 0.06] } 11... Nbd7 { [%eval 0.32] } 12. Qd3 { [%eval 0.25] } 12... Kh8 { [%eval 0.52] } 13. Rae1 { [%eval 0.44] } 13... Bg6 { [%eval 0.65] } 14. Qd2 { [%eval 0.44] } 14... Be7 { [%eval 0.77] } 15. Qe3 { [%eval 0.54] } 15... Re8 { [%eval 0.54] } 16. Ne5 { [%eval 0.5] } 16... Nxe5 { [%eval 0.46] } 17. dxe5 { [%eval 0.51] } 17... Nd7 { [%eval 0.56] } 18. Bg3 { [%eval 0.39] } 18... Bc5 { [%eval 0.53] } 19. Qf4 { [%eval 0.39] } 19... Qg5 { [%eval 0.58] } 20. Qxg5 { [%eval 0.52] } 20... hxg5 { [%eval 0.54] } 21. Nd5 { [%eval 0.27] } 21... Bb6 { [%eval 0.26] } 22. Nxb6 { [%eval 0.27] } 22... Nxb6 { [%eval 0.29] } 23. Bb5 { [%eval -0.05] } 23... c6 { [%eval -0.01] } 24. Be2 { [%eval -0.1] } 24... Bf5 { [%eval 0.15] } 25. f4 { [%eval 0.11] } 25... gxf4 { [%eval 0.15] } 26. Rxf4 { [%eval 0.17] } 26... Be6 { [%eval 0.13] } 27. Bd3 { [%eval -0.07] } 27... Rad8 { [%eval 0.0] } 28. Bb1 { [%eval -0.14] } 28... Rd2 { [%eval -0.1] } 29. b3 { [%eval -0.18] } 29... Kg8 { [%eval -0.03] } 30. Bf2 { [%eval -0.15] } 30... Red8 { [%eval 0.0] } 31. Rh4 { [%eval -0.29] } 31... Nd5 { [%eval -0.07] } 32. Bh7+ { [%eval -0.09] } 32... Kf8 { [%eval 0.0] } 33. Bc5+ { [%eval -0.27] } 33... Ke8 { [%eval -0.2] } 34. Be4 { [%eval -0.48] } 34... b6 { [%eval -0.37] } 35. Bd6 { [%eval -0.52] } 35... Kd7 { [%eval -0.58] } 36. Rh7 { [%eval -0.89] } 36... Rg8 { [%eval -0.78] } 37. Rf1 { [%eval -1.15] } 37... c5 { [%eval -0.7] } 38. Rh5?! { [%eval -1.36] } 38... Nc3 { [%eval -1.33] } 39. Bf5 { [%eval -1.81] } 39... Rxa2 { [%eval -1.77] } 40. Bxe6+ { [%eval -2.21] } 40... fxe6?! { [%eval -1.43] } 41. Rf7+ { [%eval -1.34] } 41... Kc6 { [%eval -1.18] } 42. Rg5 { [%eval -1.66] } 42... g6 { [%eval -1.56] } 43. Rf6 { [%eval -1.82] } 43... Rb2?! { [%eval -0.98] } 44. h4? { [%eval -2.46] } 44... Rh8 { [%eval -2.52] } 45. Rgxg6? { [%eval -4.49] } 45... Rxh4 { [%eval -4.34] } 46. Rxe6? { [%eval -7.0] } 46... Kb5? { [%eval -4.48] } 47. Be7 { [%eval -4.73] } 47... Rd4? { [%eval -2.27] } 48. Bg5? { [%eval -4.82] } 48... Ne2+? { [%eval -2.86] } 49. Kh2 { [%eval -2.93] } 49... Rxb3 { [%eval -2.78] } 50. Ref6?! { [%eval -3.65] } 50... Rbb4? { [%eval -2.22] } 51. Rh6?! { [%eval -2.96] } 51... Rg4 { [%eval -2.84] } 52. Rf5?? { [%eval -6.41] } 52... c4?? { [%eval 2.87] } 53. e6+ { [%eval 2.63] } 53... Ka4 { [%eval 2.98] } 54. e7 { [%eval 2.25] } 54... Re4 { [%eval 2.1] } 55. Rh7? { [%eval 0.5] } 55... c3 { [%eval 0.57] } 56. Rf1? { [%eval -1.1] } 56... c2 { [%eval -1.06] } 57. Bd2?? { [%eval #-2] } 57... Rh4+ { [%eval #-1] } 58. Rxh4 { [%eval #-1] } 58... Rxh4# 0-1,2672.5
 Bullet ,gnejs,penguingim1,0-1,2016.07.11,22:53:22,2767,2816,-9.0,10.0,D05,Colle System,30+0,Normal,1. Nf3 d5 2. e3 Nf6 3. d4 e6 4. c4 Be7 5. Nc3 O-O 6. Be2 b6 7. O-O Bb7 8. b3 Nbd7 9. Bb2 c5 10. Rc1 cxd4 11. Nxd4 Rc8 12. Bf3 Ne5 13. cxd5 Nxf3+ 14. Qxf3 Nxd5 15. Qg3 Bf6 16. Ndb5 a6 17. Nxd5 Bxb2 18. Rxc8 Bxc8 0-1,2791.5
 Bullet ,penguingim1,gnejs,0-1,2016.07.11,22:53:58,2826,2758,-13.0,13.0,A65,Benoni Defense: King's Pawn Line,30+0,Normal,1. d4 c5 2. d5 e6 3. c4 exd5 4. cxd5 d6 5. Nc3 Nf6 6. e4 a6 7. a4 h5 8. f3 h4 9. Bd3 Nbd7 10. Nge2 Ne5 11. Bc2 h3 12. O-O hxg2 13. Rf2 Bh3 14. Nf4 Qd7 15. Nxg2 Bxg2 16. Rxg2 Qh3 17. Rf2 c4 18. Qe2 Nh5 19. Be3 g5 20. Raf1 g4 21. fxg4 Nxg4 22. Rf3 Qh4 23. Bd4 Rg8 24. Kh1 Nxh2 25. Qxh2 Ng3+ 26. Rxg3 Qxg3 27. e5 dxe5 28. Bxe5 Qxh2+ 29. Kxh2 Bg7 30. Bxg7 Rxg7 31. Ne4 O-O-O 32. d6 Rh8# 0-1,2792.0
 Bullet ,gnejs,penguingim1,0-1,2016.07.11,22:54:56,2771,2813,-10.0,10.0,A10,English Opening: Anglo-Scandinavian Defense,30+0,Normal,1. c4 d5 2. cxd5 Qxd5 3. Nf3 Qd8 4. Nc3 Nf6 5. d4 e6 6. e4 Be7 7. e5 Nd5 8. Bd3 c5 9. dxc5 Nxc3 10. bxc3 Bxc5 11. Ng5 h6 12. Ne4 Be7 13. O-O Nc6 14. Bf4 b6 15. Qf3 Bb7 16. Qg3 g5 17. Bd2 Qc7 18. Nd6+ Bxd6 19. exd6 Qd7 20. c4 O-O-O 21. c5 bxc5 22. Be3 Qxd6 23. Qxd6 Rxd6 24. Be4 Nd4 25. Bxb7+ Kxb7 26. h3 Rc8 27. Kh2 f5 28. Rab1+ Rb6 29. Rbc1 f4 30. Bd2 e5 31. Rfe1 Re6 32. Bc3 Nc6 33. Rb1+ Kc7 34. Rbc1 e4 35. Bb2 Kd6 36. Rcd1+ Ke7 37. Rc1 e3 38. Rxc5 exf2 39. Rf1 Re2 40. Ba3 Ke6 41. Rc3 Nd4 42. Rf3 Rcc2 43. Rxf4 gxf4 44. Bc5 Re1 45. Bxd4 Rxf1 46. h4 Rh1+ 47. Kxh1 f1=Q+ 48. Kh2 Qxg2# 0-1,2792.0
 Bullet ,gnejs,penguingim1,0-1,2016.07.11,22:57:28,2752,2832,-8.0,9.0,D05,Colle System,30+0,Normal,1. e3 d5 2. Nf3 e6 3. d4 Nf6 4. Nfd2 Be7 5. Be2 O-O 6. O-O b6 7. c4 Bb7 8. Nc3 Nbd7 9. Bf3 c5 10. cxd5 Nxd5 11. e4 Nxc3 12. bxc3 cxd4 13. cxd4 Rc8 14. Bb2 Qc7 15. Qa4 Bc6 16. Qa6 Qb8 17. Rac1 Nf6 18. d5 exd5 19. Bxf6 Bxf6 20. exd5 Bb7 21. Qa3 Rfd8 22. Ne4 Be5 23. Qe7 Rxc1 24. Rxc1 Bxd5 25. Ng5 Bxh2+ 26. Kh1 Bd6 27. Qe3 Bxa2 28. Rd1 Bf4 29. Rxd8+ Qxd8 30. Qxf4 h6 31. Ne4 Be6 32. Qg3 a5 33. Kh2 a4 34. Nd6 a3 35. Ne4 a2 36. Qe5 Qd5 37. Qb2 Qh5+ 38. Kg1 Qa5 0-1,2792.0
 Blitz ,hiimgosu,genodesis,1-0,2016.07.11,22:58:49,2796,2553,7.0,-5.0,D02,Queen's Pawn Game: Anti-Torre,180+0,Normal,1. d4 d5 2. Nf3 Bg4 3. Ne5 Bf5 4. Bf4 Nd7 5. c4 Nxe5 6. Bxe5 e6 7. Qb3 Rb8 8. Nc3 dxc4 9. Qxc4 Bd6 10. Bxg7 1-0,2674.5
 Blitz ,genodesis,hiimgosu,0-1,2016.07.11,22:59:35,2548,2803,-4.0,7.0,C00,French Defense: Two Knights Variation,180+0,Normal,1. e4 { [%eval 0.12] } 1... e6 { [%eval 0.2] } 2. Nf3 { [%eval 0.1] } 2... d5 { [%eval 0.13] } 3. Nc3 { [%eval 0.09] } 3... Nf6 { [%eval 0.02] } 4. e5 { [%eval -0.34] } 4... Nfd7 { [%eval -0.34] } 5. d4 { [%eval -0.34] } 5... c5 { [%eval -0.19] } 6. Bg5 { [%eval -0.37] } 6... Qb6 { [%eval -0.34] } 7. Bb5 { [%eval -0.51] } 7... a6 { [%eval -0.43] } 8. Bxd7+ { [%eval -0.76] } 8... Bxd7 { [%eval -0.55] } 9. O-O { [%eval -0.77] } 9... Qxb2 { [%eval -0.82] } 10. Qd3 { [%eval -1.15] } 10... c4 { [%eval -1.25] } 11. Qe3? { [%eval -2.39] } 11... Qxc2 { [%eval -2.31] } 12. Rab1?! { [%eval -2.9] } 12... b5 { [%eval -2.87] } 13. Rfc1 { [%eval -2.84] } 13... Qd3? { [%eval -1.8] } 14. Qxd3 { [%eval -1.56] } 14... cxd3 { [%eval -1.55] } 15. Ne1?! { [%eval -2.32] } 15... Nc6 { [%eval -2.2] } 16. Be3? { [%eval -3.48] } 16... Nxd4? { [%eval -1.85] } 17. Bxd4?! { [%eval -2.74] } 17... d2 { [%eval -2.62] } 0-1,2675.5
 Bullet ,gnejs,penguingim1,0-1,2016.07.11,23:02:45,2743,2842,-7.0,8.0,A09,Reti Opening,30+0,Normal,1. Nf3 d5 2. c4 e5 3. cxd5 e4 4. Nd4 Qxd5 5. Nc2 Nf6 6. Nc3 Qe5 7. d4 exd3 8. Qxd3 Nc6 9. Be3 Bf5 10. Qd2 Rd8 11. Qc1 Ne4 12. Nxe4 Qxe4 13. a3 Qxc2 14. Qxc2 Bxc2 15. Rc1 Bb3 16. f3 Ne5 17. Kf2 Nc4 18. Rc3 Nxe3 19. Rxe3+ Be6 20. Rc3 Bd6 21. e3 Be5 22. Rc2 Bb3 23. Re2 Rd1 24. f4 Bd6 25. g3 Bc4 26. Rc2 Bxf1 27. Rxf1 Rxf1+ 28. Kxf1 Kd7 29. Ke2 f5 30. Rd2 Re8 31. Rd3 Kc6 32. Kf3 g6 33. Rc3+ Bc5 34. Rd3 b6 35. b4 Bd6 36. Rc3+ Kb7 37. Rd3 a5 38. b5 a4 39. Rd4 Re4 40. Rxe4 fxe4+ 41. Kxe4 Bxa3 42. Kd3 Be7 43. e4 a3 44. Kc3 a2 45. Kb2 c6 46. bxc6+ Kxc6 47. Kxa2 Kc5 48. Kb3 Kd4 49. e5 Ke4 50. g4 g5 51. f5 Kxe5 52. f6 Kxf6 53. Kc4 Ke5 54. Kb5 Kf4 55. Kxb6 Kxg4 56. Kc6 Kh3 57. Kd7 Kxh2 58. Kxe7 g4 59. Ke6 g3 60. Kf5 g2 61. Kg5 g1=Q+ 62. Kh5 Qg6+ 63. Kh4 Qh6+ 64. Kg4 Qg7+ 65. Kf3 h5 66. Kf2 Qg4 67. Ke3 h4 68. Kd3 h3 69. Kd2 Kg3 70. Kc2 h2 71. Kb2 h1=Q 72. Kc3 Qhf3+ 73. Kc2 Qge4+ 74. Kb2 Qee2+ 75. Kb1 Qff1# 0-1,2792.5
 Bullet ,gnejs,penguingim1,0-1,2016.07.11,23:05:34,2728,2858,-7.0,7.0,A43,Old Benoni Defense,30+0,Normal,1. d4 c5 2. Nf3 cxd4 3. Nxd4 Nc6 4. Nb3 Nf6 5. Nc3 d5 6. e4 d4 7. Ne2 e5 8. f3 Be6 9. c3 dxc3 10. Nxc3 Qc7 11. Be3 Rd8 12. Qe2 Bb4 13. Rc1 O-O 14. a3 Bxb3 15. axb4 Nxb4 16. Qb5 Nc2+ 17. Kf2 Nxe3 18. Kxe3 Be6 19. Be2 a6 20. Qb4 Rd4 21. Qa3 Qb6 22. Bd3 Ra4+ 23. Ke2 Rxa3 24. bxa3 Nd7 25. Na4 Qa7 26. Nc3 Nc5 27. Nb1 Nxd3 28. Kxd3 Qd4+ 29. Ke2 Bc4+ 30. Ke1 Qe3+ 31. Kd1 Qe2# 0-1,2793.0
 Bullet ,penguingim1,gnejs,1-0,2016.07.11,23:06:34,2865,2721,7.0,-6.0,A41,Old Indian Defense,30+0,Normal,1. d4 { [%eval 0.1] } 1... d6 { [%eval 0.47] } 2. c4 { [%eval 0.3] } 2... h5 { [%eval 0.79] } 3. Nc3 { [%eval 0.74] } 3... h4 { [%eval 0.92] } 4. e4 { [%eval 0.85] } 4... h3?! { [%eval 1.35] } 5. gxh3?! { [%eval 0.81] } 5... Nd7 { [%eval 1.0] } 6. Bg2 { [%eval 0.7] } 6... Ngf6 { [%eval 1.01] } 7. Nge2 { [%eval 0.75] } 7... e5 { [%eval 0.84] } 8. d5?! { [%eval 0.27] } 8... c6 { [%eval 0.56] } 9. Ng3 { [%eval 0.18] } 9... Nc5 { [%eval 0.41] } 10. Be3 { [%eval 0.24] } 10... Qc7 { [%eval 0.48] } 11. b4 { [%eval 0.37] } 11... Ncd7 { [%eval 0.49] } 12. a3 { [%eval 0.3] } 12... Nb6 { [%eval 0.29] } 13. Qb3 { [%eval 0.06] } 13... a5?! { [%eval 1.01] } 14. Rc1? { [%eval -0.12] } 14... axb4 { [%eval 0.06] } 15. axb4 { [%eval -0.04] } 15... c5? { [%eval 2.33] } 16. bxc5 { [%eval 2.14] } 16... dxc5 { [%eval 2.13] } 17. Nb5 { [%eval 2.06] } 17... Qd8? { [%eval 4.39] } 18. O-O? { [%eval 3.24] } 18... Bxh3 { [%eval 3.12] } 19. d6 { [%eval 2.84] } 19... Bxg2? { [%eval 5.65] } 20. Kxg2?? { [%eval 2.47] } 20... Qd7? { [%eval 4.79] } 21. Nc7+ { [%eval 3.95] } 21... Kd8 { [%eval 3.25] } 22. h4 { [%eval 3.16] } 22... Rxh4? { [%eval 4.28] } 23. Rh1 { [%eval 4.14] } 23... Rxh1 { [%eval 4.08] } 24. Rxh1 { [%eval 3.78] } 24... Qxd6?? { [%eval 7.95] } 25. Nxa8 { [%eval 7.77] } 25... Nxa8 { [%eval 7.62] } 26. Rd1 { [%eval 7.11] } 26... Kc7? { [%eval 10.17] } 27. Rxd6 { [%eval 9.87] } 27... Bxd6 { [%eval 9.68] } 28. Nf5 { [%eval 9.22] } 28... Nb6?! { [%eval 14.25] } 29. Nxd6 { [%eval 14.09] } 29... Nbd7 { [%eval 13.62] } 30. Qxb7+ { [%eval 13.12] } 30... Kxd6 { [%eval 12.05] } 31. Bd2? { [%eval 8.79] } 31... Ke6? { [%eval 15.98] } 32. Ba5 { [%eval 14.18] } 32... Kd6?! { [%eval #3] } 33. Qc7+?! { [%eval 16.38] } 33... Ke6?! { [%eval #28] } 34. Qc6+ { [%eval 117.22] } 34... Ke7 { [%eval 50.95] } 35. Bc7 { [%eval 10.73] } 35... Ke8?! { [%eval #3] } 36. Bd6 { [%eval #2] } 1-0,2793.0
 Blitz ,genodesis,hiimgosu,1-0,2016.07.11,23:07:41,2539,2816,20.0,-27.0,A45,Trompowsky Attack: Classical Defense,180+0,Normal,1. d4 { [%eval 0.11] } 1... Nf6 { [%eval 0.18] } 2. Bg5 { [%eval 0.12] } 2... e6 { [%eval 0.12] } 3. Nd2 { [%eval 0.03] } 3... h6 { [%eval 0.32] } 4. Bf4 { [%eval -0.09] } 4... d5 { [%eval -0.09] } 5. e3 { [%eval -0.08] } 5... Bd6 { [%eval 0.03] } 6. Bg3 { [%eval -0.32] } 6... c5 { [%eval -0.06] } 7. Ngf3 { [%eval -0.26] } 7... O-O { [%eval -0.17] } 8. c3 { [%eval -0.3] } 8... Nc6 { [%eval -0.11] } 9. Bb5 { [%eval -0.34] } 9... Bxg3 { [%eval -0.24] } 10. hxg3 { [%eval -0.28] } 10... Qb6 { [%eval -0.34] } 11. Bxc6 { [%eval -0.17] } 11... bxc6 { [%eval -0.33] } 12. Qb3 { [%eval -0.34] } 12... Nd7 { [%eval -0.18] } 13. O-O { [%eval -0.46] } 13... Rb8 { [%eval -0.15] } 14. Qxb6 { [%eval -0.16] } 14... Rxb6 { [%eval 0.01] } 15. b3 { [%eval 0.0] } 15... a5 { [%eval 0.0] } 16. a4 { [%eval -0.43] } 16... Ba6 { [%eval -0.32] } 17. Rfc1 { [%eval -0.46] } 17... Rfb8 { [%eval -0.42] } 18. Ne5 { [%eval -0.84] } 18... Nxe5 { [%eval -0.91] } 19. dxe5 { [%eval -0.91] } 19... Bd3 { [%eval -0.88] } 20. c4 { [%eval -0.9] } 20... d4 { [%eval -0.96] } 21. e4 { [%eval -0.99] } 21... Kf8 { [%eval -0.72] } 22. Ra3 { [%eval -0.74] } 22... Ke7? { [%eval 1.1] } 23. f3? { [%eval -0.74] } 23... f6? { [%eval 0.32] } 24. Kf2? { [%eval -0.74] } 24... fxe5?! { [%eval 0.0] } 25. b4 { [%eval 0.0] } 25... axb4?! { [%eval 0.52] } 26. Rxd3 { [%eval 0.52] } 26... Ra8 { [%eval 0.52] } 27. Ra1 { [%eval 0.52] } 27... Rba6 { [%eval 0.52] } 28. Nb3 { [%eval 0.52] } 28... Kd6? { [%eval 2.41] } 29. a5 { [%eval 2.05] } 29... g5? { [%eval 4.44] } 30. g4 { [%eval 4.09] } 30... Rh8?! { [%eval 4.66] } 31. Rh1 { [%eval 4.42] } 31... Raa8 { [%eval 4.65] } 32. Rdd1 { [%eval 4.65] } 32... Ra7 { [%eval 4.66] } 33. Ke2 { [%eval 4.66] } 33... Rah7 { [%eval 4.66] } 34. Rh5 { [%eval 4.41] } 34... Ra8 { [%eval 4.62] } 35. Ra1 { [%eval 4.5] } 35... Ra6?! { [%eval 5.48] } 36. Kd3 { [%eval 5.05] } 36... Rh8?! { [%eval 5.77] } 37. Rah1 { [%eval 5.29] } 37... Rha8? { [%eval 6.59] } 38. Rxh6 { [%eval 6.26] } 38... Rxa5? { [%eval 7.41] } 39. Nxa5 { [%eval 7.36] } 39... Rxa5 { [%eval 7.18] } 40. Rg6 { [%eval 7.05] } 40... Ra3+ { [%eval 6.39] } 41. Kc2 { [%eval 6.22] } 41... Rc3+?! { [%eval 6.86] } 42. Kb2 { [%eval 6.62] } 42... Rxc4? { [%eval 8.46] } 43. Rhh6 { [%eval 8.06] } 43... Rc3? { [%eval #11] } 44. Rxe6+ { [%eval #10] } 44... Kd7 { [%eval #10] } 45. Rd6+ { [%eval #9] } 45... Ke7 { [%eval #9] } 46. Rhe6+? { [%eval 8.84] } 46... Kf7 { [%eval 8.73] } 47. Rf6+ { [%eval 8.64] } 47... Ke7 { [%eval 8.26] } 48. Rde6+ { [%eval 8.17] } 48... Kd7 { [%eval 7.42] } 49. Rxc6 { [%eval 6.41] } 49... Ke7?? { [%eval #9] } 50. Rfe6+? { [%eval 8.93] } 50... Kd7? { [%eval #10] } 51. Rcd6+ { [%eval #9] } 51... Kc7 { [%eval #9] } 52. Rh6 { [%eval #8] } 52... c4 { [%eval #8] } 53. Rc6+ { [%eval #10] } 53... Kb7 { [%eval #8] } 54. Rb6+ { [%eval #9] } 54... Kc7 { [%eval #8] } 55. Rbc6+ { [%eval #10] } 55... Kd7 { [%eval #10] } 56. Rcg6 { [%eval #9] } 56... Rb3+ { [%eval #9] } 57. Kc2?! { [%eval 48.1] } 57... Rc3+?! { [%eval #8] } 58. Kd2 { [%eval #7] } 58... Rd3+ { [%eval #7] } 59. Ke2 { [%eval #6] } 59... Ke7 { [%eval #6] } 60. Rg7+ { [%eval #5] } 60... Kf8 { [%eval #5] } 61. Ra7 { [%eval #4] } 61... Kg8 { [%eval #4] } 62. Rb6 { [%eval #3] } 62... Re3+ { [%eval #3] } 63. Kf2?! { [%eval #3] } 63... Ra3 { [%eval #1] } 64. Rb8# 1-0,2677.5
 Bullet ,gnejs,penguingim1,0-1,2016.07.11,23:07:44,2715,2872,-7.0,6.0,D05,Colle System,30+0,Normal,1. e3 { [%eval 0.13] } 1... d5 { [%eval 0.08] } 2. Nf3 { [%eval 0.11] } 2... Nf6 { [%eval 0.11] } 3. d4 { [%eval 0.07] } 3... e6 { [%eval 0.12] } 4. Bb5+ { [%eval 0.03] } 4... c6 { [%eval 0.09] } 5. Bd3 { [%eval 0.12] } 5... Bd6 { [%eval 0.16] } 6. c3?! { [%eval -0.4] } 6... Nbd7 { [%eval -0.41] } 7. Nbd2 { [%eval -0.44] } 7... e5 { [%eval -0.33] } 8. e4 { [%eval -0.41] } 8... O-O { [%eval -0.25] } 9. exd5?! { [%eval -1.08] } 9... Re8 { [%eval -0.6] } 10. O-O? { [%eval -1.6] } 10... e4 { [%eval -1.5] } 11. dxc6 { [%eval -1.47] } 11... bxc6 { [%eval -1.25] } 12. Nc4 { [%eval -1.66] } 12... Bc7?! { [%eval -0.91] } 13. Bg5? { [%eval -1.99] } 13... exd3 { [%eval -1.98] } 14. Qxd3 { [%eval -1.94] } 14... h6 { [%eval -1.87] } 15. Bh4 { [%eval -1.89] } 15... Nc5 { [%eval -1.86] } 16. Qc2 { [%eval -1.7] } 16... Ne6 { [%eval -1.34] } 17. Rae1?! { [%eval -1.86] } 17... Nf4?! { [%eval -1.34] } 18. Rxe8+ { [%eval -1.39] } 18... Qxe8 { [%eval -1.38] } 19. Bxf6 { [%eval -1.34] } 19... gxf6 { [%eval -1.42] } 20. Re1 { [%eval -1.39] } 20... Qf8 { [%eval -1.02] } 21. g3 { [%eval -1.47] } 21... Bg4?! { [%eval -0.78] } 22. Nh4 { [%eval -1.06] } 22... Nh3+ { [%eval -0.61] } 23. Kg2 { [%eval -1.36] } 23... Ng5 { [%eval -0.81] } 24. f3 { [%eval -1.2] } 24... Bh3+ { [%eval -1.41] } 25. Kf2 { [%eval -1.41] } 25... Re8 { [%eval -1.34] } 26. Nf5? { [%eval -3.0] } 26... h5? { [%eval -1.28] } 27. Rxe8 { [%eval -1.21] } 27... Qxe8 { [%eval -1.29] } 28. Ncd6? { [%eval -3.38] } 28... Bxd6 { [%eval -2.94] } 29. Nxd6 { [%eval -2.94] } 29... Qe6 { [%eval -2.81] } 30. Ne4 { [%eval -2.75] } 30... h4? { [%eval -1.6] } 31. g4? { [%eval -4.2] } 31... Nxe4+ { [%eval -4.01] } 32. Qxe4 { [%eval -3.68] } 32... Qxe4? { [%eval -2.18] } 33. fxe4 { [%eval -2.17] } 33... Bxg4 { [%eval -2.14] } 34. Ke3 { [%eval -2.06] } 34... Bd7 { [%eval -1.74] } 35. b3 { [%eval -2.08] } 35... Kg7 { [%eval -2.02] } 36. b4?! { [%eval -2.91] } 36... f5 { [%eval -2.75] } 37. a4?! { [%eval -3.7] } 37... fxe4 { [%eval -3.53] } 38. Kxe4 { [%eval -3.29] } 38... Kf6 { [%eval -2.81] } 39. a5?? { [%eval -6.52] } 39... Kg5 { [%eval -6.55] } 40. c4 { [%eval -6.56] } 40... f5+ { [%eval -5.65] } 41. Ke5?? { [%eval -8.9] } 41... f4 { [%eval -8.0] } 42. d5? { [%eval -16.48] } 42... cxd5 { [%eval -14.65] } 43. Kxd5 { [%eval -52.12] } 43... f3 { [%eval -18.29] } 44. Kc5 { [%eval -58.65] } 44... f2 { [%eval -49.91] } 45. Kd6?! { [%eval #-11] } 45... f1=Q { [%eval #-11] } 46. Kxd7 { [%eval #-9] } 46... Qxc4 { [%eval #-8] } 47. b5 { [%eval #-7] } 47... Qxb5+ { [%eval #-7] } 48. Ke7 { [%eval #-5] } 48... Qxa5?! { [%eval #-6] } 49. Ke6 { [%eval #-5] } 49... Qb6+?! { [%eval #-8] } 50. Kf7 { [%eval #-4] } 50... a5?! { [%eval #-5] } 51. Kg7 { [%eval #-3] } 51... a4?! { [%eval #-4] } 52. h3 { [%eval #-3] } 52... a3?! { [%eval #-4] } 53. Kh7 { [%eval #-3] } 53... a2?! { [%eval #-3] } 54. Kg7 { [%eval #-3] } 54... a1=Q+ { [%eval #-2] } 0-1,2793.5
 Blitz ,hiimgosu,genodesis,0-1,2016.07.11,23:13:57,2789,2559,-26.0,18.0,A46,Indian Game: Spielmann-Indian,180+0,Normal,1. d4 { [%eval 0.26] } 1... Nf6 { [%eval 0.23] } 2. Nf3 { [%eval 0.24] } 2... c5 { [%eval 0.34] } 3. c3 { [%eval 0.02] } 3... g6?! { [%eval 0.6] } 4. Bf4 { [%eval 0.27] } 4... Bg7 { [%eval 0.41] } 5. e3 { [%eval 0.16] } 5... O-O { [%eval 0.46] } 6. h3 { [%eval 0.12] } 6... d6 { [%eval 0.17] } 7. Nbd2 { [%eval -0.01] } 7... Nc6 { [%eval 0.0] } 8. Qb3?! { [%eval -0.6] } 8... b6?! { [%eval 0.0] } 9. a4?! { [%eval -0.53] } 9... Be6 { [%eval -0.23] } 10. Qa3 { [%eval -0.25] } 10... Rc8 { [%eval 0.15] } 11. Be2 { [%eval -0.03] } 11... Bf5 { [%eval 0.15] } 12. O-O { [%eval 0.0] } 12... Ne4 { [%eval 0.27] } 13. Nxe4 { [%eval 0.25] } 13... Bxe4 { [%eval 0.33] } 14. Nd2 { [%eval 0.27] } 14... Bf5 { [%eval 0.36] } 15. e4 { [%eval 0.27] } 15... Bd7 { [%eval 0.27] } 16. d5 { [%eval 0.22] } 16... Ne5 { [%eval 0.44] } 17. Be3 { [%eval 0.45] } 17... f5 { [%eval 0.49] } 18. f4 { [%eval 0.56] } 18... Nf7 { [%eval 0.59] } 19. exf5 { [%eval 0.56] } 19... Bxf5 { [%eval 0.54] } 20. Rae1 { [%eval 0.14] } 20... e5 { [%eval 0.12] } 21. Nf3 { [%eval -0.22] } 21... Be4 { [%eval 0.03] } 22. c4?! { [%eval -0.59] } 22... Qd7?! { [%eval 0.34] } 23. Nd2?! { [%eval -0.28] } 23... exf4 { [%eval -0.16] } 24. Bxf4 { [%eval -0.41] } 24... Rce8 { [%eval 0.0] } 25. Nxe4 { [%eval -0.37] } 25... Rxe4 { [%eval -0.24] } 26. Bg4 { [%eval -0.07] } 26... Qe7 { [%eval -0.35] } 27. Bd2? { [%eval -1.95] } 27... Bd4+ { [%eval -1.79] } 28. Kh1 { [%eval -1.44] } 28... Rxe1 { [%eval -1.44] } 29. Rxe1?! { [%eval -1.94] } 29... Ne5 { [%eval -1.73] } 30. Be6+ { [%eval -2.17] } 30... Kg7 { [%eval -2.08] } 31. Qg3? { [%eval -3.88] } 31... Bf2 { [%eval -3.94] } 32. Qc3 { [%eval -4.05] } 32... Bxe1 { [%eval -3.97] } 33. Bxe1 { [%eval -3.94] } 33... Rf1+ { [%eval -3.63] } 34. Kh2 { [%eval -3.9] } 34... Qf6 { [%eval -3.78] } 35. Bg3 { [%eval -3.87] } 35... Rd1 { [%eval -3.57] } 36. Qe3? { [%eval -4.63] } 36... h5?! { [%eval -3.74] } 37. Bf4?! { [%eval -4.34] } 37... Rd4 { [%eval -4.24] } 38. Bh6+?! { [%eval -4.88] } 38... Kh7 { [%eval -4.79] } 39. Bg5 { [%eval -4.74] } 39... Qf1 { [%eval -4.51] } 40. b3?? { [%eval -10.53] } 40... Rd1 { [%eval -9.86] } 41. Bf4? { [%eval #-4] } 41... Qh1+?! { [%eval -11.88] } 42. Kg3 { [%eval -11.2] } 42... Re1?? { [%eval -3.96] } 43. Qd2?? { [%eval -7.55] } 43... Re4 { [%eval -7.13] } 44. Be3? { [%eval -9.83] } 44... h4+ { [%eval -9.43] } 45. Kf2 { [%eval -8.85] } 45... Qh2 { [%eval -8.53] } 46. Qe2? { [%eval -15.34] } 46... Qg3+ { [%eval -14.98] } 47. Kf1 { [%eval -14.6] } 47... Rxe3 { [%eval -14.2] } 48. Qf2 { [%eval -13.36] } 48... Qxf2+ { [%eval -12.93] } 49. Kxf2 { [%eval -12.12] } 49... Re4 { [%eval -9.65] } 50. a5 { [%eval -10.47] } 50... Rf4+ { [%eval -10.07] } 51. Ke3 { [%eval -9.87] } 51... Rf6 { [%eval -8.74] } 52. axb6? { [%eval -10.08] } 52... axb6 { [%eval -9.14] } 53. Bg4?! { [%eval -56.76] } 53... Nxg4+ { [%eval -51.54] } 54. hxg4 { [%eval -56.11] } 54... g5 { [%eval -53.79] } 55. Ke4?! { [%eval #-14] } 55... Rf4+ { [%eval #-13] } 56. Ke3 { [%eval #-13] } 56... Rxg4 { [%eval #-12] } 57. Kf3 { [%eval #-12] } 57... Rd4 { [%eval #-16] } 58. Ke3 { [%eval #-16] } 58... Kg6 { [%eval -52.03] } 59. g3?! { [%eval #-7] } 59... h3 { [%eval #-6] } 60. b4 { [%eval #-6] } 60... h2 { [%eval #-5] } 61. b5 { [%eval #-4] } 61... h1=Q { [%eval #-3] } 62. g4 { [%eval #-3] } 62... Qe4+ { [%eval #-2] } 63. Kf2 { [%eval #-2] } 63... Rd2+ { [%eval #-1] } 64. Kg1 { [%eval #-1] } 64... Qg2# 0-1,2674.0
 Bullet ,hiimgosu,allyouneedisluft,1-0,2016.07.12,00:05:23,2744,2557,6.0,-5.0,A43,Old Benoni Defense,60+0,Normal,1. d4 c5 2. Nf3 cxd4 3. c3 dxc3 4. Nxc3 g6 5. e4 Bg7 6. Bc4 Nc6 7. O-O Nf6 8. e5 Ng4 9. Bxf7+ Kxf7 10. Ng5+ Kg8 11. Qxg4 Nxe5 12. Qe2 d5 13. Rd1 e6 14. Bf4 Qf6 15. Be3 h6 16. Nh3 Nc4 17. Bd4 Qf7 18. Bxg7 Kxg7 19. b3 Nb6 20. Nb5 Bd7 21. Nd6 Qf6 22. Nxb7 Bc6 23. Nc5 Rhe8 24. Rac1 e5 25. Nd3 d4 26. Rxc6 Qxc6 27. Nxe5 Qe6 28. f4 Rad8 29. Nf2 Nd5 30. g3 Nc3 31. Qd2 Nxd1 32. Qxd1 d3 33. Nfxd3 Qf5 34. Qf3 Rxe5 35. Nxe5 Qb1+ 36. Kg2 Rd2+ 37. Kh3 Qg1 38. Qb7+ Kf6 39. Qf7# 1-0,2650.5
 Bullet tournament ,UofRochester,penguingim1,0-1,2016.07.12,21:00:04,2607,2878,-4.0,4.0,A07,King's Indian Attack,30+0,Normal,1. Nf3 d5 2. g3 e6 3. Bg2 Nf6 4. O-O Be7 5. d3 O-O 6. Nbd2 c5 7. b3 Nc6 8. Bb2 b5 9. e4 Bb7 10. e5 Nd7 11. Re1 a5 12. h4 a4 13. a3 b4 14. bxa4 Rxa4 15. c4 Nb6 16. cxd5 Nxd5 17. Qxa4 Qb6 18. Nc4 Qc7 19. Qc2 Ra8 20. axb4 Rd8 21. b5 Ncb4 22. Qe2 h6 23. Nh2 Qd7 24. Be4 Qxb5 25. Ng4 Kf8 26. Nxh6 gxh6 27. Qh5 Ke8 28. Qxh6 Bf8 29. Qh8 Nc2 30. Nd6+ Rxd6 31. exd6 Nxe1 32. Bg7 Kd7 33. Qxf8 Nxd3 34. Qxf7+ Kxd6 35. Bxd5 Bxd5 36. Ra7 Qb1+ 37. Kh2 Qh1# 0-1,2742.5
 Bullet tournament ,penguingim1,JaffaCakes,1-0,2016.07.12,21:01:15,2882,2453,2.0,-2.0,A65,Benoni Defense: King's Pawn Line,30+0,Normal,1. d4 e6 2. c4 Nf6 3. Nc3 c5 4. d5 exd5 5. cxd5 d6 6. e4 g6 7. Nge2 Bg7 8. Ng3 O-O 9. Be2 Re8 10. O-O b5 11. Bxb5 Bd7 12. Be2 h5 13. Bg5 h4 14. Bxh4 Qc7 15. Qd2 Na6 16. f4 Nb4 17. e5 dxe5 18. d6 Qb7 19. f5 gxf5 20. Nxf5 Bxf5 21. Rxf5 Nd7 22. Bc4 e4 23. Bxf7+ Kf8 24. Bd5+ Nf6 25. Bxb7 1-0,2667.5
 Bullet tournament ,AMADAN,penguingim1,0-1,2016.07.12,21:02:45,2486,2884,-2.0,2.0,C02,French Defense: Advance Variation #3,30+0,Normal,1. e4 e6 2. d4 d5 3. e5 c6 4. c3 c5 5. Nf3 cxd4 6. Bd3 Nc6 7. cxd4 Qb6 8. O-O Bd7 9. Nc3 Nxd4 10. Nxd4 Qxd4 11. Nb5 Qxe5 12. Re1 Qb8 13. Qf3 Qd8 14. Bf4 Rc8 15. Qxd5 Nf6 16. Qxb7 Be7 17. Nd6+ Bxd6 18. Bxd6 Bc6 19. Bb5 Bxb5 20. Qxb5+ Qd7 21. Qxd7+ Nxd7 22. Ba3 Nb6 23. Rad1 f6 24. f4 Kf7 25. f5 exf5 26. Bb4 Rhe8 27. Bc3 Rxe1+ 28. Rxe1 Nd5 29. Rf1 Nxc3 30. bxc3 Rxc3 31. g4 fxg4 32. Rf2 h5 33. Kg2 Kg6 34. Rd2 Kg5 35. Rd8 g6 36. Rb8 f5 37. h4+ Kxh4 38. Rb3 Rxb3 39. axb3 f4 40. b4 f3+ 41. Kf2 Kh3 42. b5 g3+ 43. Kxf3 g2 44. b6 g1=Q 45. b7 Qg2+ 46. Kf4 Qxb7 47. Ke5 Qe7+ 48. Kd5 Kg4 49. Kd4 h4 50. Kc3 h3 51. Kd4 h2 52. Kc4 h1=Q 53. Kb5 Qhb7+ 54. Ka4 Qeb4# 0-1,2685.0
 Bullet tournament ,penguingim1,mavareka,1-0,2016.07.12,21:04:00,2886,2461,2.0,-2.0,D10,Slav Defense: Exchange Variation,30+0,Normal,1. d4 d5 2. c4 c6 3. cxd5 cxd5 4. Nf3 Nc6 5. Nc3 Nf6 6. e4 a6 7. exd5 Nxd5 8. Bc4 Nxc3 9. bxc3 e6 10. Bb3 Be7 11. O-O O-O 12. Ne5 Bf6 13. Nxc6 bxc6 14. Qf3 Bb7 15. Bc2 Rc8 16. Rb1 Qc7 17. Qe4 g6 18. Qf3 Bg7 19. h3 Qd7 20. Bf4 Ba8 21. Be4 c5 22. dxc5 Bxe4 23. Qxe4 Rxc5 24. Be3 Qc6 25. Qb4 Rxc3 26. Rfc1 Rxc1+ 27. Rxc1 Qb5 28. Qa3 Qb2 29. Qxa6 Bd4 30. Qf1 Bxe3 31. fxe3 Qxa2 32. Re1 Qd5 33. Re2 Qe5 34. Re1 Rd8 35. Qf2 Rd3 36. e4 Rb3 37. Rf1 Rb2 38. Qxf7+ Kh8 39. Qf8# 1-0,2673.5
 Bullet tournament ,chickencrossroad,penguingim1,0-1,2016.07.12,21:07:43,2586,2892,-4.0,4.0,C10,"French Defense: Rubinstein Variation, Blackburne Defense",30+0,Normal,1. e4 e6 2. d4 d5 3. Nd2 dxe4 4. Nxe4 Nd7 5. Nf3 Ngf6 6. Neg5 c5 7. Bd3 cxd4 8. Nxd4 Bc5 9. Be3 h6 10. Ngf3 b6 11. O-O Bb7 12. c3 O-O 13. Qe2 Rc8 14. Rad1 Qe7 15. Nb5 a6 16. Bxc5 Nxc5 17. Nbd4 Nxd3 18. Qxd3 Rfd8 19. Qe2 b5 20. Nb3 Nd5 21. Na5 Ba8 22. a4 Nf4 23. Qe3 Qf6 24. Rxd8+ Rxd8 25. axb5 Nh3+ 26. Kh1 axb5 27. Nb3 Nf4 28. Nbd2 Rd3 29. Re1 Rxe3 30. Rxe3 Qg6 31. h3 Qxg2# 0-1,2739.0
 Bullet tournament ,chickencrossroad,penguingim1,0-1,2016.07.12,21:10:25,2582,2897,-3.0,4.0,A00,Hungarian Opening: Reversed Alekhine,30+0,Normal,1. Nf3 e5 2. g3 e4 3. Nd4 c5 4. Nb3 a5 5. d3 a4 6. N3d2 exd3 7. cxd3 Nf6 8. Bg2 d5 9. O-O Nc6 10. Nc3 Be7 11. e4 d4 12. Nd5 O-O 13. Nxf6+ Bxf6 14. f4 Re8 15. e5 Be7 16. Nc4 Qc7 17. Bd2 b5 18. Na3 Ba6 19. Rc1 Rad8 20. b4 Qb6 21. bxc5 Bxc5 22. Nc2 Bf8 23. a3 Na5 24. Nb4 Nb3 25. Rc2 Bb7 26. Bxb7 Qxb7 27. Qf3 Qxf3 28. Rxf3 Rc8 29. Rxc8 Rxc8 30. Be1 Rc1 31. Rf1 Ra1 32. Kf2 Rxa3 33. Nd5 Ra2+ 34. Kf3 h6 35. Bb4 Bxb4 36. Nxb4 Rxh2 37. e6 h5 38. f5 Nd2+ 39. Kf4 Nxf1 40. e7 Re2 41. Nd5 f6 42. Kf3 Re5 43. Kf4 Kf7 44. g4 Rxd5 45. g5 Re5 46. gxf6 gxf6 47. e8=Q+ Rxe8 48. Kf3 Nd2+ 49. Kf2 Nb3 50. Kf1 Nc5 51. Kg2 a3 52. Kh3 a2 53. Kh4 Re7 54. Kxh5 Re8 55. Kg4 Rg8+ 56. Kh5 a1=Q 57. Kh4 Qh1# 0-1,2739.5
 Bullet tournament ,penguingim1,Gabix94,1/2-1/2,2016.07.12,21:11:56,2901,2449,-11.0,12.0,A42,Modern Defense: Averbakh Variation,30+0,Normal,1. d4 g6 2. c4 Bg7 3. Nc3 d6 4. e4 Nd7 5. Nge2 e6 6. f3 Ne7 7. Be3 O-O 8. Qd2 c5 9. h4 Nc6 10. d5 Nd4 11. Nxd4 cxd4 12. Bxd4 Bxd4 13. Qxd4 exd5 14. Nxd5 Ne5 15. f4 Be6 16. fxe5 Bxd5 17. cxd5 dxe5 18. Qxe5 Re8 19. Qd4 Qa5+ 20. Kf2 Rac8 21. Be2 Rc2 22. Rhd1 Qb5 23. Rd2 Rxd2 24. Qxd2 Qc5+ 25. Qe3 Qd6 26. Bf3 f5 27. e5 Rxe5 28. Qd4 Qf6 29. Rd1 f4 30. d6 Qxh4+ 31. Kg1 Re1+ 32. Rxe1 Qxe1+ 33. Kh2 Qh4+ 34. Kg1 Qe1+ 35. Kh2 Qh4+ 36. Kg1 Qe1+ 1/2-1/2,2675.0
 Bullet tournament ,chickencrossroad,penguingim1,0-1,2016.07.12,21:13:02,2582,2890,-4.0,4.0,A04,Zukertort Opening: Ross Gambit,30+0,Normal,1. Nf3 e5 2. Nxe5 d5 3. d4 Bd6 4. Nf3 Nf6 5. Bg5 O-O 6. e3 h6 7. Bh4 Nbd7 8. Bg3 c6 9. Bd3 Re8 10. O-O Bxg3 11. hxg3 Ne4 12. c4 f5 13. cxd5 cxd5 14. Nc3 Ndf6 15. Bxe4 fxe4 16. Ne5 Be6 17. f3 Qe7 18. fxe4 dxe4 19. Qe2 Rad8 20. Rf4 Bd5 21. Raf1 Qe6 22. Nxd5 Nxd5 23. Rxe4 Nf6 24. Ref4 Nd5 25. Rg4 Rf8 26. Rxf8+ Rxf8 27. Rg6 Qf5 28. Qf3 Qb1+ 29. Kh2 Rxf3 30. Nxf3 Nxe3 31. Re6 Ng4+ 32. Kh3 Nf2+ 33. Kh2 Qh1# 0-1,2736.0
 Bullet tournament ,penguingim1,CrushKing,1-0,2016.07.12,21:14:06,2894,2412,1.0,-2.0,A40,English Defense #2,30+0,Normal,1. d4 b6 2. c4 Bb7 3. Nc3 g6 4. Qc2 Bg7 5. e4 e6 6. Nf3 Ne7 7. Be2 O-O 8. Be3 d6 9. O-O Nd7 10. d5 e5 11. Nd2 f6 12. f4 a5 13. f5 g5 14. g4 h6 15. h3 Re8 16. a3 Kf8 17. b4 Ng8 18. Rfb1 axb4 19. Kf2 bxc3 20. Qxc3 Qe7 21. Nb3 Nc5 22. a4 Nxb3 23. Qxb3 Ra7 24. a5 Rxa5 25. Rxa5 bxa5 26. Qxb7 Qd8 27. Qc6 a4 28. Qxa4 Qa8 29. Qxa8 Rxa8 30. Rb7 Rc8 31. c5 Ne7 32. c6 Ke8 33. Ra7 Kd8 34. Rb7 Bf8 35. Ba7 Ng8 36. Ba6 Ne7 37. Rb8 Rxb8 38. Bxb8 Ng8 39. Ba7 Ne7 40. Be3 Ng8 41. Bb7 Ne7 42. Ke2 Ng8 43. h4 Bg7 44. hxg5 hxg5 45. Kd3 Bh6 46. Kc4 Bg7 47. Kb5 Bf8 48. Ka6 Be7 49. Ka7 Nh6 50. Kb8 Nxg4 51. Bb6 Nf2 52. Bxc7+ Ke8 53. Bb6 Kf7 54. c7 Nxe4 55. c8=Q Bf8 56. Qe6+ Kg7 57. Bc8 Be7 58. Qxe7+ Kh6 59. Qf7 g4 60. Qg6# 1-0,2653.0
 Bullet tournament ,penguingim1,chickencrossroad,1-0,2016.07.12,21:16:29,2899,2594,4.0,-4.0,D06,Queen's Gambit Refused: Marshall Defense,30+0,Normal,1. d4 Nf6 2. c4 d5 3. cxd5 Nxd5 4. Nc3 Nf6 5. e4 e5 6. dxe5 Qxd1+ 7. Kxd1 Ng4 8. Ke1 Nxe5 9. f4 Ng6 10. Nf3 Nc6 11. f5 Nge5 12. Nd5 Bd6 13. Be3 O-O 14. h3 Nxf3+ 15. gxf3 Be5 16. Rb1 Re8 17. Kf2 Ne7 18. Bc4 Nxd5 19. Bxd5 c6 20. Bc4 b5 21. Be2 Bb7 22. b3 a5 23. Rhd1 Rad8 24. Rbc1 Kf8 25. f4 Bf6 26. e5 Bh4+ 27. Kf3 c5+ 28. Kg4 Be7 29. Rxd8 Rxd8 30. Bf3 Bxf3+ 31. Kxf3 Rc8 32. Ke2 c4 33. bxc4 bxc4 34. Rc2 f6 35. Bd4 Kf7 36. Ke3 Bb4 37. Ke4 Ke7 38. Kd5 c3 39. a3 Rd8+ 40. Ke4 Bxa3 41. Bxc3 Bb4 42. Bxb4+ axb4 43. Rc7+ Kf8 44. Rb7 b3 45. Rxb3 Rc8 46. Rd3 fxe5 47. Rd4 Re8 48. fxe5 Re7 49. e6 g6 50. Ke5 Kg7 51. f6+ Kh6 52. fxe7 Kg5 53. e8=Q h5 54. Qe7+ Kh6 55. Qf6 h4 56. Qh8+ Kg5 57. Qf6+ Kh6 58. Qh8+ Kg5 59. Rg4# 1-0,2746.5
 Bullet tournament ,alsaco,penguingim1,0-1,2016.07.12,21:17:56,2416,2903,-1.0,2.0,D02,Queen's Pawn Game: Zukertort Variation,30+0,Normal,1. d4 d5 2. Nf3 e6 3. Bf4 Nf6 4. Bg3 Be7 5. e3 O-O 6. Nbd2 Ne4 7. c3 f5 8. Bd3 c5 9. Bxe4 fxe4 10. Ne5 Nc6 11. Nxc6 bxc6 12. Be5 cxd4 13. cxd4 Bd6 14. Bxd6 Qxd6 15. Qg4 e5 16. Qg3 Re8 17. O-O Qf6 18. dxe5 Rxe5 19. Rfd1 Ba6 20. Nb3 Rg5 21. Qf4 Qg6 22. g3 Rf8 23. Qc7 Be2 24. Rd2 Bf3 25. Nd4 Rh5 26. Nxf3 exf3 27. Rc1 Rxh2 28. Qxc6 Rg2+ 29. Kf1 Qg4 30. Qc3 Qh3 31. Ke1 Rg1# 0-1,2659.5
 Bullet tournament ,penguingim1,alsaco,1-0,2016.07.12,21:22:39,2910,2442,2.0,-1.0,A43,Old Benoni Defense #2,30+0,Normal,1. d4 c5 2. d5 g6 3. c4 Bg7 4. Nc3 Nf6 5. h4 O-O 6. h5 d6 7. h6 Bh8 8. g4 e5 9. g5 Ne8 10. f4 f5 11. gxf6 Bxf6 12. fxe5 Bxe5 13. Nf3 Bh8 14. Bg5 Nf6 15. Qd2 Nbd7 16. Bg2 Ne5 17. Nxe5 dxe5 18. O-O-O Bf5 19. Rdf1 b5 20. e4 Bd7 21. Nxb5 Bxb5 22. cxb5 Rc8 23. a3 c4 24. Qc3 Qd6 25. Bh3 Nd7 26. Be6+ Rf7 27. Rxf7 1-0,2676.0
 Bullet tournament ,JaffaCakes,penguingim1,0-1,2016.07.12,21:23:23,2456,2912,-2.0,2.0,A00,Hungarian Opening: Catalan Formation,30+0,Normal,1. g3 d5 2. Bg2 e6 3. Nf3 Nf6 4. O-O Be7 5. d3 O-O 6. c4 c5 7. cxd5 Nxd5 8. Nbd2 Nc6 9. Re1 b6 10. e4 Nf6 11. Nc4 Bb7 12. e5 Nd5 13. Nd6 Bxd6 14. exd6 Qxd6 15. d4 Rfd8 16. dxc5 Qxc5 17. Qe2 h6 18. Qf1 Rac8 19. Be3 Nxe3 20. Rxe3 Nb4 21. Rc1 Qxc1 22. Re1 Qc5 23. Ne5 Ba6 0-1,2684.0
 Bullet tournament ,penguingim1,AMADAN,0-1,2016.07.12,21:24:07,2914,2596,-24.0,21.0,D34,Tarrasch Defense: Classical Variation,30+0,Normal,1. d4 { [%eval 0.29] } 1... d5 { [%eval 0.29] } 2. c4 { [%eval 0.22] } 2... e6 { [%eval 0.29] } 3. cxd5 { [%eval 0.06] } 3... exd5 { [%eval 0.12] } 4. Nc3 { [%eval 0.12] } 4... c5 { [%eval 0.43] } 5. Nf3 { [%eval 0.3] } 5... Nc6 { [%eval 0.3] } 6. g3 { [%eval 0.29] } 6... Nf6 { [%eval 0.3] } 7. Bg2 { [%eval 0.3] } 7... Be7 { [%eval 0.37] } 8. O-O { [%eval 0.32] } 8... O-O { [%eval 0.36] } 9. dxc5 { [%eval 0.2] } 9... Be6 { [%eval 0.47] } 10. Na4 { [%eval 0.47] } 10... Rc8 { [%eval 0.45] } 11. a3 { [%eval 0.52] } 11... b5?! { [%eval 1.16] } 12. cxb6 { [%eval 0.99] } 12... axb6 { [%eval 1.23] } 13. b4?! { [%eval 0.45] } 13... b5 { [%eval 0.87] } 14. Nb2?! { [%eval 0.0] } 14... d4?! { [%eval 0.54] } 15. Nd3 { [%eval 0.27] } 15... Bc4?! { [%eval 1.1] } 16. Bb2 { [%eval 1.0] } 16... Ne4 { [%eval 0.9] } 17. Rc1 { [%eval 0.67] } 17... Nc3 { [%eval 0.67] } 18. Bxc3 { [%eval 0.87] } 18... dxc3 { [%eval 0.83] } 19. Rxc3 { [%eval 0.9] } 19... Qb6?! { [%eval 1.66] } 20. Qc1 { [%eval 1.37] } 20... Rfd8 { [%eval 1.59] } 21. Rd1? { [%eval 0.41] } 21... Nd4? { [%eval 1.9] } 22. Nxd4 { [%eval 1.85] } 22... Qxd4?! { [%eval 2.72] } 23. h3? { [%eval 1.19] } 23... Qf6 { [%eval 1.45] } 24. Rc2 { [%eval 1.43] } 24... Bd6? { [%eval 2.66] } 25. Nb2 { [%eval 2.41] } 25... Bc7? { [%eval 3.93] } 26. Nxc4 { [%eval 3.84] } 26... bxc4 { [%eval 3.75] } 27. Rxd8+?! { [%eval 3.17] } 27... Rxd8?! { [%eval 3.76] } 28. Rxc4 { [%eval 3.5] } 28... Bb6 { [%eval 3.9] } 29. Bf3 { [%eval 3.74] } 29... Qe5 { [%eval 3.97] } 30. Rc6?? { [%eval -0.64] } 30... Qxg3+ { [%eval -0.25] } 31. Kh1?? { [%eval -19.24] } 31... Qxh3+ { [%eval -17.18] } 32. Kg1 { [%eval -16.58] } 32... Qg3+ { [%eval -16.25] } 33. Kh1 { [%eval -15.31] } 33... Bxf2 { [%eval -13.0] } 34. Qf1 { [%eval -10.06] } 34... h5 { [%eval -8.58] } 35. Rc4? { [%eval #-6] } 35... Rd1 { [%eval #-5] } 36. Rc8+ { [%eval #-5] } 36... Kh7 { [%eval #-4] } 37. Be4+ { [%eval #-4] } 37... Kh6?! { [%eval #-5] } 38. Bg6 { [%eval #-1] } 38... Qh3# 0-1,2755.0
 Bullet tournament ,penguingim1,Kingscrusher-YouTube,0-1,2016.07.12,21:26:37,2894,2457,-27.0,29.0,A40,Modern Defense,30+0,Normal,1. d4 { [%eval 0.19] } 1... g6 { [%eval 0.68] } 2. d5?! { [%eval 0.15] } 2... Bg7 { [%eval 0.18] } 3. c4 { [%eval 0.22] } 3... c6 { [%eval 0.18] } 4. Nc3 { [%eval 0.21] } 4... cxd5 { [%eval 0.35] } 5. cxd5 { [%eval 0.29] } 5... d6 { [%eval 0.34] } 6. Bd2 { [%eval 0.0] } 6... Nf6 { [%eval 0.0] } 7. e4 { [%eval 0.0] } 7... O-O { [%eval 0.03] } 8. Nf3 { [%eval 0.01] } 8... e6 { [%eval 0.0] } 9. Bd3 { [%eval -0.37] } 9... exd5 { [%eval -0.29] } 10. Nxd5?! { [%eval -0.92] } 10... Re8?! { [%eval -0.21] } 11. Nxf6+ { [%eval -0.19] } 11... Bxf6 { [%eval -0.2] } 12. Rb1?! { [%eval -1.03] } 12... Bg7? { [%eval 0.08] } 13. O-O { [%eval 0.08] } 13... Nd7 { [%eval 0.09] } 14. Re1 { [%eval 0.02] } 14... Ne5 { [%eval 0.05] } 15. Bc2?! { [%eval -0.77] } 15... Bg4 { [%eval -0.76] } 16. Be3? { [%eval -2.46] } 16... Bxf3? { [%eval -0.44] } 17. gxf3 { [%eval -0.58] } 17... Qh4 { [%eval -0.43] } 18. Kg2 { [%eval -0.56] } 18... Bh6 { [%eval -0.59] } 19. h3?! { [%eval -1.29] } 19... Bf4 { [%eval -0.89] } 20. Qe2 { [%eval -1.01] } 20... g5 { [%eval -0.54] } 21. Rg1 { [%eval -0.93] } 21... Ng6 { [%eval -0.72] } 22. Rh1 { [%eval -0.89] } 22... h6 { [%eval -0.73] } 23. Bd4?! { [%eval -1.41] } 23... Re5? { [%eval 0.0] } 24. Be3?! { [%eval -0.93] } 24... Re7 { [%eval -0.91] } 25. Bb3 { [%eval -0.77] } 25... Be5 { [%eval -0.59] } 26. Rbd1 { [%eval -0.84] } 26... Re6? { [%eval 1.14] } 27. Rc1? { [%eval -0.49] } 27... Rf8? { [%eval 1.16] } 28. Rc7?! { [%eval 0.27] } 28... d5?! { [%eval 0.8] } 29. Bxd5?? { [%eval -4.97] } 29... Bxc7 { [%eval -5.2] } 30. Bxe6 { [%eval -5.09] } 30... fxe6 { [%eval -4.83] } 31. Rd1? { [%eval -5.91] } 31... Bf4? { [%eval -3.43] } 32. Rd7?? { [%eval -9.32] } 32... Bxe3 { [%eval -9.15] } 33. fxe3 { [%eval -8.81] } 33... Ne5 { [%eval -8.51] } 34. Rxb7? { [%eval -11.71] } 34... Nxf3 { [%eval -10.92] } 35. Re7?! { [%eval #-6] } 35... g4 { [%eval #-5] } 36. Kh1 { [%eval #-2] } 36... Qxh3+ { [%eval #-1] } 37. Qh2 { [%eval #-1] } 37... Qxh2# 0-1,2675.5
 Bullet tournament ,Kingscrusher-YouTube,penguingim1,1-0,2016.07.12,21:28:35,2496,2870,27.0,-26.0,C10,"French Defense: Rubinstein Variation, Blackburne Defense",30+0,Normal,1. e4 { [%eval 0.07] } 1... e6 { [%eval 0.19] } 2. d4 { [%eval 0.24] } 2... d5 { [%eval 0.22] } 3. Nc3 { [%eval 0.24] } 3... dxe4 { [%eval 0.53] } 4. Nxe4 { [%eval 0.47] } 4... Nd7 { [%eval 0.51] } 5. Ng3?! { [%eval -0.03] } 5... Ngf6 { [%eval -0.06] } 6. Nf3 { [%eval -0.09] } 6... c5 { [%eval -0.03] } 7. Bd3 { [%eval -0.02] } 7... Qc7 { [%eval 0.0] } 8. O-O { [%eval 0.08] } 8... c4 { [%eval 0.23] } 9. Re1? { [%eval -2.45] } 9... b5? { [%eval 0.48] } 10. Be4 { [%eval 0.52] } 10... Nxe4 { [%eval 0.5] } 11. Nxe4 { [%eval 0.45] } 11... Bb7 { [%eval 0.72] } 12. d5 { [%eval 1.21] } 12... Bxd5?? { [%eval 4.56] } 13. Qxd5 { [%eval 4.61] } 13... exd5?? { [%eval #2] } 14. Nf6+ { [%eval #1] } 14... Kd8 { [%eval #1] } 15. Re8# 1-0,2683.0
 Bullet tournament ,AMADAN,KyleKorver,0-1,2016.07.12,21:31:58,2589,2787,-6.0,9.0,C02,"French Defense: Advance Variation, Milner-Barry Gambit",30+0,Normal,1. e4 e6 2. d4 d5 3. e5 c5 4. c3 Nc6 5. Nf3 Qb6 6. Bd3 Nge7 7. O-O cxd4 8. cxd4 Nf5 9. Bxf5 exf5 10. Nc3 Be6 11. Na4 Qd8 12. Be3 Be7 13. Rc1 O-O 14. a3 Rc8 15. b4 h6 16. h4 Qd7 17. h5 f6 18. Nc5 Bxc5 19. Rxc5 fxe5 20. Nxe5 Nxe5 21. dxe5 f4 22. Bd4 f3 23. g3 Qf7 24. Qxf3 Qxf3 0-1,2688.0
 Bullet tournament ,KyleKorver,UofRochester,1-0,2016.07.12,21:33:38,2799,2558,7.0,-5.0,A40,"Englund Gambit Declined, Reversed Krebs",30+0,Normal,1. d4 { [%eval 0.18] } 1... e5?! { [%eval 0.78] } 2. Nf3?! { [%eval -0.03] } 2... e4 { [%eval -0.03] } 3. Nfd2 { [%eval -0.03] } 3... d5 { [%eval -0.04] } 4. e3 { [%eval -0.03] } 4... Nf6 { [%eval 0.0] } 5. c4 { [%eval -0.03] } 5... Bd6?! { [%eval 0.6] } 6. Nc3?! { [%eval 0.02] } 6... c6 { [%eval 0.01] } 7. Qb3 { [%eval 0.0] } 7... O-O { [%eval 0.48] } 8. cxd5 { [%eval 0.49] } 8... cxd5 { [%eval 0.56] } 9. Nxd5 { [%eval 0.62] } 9... Nxd5 { [%eval 0.59] } 10. Qxd5 { [%eval 0.5] } 10... Re8 { [%eval 0.82] } 11. Qb3 { [%eval 0.36] } 11... Nc6 { [%eval 0.41] } 12. Qd1 { [%eval 0.03] } 12... Bf5 { [%eval 0.25] } 13. Be2 { [%eval 0.05] } 13... Qh4 { [%eval 0.36] } 14. h3?! { [%eval -0.41] } 14... Re6? { [%eval 1.29] } 15. a3? { [%eval -1.15] } 15... Rg6? { [%eval 0.0] } 16. Bf1? { [%eval -2.8] } 16... Bg3 { [%eval -2.86] } 17. Qe2 { [%eval -2.44] } 17... Bd6? { [%eval 0.27] } 18. Nc4 { [%eval 0.21] } 18... Bc7 { [%eval 0.5] } 19. Bd2? { [%eval -0.55] } 19... Rd8?! { [%eval 0.24] } 20. O-O-O? { [%eval -0.92] } 20... Qh6? { [%eval 0.27] } 21. Kb1?! { [%eval -0.41] } 21... Be6?! { [%eval 0.1] } 22. Rc1 { [%eval 0.18] } 22... Qg5 { [%eval 0.18] } 23. f4?! { [%eval -0.52] } 23... Qb5? { [%eval 1.29] } 24. Ne5? { [%eval -1.15] } 24... Qb3?! { [%eval -0.44] } 25. Nc4 { [%eval -0.56] } 25... b5 { [%eval -0.55] } 26. Qd1? { [%eval -2.75] } 26... bxc4?? { [%eval 0.57] } 27. Qxb3 { [%eval 0.5] } 27... cxb3 { [%eval 0.48] } 28. Rxc6 { [%eval 0.41] } 28... Bd5?? { [%eval 6.2] } 29. Rxg6?? { [%eval 1.8] } 29... hxg6 { [%eval 1.91] } 30. Be2 { [%eval 1.84] } 30... Bb6 { [%eval 1.83] } 31. Rc1 { [%eval 1.81] } 31... Kf8 { [%eval 2.11] } 32. Bc4?! { [%eval 1.54] } 32... Ke7 { [%eval 1.62] } 33. Bxd5 { [%eval 1.32] } 33... Rd7?? { [%eval 7.91] } 34. Bb4+ { [%eval 7.84] } 34... Kf6? { [%eval #5] } 35. Bc6? { [%eval 7.75] } 35... Rc7 { [%eval 7.68] } 36. Bxe4 { [%eval 7.59] } 36... Bxd4? { [%eval #8] } 37. Rxc7 { [%eval #7] } 1-0,2678.5
 Bullet tournament ,AMADAN,KyleKorver,1-0,2016.07.12,21:35:40,2608,2809,18.0,-27.0,C02,"French Defense: Advance Variation, Milner-Barry Gambit",30+0,Normal,1. e4 { [%eval 0.25] } 1... e6 { [%eval 0.26] } 2. d4 { [%eval 0.2] } 2... d5 { [%eval 0.16] } 3. e5 { [%eval 0.0] } 3... c5 { [%eval -0.03] } 4. c3 { [%eval 0.0] } 4... Nc6 { [%eval 0.0] } 5. Nf3 { [%eval 0.07] } 5... Qb6 { [%eval 0.1] } 6. Bd3 { [%eval -0.3] } 6... Nge7?! { [%eval 0.62] } 7. dxc5 { [%eval 0.44] } 7... Qxc5 { [%eval 0.45] } 8. Be3 { [%eval 0.34] } 8... Qa5 { [%eval 0.44] } 9. b4?! { [%eval -0.2] } 9... Qc7 { [%eval -0.27] } 10. O-O { [%eval -0.2] } 10... Nxe5 { [%eval -0.18] } 11. Nxe5 { [%eval -0.18] } 11... Qxe5 { [%eval -0.1] } 12. Re1 { [%eval -0.17] } 12... Qc7 { [%eval -0.22] } 13. Nd2 { [%eval -0.53] } 13... Ng6?! { [%eval 0.26] } 14. Rc1 { [%eval -0.08] } 14... Bd7 { [%eval 0.18] } 15. g3 { [%eval 0.08] } 15... Bd6 { [%eval 0.27] } 16. c4 { [%eval 0.32] } 16... d4?! { [%eval 0.82] } 17. Bxd4 { [%eval 0.65] } 17... O-O { [%eval 0.88] } 18. h4? { [%eval -1.07] } 18... e5? { [%eval 1.68] } 19. Bb2? { [%eval 0.67] } 19... f5?? { [%eval 3.9] } 20. c5 { [%eval 3.67] } 20... Be7 { [%eval 3.79] } 21. Bc4+ { [%eval 3.74] } 21... Kh8 { [%eval 3.79] } 22. h5 { [%eval 3.73] } 22... f4? { [%eval 4.76] } 23. hxg6 { [%eval 4.94] } 23... hxg6?? { [%eval 11.59] } 24. Bxe5?! { [%eval 9.04] } 24... Qd8 { [%eval 8.51] } 25. Bd3?? { [%eval 5.1] } 25... Bc6? { [%eval 7.7] } 26. Bxg6 { [%eval 6.59] } 26... Rf6?? { [%eval #3] } 27. Qh5+ { [%eval #2] } 27... Kg8 { [%eval #2] } 28. Qh7+ { [%eval #1] } 28... Kf8 { [%eval #1] } 29. Qh8# 1-0,2708.5
 Bullet tournament ,AMADAN,KyleKorver,0-1,2016.07.12,21:39:30,2649,2789,-7.0,11.0,C02,"French Defense: Advance Variation, Paulsen Attack",30+0,Normal,1. e4 { [%eval 0.19] } 1... e6 { [%eval 0.08] } 2. d4 { [%eval 0.23] } 2... d5 { [%eval 0.18] } 3. e5 { [%eval 0.05] } 3... c5 { [%eval -0.06] } 4. c3 { [%eval -0.05] } 4... Nc6 { [%eval -0.06] } 5. Nf3 { [%eval -0.02] } 5... Nge7 { [%eval 0.11] } 6. Bd3 { [%eval 0.01] } 6... cxd4 { [%eval 0.04] } 7. cxd4 { [%eval 0.08] } 7... Nf5 { [%eval 0.07] } 8. Be3 { [%eval 0.11] } 8... Nxe3 { [%eval 0.07] } 9. fxe3 { [%eval 0.1] } 9... Qb6 { [%eval 0.0] } 10. Nc3?! { [%eval -0.75] } 10... Be7? { [%eval 0.35] } 11. O-O { [%eval 0.34] } 11... f5?! { [%eval 1.01] } 12. exf6 { [%eval 0.81] } 12... Bxf6? { [%eval 2.96] } 13. Ne5?? { [%eval -0.51] } 13... Nxe5 { [%eval -0.45] } 14. dxe5 { [%eval -0.62] } 14... Qxe3+ { [%eval -0.3] } 15. Kh1 { [%eval -0.44] } 15... Qxe5 { [%eval 0.14] } 16. Bb5+?! { [%eval -0.57] } 16... Bd7?! { [%eval 0.35] } 17. Bxd7+ { [%eval 0.2] } 17... Kxd7 { [%eval 0.27] } 18. Qa4+ { [%eval 0.28] } 18... Kd8 { [%eval 0.35] } 19. Rad1?! { [%eval -0.55] } 19... a6?! { [%eval 0.0] } 20. Ne4 { [%eval 0.0] } 20... Be7 { [%eval 0.0] } 21. Nd2 { [%eval -0.44] } 21... b5 { [%eval -0.06] } 22. Qb3 { [%eval -0.36] } 22... Rc8 { [%eval -0.67] } 23. Nf3 { [%eval -0.63] } 23... Qd6 { [%eval -0.59] } 24. Nd4?! { [%eval -1.25] } 24... Bf6 { [%eval -1.26] } 25. Nxe6+? { [%eval -2.82] } 25... Qxe6 { [%eval -3.03] } 26. Rxd5+ { [%eval -2.87] } 26... Ke7 { [%eval -2.41] } 27. Rfd1? { [%eval -5.16] } 27... Rhd8 { [%eval -5.03] } 28. Rxd8 { [%eval -5.01] } 28... Rxd8 { [%eval -4.08] } 29. Rxd8?? { [%eval #-1] } 29... Qxb3?? { [%eval -6.81] } 30. h3?? { [%eval -113.37] } 30... Qxb2 { [%eval -14.83] } 31. Kh2?! { [%eval #-5] } 31... Be5+ { [%eval #-4] } 32. Kh1 { [%eval #-2] } 32... Kxd8?! { [%eval #-3] } 0-1,2719.0
 Bullet tournament ,KyleKorver,penguingim1,1-0,2016.07.12,21:41:51,2804,2848,19.0,-17.0,D02,Queen's Pawn Game: Zukertort Variation,30+0,Normal,1. d4 { [%eval 0.17] } 1... d5 { [%eval 0.18] } 2. Nf3 { [%eval 0.14] } 2... e6 { [%eval 0.12] } 3. g3 { [%eval 0.0] } 3... Nf6 { [%eval 0.0] } 4. Bg2 { [%eval -0.01] } 4... Be7 { [%eval 0.0] } 5. O-O { [%eval -0.04] } 5... O-O { [%eval 0.01] } 6. c4 { [%eval 0.08] } 6... dxc4 { [%eval 0.09] } 7. Ne5 { [%eval 0.21] } 7... Nc6 { [%eval 0.2] } 8. Bxc6 { [%eval 0.29] } 8... bxc6 { [%eval 0.2] } 9. Nxc6 { [%eval 0.29] } 9... Qe8 { [%eval 0.24] } 10. Nxe7+ { [%eval 0.26] } 10... Qxe7 { [%eval 0.26] } 11. Qa4 { [%eval 0.25] } 11... e5 { [%eval 0.23] } 12. dxe5 { [%eval 0.29] } 12... Qxe5 { [%eval 0.31] } 13. Qxc4 { [%eval 0.07] } 13... Be6 { [%eval 0.12] } 14. Qd3 { [%eval 0.0] } 14... Rad8 { [%eval 0.15] } 15. Qe3 { [%eval 0.17] } 15... Qh5 { [%eval 0.18] } 16. f3 { [%eval 0.13] } 16... Bc4 { [%eval 0.2] } 17. Qf2 { [%eval 0.13] } 17... Rfe8 { [%eval 0.14] } 18. Nc3 { [%eval 0.18] } 18... h6?! { [%eval 0.68] } 19. Re1 { [%eval 0.72] } 19... a6 { [%eval 0.97] } 20. Bf4 { [%eval 0.92] } 20... c6 { [%eval 1.1] } 21. Rac1 { [%eval 1.06] } 21... Nd5 { [%eval 1.1] } 22. Nxd5 { [%eval 0.89] } 22... cxd5 { [%eval 0.9] } 23. b3 { [%eval 0.96] } 23... Bb5 { [%eval 0.94] } 24. Be3 { [%eval 0.63] } 24... Re6 { [%eval 0.91] } 25. Bd4 { [%eval 0.9] } 25... Rde8 { [%eval 1.0] } 26. e3 { [%eval 0.95] } 26... Qf5 { [%eval 1.01] } 27. Rc5 { [%eval 0.92] } 27... R6e7 { [%eval 1.15] } 28. Rec1 { [%eval 1.18] } 28... Qe6 { [%eval 1.18] } 29. Qd2 { [%eval 1.2] } 29... Qg6 { [%eval 1.32] } 30. Rc7 { [%eval 0.93] } 30... Re6?! { [%eval 1.73] } 31. Rc8?! { [%eval 0.95] } 31... Kh7 { [%eval 1.4] } 32. Rxe8 { [%eval 0.99] } 32... Rxe8 { [%eval 1.1] } 33. Qc2 { [%eval 1.06] } 33... Bd3 { [%eval 1.39] } 34. Qd2 { [%eval 1.02] } 34... Bf5 { [%eval 0.96] } 35. Qe2 { [%eval 0.75] } 35... h5 { [%eval 0.88] } 36. Qf2 { [%eval 0.65] } 36... h4?! { [%eval 1.37] } 37. g4 { [%eval 1.41] } 37... Bxg4? { [%eval 4.23] } 38. fxg4 { [%eval 4.14] } 38... Qxg4+ { [%eval 4.11] } 39. Qg2 { [%eval 3.85] } 39... Qg3?? { [%eval #8] } 40. hxg3 { [%eval #7] } 40... Re6 { [%eval #8] } 41. gxh4?! { [%eval 48.03] } 41... g6?! { [%eval #5] } 42. Qg5?! { [%eval #5] } 42... Re4 { [%eval #5] } 43. h5 { [%eval #4] } 1-0,2826.0
 Bullet tournament ,penguingim1,AMADAN,0-1,2016.07.12,21:44:18,2833,2644,-22.0,18.0,A40,Englund Gambit Complex: Hartlaub-Charlick Gambit,30+0,Normal,1. d4 e5 2. dxe5 d6 3. Nf3 Nc6 4. exd6 Bxd6 5. Nc3 Nf6 6. e4 O-O 7. Bd3 Re8 8. Be3 Bg4 9. h3 Bh5 10. Be2 Nxe4 11. Nxe4 Rxe4 12. c3 Rxe3 13. fxe3 Bg3+ 14. Kf1 Qe7 15. Qa4 Qxe3 0-1,2738.5
 Bullet tournament ,AMADAN,KyleKorver,0-1,2016.07.12,21:46:57,2648,2832,-7.0,9.0,B09,"Pirc Defense: Austrian Attack, Unzicker Attack",30+0,Normal,1. e4 { [%eval 0.25] } 1... d6 { [%eval 0.35] } 2. d4 { [%eval 0.51] } 2... Nf6 { [%eval 0.44] } 3. Nc3 { [%eval 0.61] } 3... g6 { [%eval 0.65] } 4. f4 { [%eval 0.34] } 4... Bg7 { [%eval 0.35] } 5. Nf3 { [%eval 0.39] } 5... O-O { [%eval 0.36] } 6. e5 { [%eval 0.08] } 6... dxe5 { [%eval 0.18] } 7. fxe5 { [%eval 0.2] } 7... Nfd7 { [%eval 0.29] } 8. h4 { [%eval 0.42] } 8... e6?! { [%eval 1.22] } 9. h5 { [%eval 0.87] } 9... c5 { [%eval 0.83] } 10. hxg6 { [%eval 0.69] } 10... fxg6 { [%eval 0.7] } 11. Bc4 { [%eval 0.78] } 11... Nb6 { [%eval 0.81] } 12. Bd3 { [%eval 0.55] } 12... cxd4 { [%eval 0.68] } 13. Ne4 { [%eval 0.61] } 13... Nc6 { [%eval 0.93] } 14. Bh6?! { [%eval 0.04] } 14... Nxe5?! { [%eval 0.8] } 15. Nxe5?! { [%eval 0.27] } 15... Bxe5 { [%eval 0.32] } 16. Bxf8 { [%eval 0.26] } 16... Qxf8 { [%eval 0.0] } 17. Qd2 { [%eval -0.17] } 17... Qg7?! { [%eval 0.77] } 18. O-O-O { [%eval 0.62] } 18... Bd7 { [%eval 0.64] } 19. Rdf1 { [%eval 0.46] } 19... Nd5 { [%eval 0.47] } 20. Qg5 { [%eval 0.53] } 20... Rf8?? { [%eval 4.13] } 21. Bc4?? { [%eval -0.78] } 21... Bf4+ { [%eval -0.69] } 22. Rxf4 { [%eval -0.68] } 22... Nxf4 { [%eval -0.82] } 23. Bb3? { [%eval -2.29] } 23... Bc6 { [%eval -2.0] } 24. Nc5 { [%eval -2.1] } 24... Bd5?! { [%eval -1.41] } 25. Bxd5 { [%eval -1.48] } 25... exd5 { [%eval -1.6] } 26. g3 { [%eval -1.52] } 26... Ne2+? { [%eval -0.13] } 27. Kd2 { [%eval -0.1] } 27... d3 { [%eval 0.0] } 28. Qxd5+ { [%eval 0.0] } 28... Kh8?? { [%eval 4.17] } 29. Nxd3?? { [%eval -0.71] } 29... Nd4?! { [%eval 0.27] } 30. Qe5?? { [%eval -14.82] } 30... Nf3+ { [%eval -13.68] } 31. Kc3 { [%eval -17.76] } 31... Nxe5 { [%eval -17.04] } 32. Nxe5?! { [%eval #-9] } 32... Qxe5+ { [%eval #-8] } 0-1,2740.0
 Bullet tournament ,KyleKorver,penguingim1,0-1,2016.07.12,21:49:05,2844,2824,-18.0,16.0,A40,"Englund Gambit Declined, Reversed Krebs",30+0,Normal,1. d4 { [%eval 0.17] } 1... e5?! { [%eval 0.67] } 2. Nf3?! { [%eval 0.0] } 2... e4 { [%eval -0.01] } 3. Nfd2 { [%eval 0.05] } 3... d5 { [%eval 0.0] } 4. e3 { [%eval -0.09] } 4... c6 { [%eval -0.09] } 5. c4 { [%eval -0.12] } 5... f5 { [%eval -0.06] } 6. Qb3 { [%eval -0.02] } 6... Nf6 { [%eval -0.05] } 7. Nc3 { [%eval 0.0] } 7... a6 { [%eval -0.13] } 8. Be2 { [%eval -0.27] } 8... Be7 { [%eval -0.12] } 9. cxd5 { [%eval -0.25] } 9... cxd5 { [%eval -0.25] } 10. O-O { [%eval -0.43] } 10... Nc6 { [%eval -0.5] } 11. f3 { [%eval -0.51] } 11... O-O { [%eval -0.42] } 12. fxe4 { [%eval -0.5] } 12... fxe4 { [%eval -0.17] } 13. Ndxe4?! { [%eval -0.76] } 13... Be6? { [%eval 1.31] } 14. Nxf6+ { [%eval 0.97] } 14... Bxf6 { [%eval 1.24] } 15. Bd2 { [%eval 0.83] } 15... Qd7 { [%eval 1.17] } 16. Bf3 { [%eval 0.85] } 16... Rad8 { [%eval 1.09] } 17. Rac1 { [%eval 0.7] } 17... Qf7?! { [%eval 1.49] } 18. Na4 { [%eval 1.57] } 18... h6?! { [%eval 2.39] } 19. Nc5 { [%eval 2.15] } 19... Bc8 { [%eval 2.17] } 20. Nd3 { [%eval 1.91] } 20... Rfe8? { [%eval 2.93] } 21. Nf4 { [%eval 2.83] } 21... Ne7? { [%eval 4.36] } 22. Rc7 { [%eval 4.36] } 22... Rd7 { [%eval 4.33] } 23. Rxd7 { [%eval 4.22] } 23... Bxd7 { [%eval 4.05] } 24. Rc1? { [%eval 2.4] } 24... Bc6? { [%eval 4.03] } 25. Qd3? { [%eval 1.71] } 25... g5? { [%eval 3.88] } 26. Bh5 { [%eval 3.58] } 26... Qg7?? { [%eval 7.25] } 27. Ne6 { [%eval 7.1] } 27... Qh8?! { [%eval 7.64] } 28. Qg6+?? { [%eval -10.37] } 28... Nxg6 { [%eval -10.01] } 29. Bxg6 { [%eval -10.76] } 29... Rxe6 { [%eval -10.44] } 30. Bf5 { [%eval -12.47] } 30... Re7 { [%eval -11.84] } 31. Bd3 { [%eval -13.68] } 31... Qg7 { [%eval -12.61] } 32. Bb4 { [%eval -16.79] } 32... Bxd4 { [%eval -15.82] } 33. exd4?! { [%eval #-11] } 33... Qxd4+ { [%eval #-10] } 34. Kh1 { [%eval #-10] } 34... Qxb4 { [%eval -56.12] } 0-1,2834.0
 Bullet tournament ,AMADAN,penguingim1,0-1,2016.07.12,21:51:24,2616,2841,-6.0,6.0,C21,"Danish Gambit Declined, Sorensen Defense",30+0,Normal,1. e4 e5 2. d4 exd4 3. c3 d5 4. exd5 Qxd5 5. cxd4 Nc6 6. Nf3 Bg4 7. Be2 O-O-O 8. Nc3 Bb4 9. O-O Qa5 10. Be3 Nf6 11. Qb3 Rhe8 12. Rfd1 Be6 13. d5 Nxd5 14. Nxd5 Bxd5 15. Rxd5 Qxd5 16. Bc4 Qf5 17. a3 Bd6 18. Rc1 Ne5 19. Ba6 bxa6 20. Qa4 Nxf3+ 21. gxf3 Qxf3 22. Qc6 Qxc6 23. Rxc6 Re6 24. Rc2 Rg6+ 25. Kf1 Re8 26. Ke2 Rge6 27. Rc3 f5 28. Kf3 f4 29. Bd4 g6 30. Rd3 Kd7 31. Bc3 g5 32. Bb4 h5 33. Bc5 g4+ 34. Kg2 f3+ 35. Kf1 Re1# 0-1,2728.5
 Bullet tournament ,chickencrossroad,penguingim1,0-1,2016.07.12,21:54:43,2441,2862,-2.0,2.0,A04,Zukertort Opening: Ross Gambit,30+0,Normal,1. Nf3 e5 2. Nxe5 d5 3. d4 Bd6 4. Bf4 Nf6 5. e3 O-O 6. Bd3 Ne4 7. Bxe4 dxe4 8. Nd2 Bf5 9. f3 exf3 10. Qxf3 Nd7 11. Nxd7 Qxd7 12. Bxd6 cxd6 13. O-O Bxc2 14. e4 Ba4 15. Rac1 Bb5 16. Rfe1 Rac8 17. Nb3 h6 18. Rcd1 Rfe8 19. e5 Bc4 20. Nd2 Bxa2 21. Ne4 dxe5 22. dxe5 Qc6 23. Qf4 Qb6+ 24. Kh1 Rc4 25. Qg3 Qc6 26. Nf6+ Kf8 27. Nxe8 Qxe8 28. e6 fxe6 29. Qd6+ Kg8 30. Rxe6 Qh5 31. Rde1 Rc6 32. Re8+ Kh7 33. Qd3+ Qg6 34. Qxg6+ Rxg6 35. R8e7 Bd5 36. Rxb7 Bxg2+ 37. Kg1 Bxb7+ 38. Kf2 Rg2+ 39. Ke3 Rxb2 40. Kd4 Rb6 41. Kc5 Rc6+ 42. Kd5 a6 43. Ke5 Rb6 0-1,2651.5
 Bullet tournament ,AMADAN,penguingim1,0-1,2016.07.12,21:55:56,2636,2864,-6.0,7.0,C55,"Italian Game: Scotch Gambit, Walbrodt-Baird Gambit",30+0,Normal,1. e4 e5 2. Nf3 Nc6 3. Bc4 Bc5 4. c3 Nf6 5. d4 exd4 6. O-O dxc3 7. e5 Ne4 8. Qd5 Qe7 9. Qxe4 cxb2 10. Bxb2 d6 11. Nc3 Be6 12. Nd5 Bxd5 13. Bxd5 O-O 14. Bxc6 bxc6 15. Rae1 Rab8 16. Qg4 Rxb2 17. e6 f5 18. Qf4 h6 19. Qc1 Rxa2 20. Qb1 Ra4 21. Qb7 Rb4 22. Qxc6 Re4 23. Rxe4 fxe4 24. Qxe4 Rf6 25. Nd4 Bxd4 26. Qxd4 Rxe6 27. Qxa7 Re1 28. Qa8+ Kh7 29. Qf3 Rxf1+ 30. Kxf1 Qe5 31. g3 Qe6 32. Kg2 Qg6 33. Qd3 c5 34. Qd5 Qf6 35. Qf3 Qxf3+ 36. Kxf3 c4 37. Ke3 d5 38. f4 Kg6 39. Kd4 Kf5 40. Kc3 h5 41. h3 h4 42. Kd4 hxg3 43. Kc3 g2 44. h4 g1=Q 45. h5 Qe3+ 46. Kb4 Qb3+ 47. Kc5 c3 48. Kd6 c2 49. h6 c1=Q 50. h7 Qb4+ 51. Kd7 Qc7+ 52. Ke8 Qbe7# 0-1,2750.0
 Bullet tournament ,KyleKorver,AMADAN,1-0,2016.07.12,21:58:36,2766,2636,11.0,-8.0,A40,Modern Defense,30+0,Normal,1. d4 { [%eval 0.16] } 1... g6 { [%eval 0.64] } 2. Nf3 { [%eval 0.59] } 2... Bg7 { [%eval 0.66] } 3. g3 { [%eval 0.17] } 3... Nf6 { [%eval 0.21] } 4. Bg2 { [%eval 0.21] } 4... O-O { [%eval 0.17] } 5. O-O { [%eval 0.03] } 5... c5?! { [%eval 0.56] } 6. dxc5 { [%eval 0.37] } 6... Nc6 { [%eval 0.55] } 7. c4 { [%eval 0.22] } 7... a5? { [%eval 1.25] } 8. Nc3 { [%eval 1.25] } 8... e5?! { [%eval 1.82] } 9. Be3 { [%eval 1.79] } 9... Ng4 { [%eval 1.81] } 10. Nd5? { [%eval 0.7] } 10... Nxe3 { [%eval 0.83] } 11. Nxe3 { [%eval 0.51] } 11... e4 { [%eval 0.52] } 12. Nd2 { [%eval 0.08] } 12... f5 { [%eval 0.09] } 13. Qc2 { [%eval -0.37] } 13... Ne5?! { [%eval 0.55] } 14. Rad1 { [%eval 0.54] } 14... Qe7?! { [%eval 1.06] } 15. Nb3 { [%eval 1.05] } 15... a4 { [%eval 1.22] } 16. Nd4?! { [%eval 0.39] } 16... Qxc5 { [%eval 0.55] } 17. b4?! { [%eval -0.31] } 17... axb3 { [%eval -0.32] } 18. axb3 { [%eval -0.29] } 18... Nc6 { [%eval -0.2] } 19. Nb5 { [%eval -0.15] } 19... Nb4 { [%eval -0.06] } 20. Qb1?! { [%eval -0.91] } 20... d6?! { [%eval -0.25] } 21. Nd5? { [%eval -1.39] } 21... Be6? { [%eval 0.37] } 22. Ndc7 { [%eval 0.41] } 22... Rae8? { [%eval 2.21] } 23. Nxe8 { [%eval 2.07] } 23... Rxe8 { [%eval 2.0] } 24. Nxd6 { [%eval 2.02] } 24... Rd8? { [%eval 4.5] } 25. Nxb7?! { [%eval 3.69] } 25... Rxd1 { [%eval 3.82] } 26. Nxc5 { [%eval 3.77] } 26... Rxf1+?? { [%eval 10.81] } 27. Qxf1 { [%eval 10.24] } 27... Bf7 { [%eval 11.41] } 28. Qe1 { [%eval 10.17] } 28... h6 { [%eval 15.43] } 29. Qxb4 { [%eval 15.13] } 29... Kh7 { [%eval 15.19] } 30. Qb7 { [%eval 14.81] } 30... h5?! { [%eval #5] } 31. Qxf7 { [%eval #4] } 31... Kh6 { [%eval #4] } 32. Ne6 { [%eval #3] } 32... h4 { [%eval #3] } 33. Qxg7+ { [%eval #2] } 1-0,2701.0
 Bullet tournament ,Tayka,penguingim1,0-1,2016.07.12,22:05:41,2431,2883,-2.0,2.0,B01,Scandinavian Defense: Blackburne-Kloosterboer Gambit,30+0,Normal,1. e4 d5 2. exd5 c6 3. Nf3 cxd5 4. d4 Nc6 5. Bd3 Nf6 6. c3 Bg4 7. h3 Bh5 8. g4 Bg6 9. Ne5 Nxe5 10. dxe5 Ne4 11. f3 Nc5 12. Bb5+ Nd7 13. Bf4 e6 14. Qe2 Qb6 15. Bd3 Bxd3 16. Qxd3 Qxb2 17. O-O Qxa1 18. Qc2 Bc5+ 19. Kg2 d4 20. Bd2 d3 21. Qb3 a5 22. a4 Nb6 23. Qb5+ Nd7 24. Qb3 b5 25. Rc1 bxa4 26. Qb5 a3 27. Nxa3 Qxa3 28. Rb1 Qa2 29. Rb2 Qd5 30. c4 Qxe5 31. Qc6 Qe2+ 32. Kg3 Qf2+ 33. Kf4 e5+ 34. Ke4 Qd4+ 35. Kf5 g6+ 36. Kg5 h6+ 37. Kh4 Qf2# 0-1,2657.0
 Bullet tournament ,penguingim1,chickencrossroad,1/2-1/2,2016.07.12,22:06:55,2885,2510,-12.0,10.0,D08,"Queen's Gambit Refused: Albin Countergambit, Normal Line",30+0,Normal,1. d4 { [%eval 0.18] } 1... d5 { [%eval 0.25] } 2. c4 { [%eval 0.19] } 2... e5 { [%eval 0.33] } 3. dxe5 { [%eval 0.41] } 3... d4 { [%eval 0.39] } 4. Nf3 { [%eval 0.46] } 4... Nc6 { [%eval 0.36] } 5. Bf4 { [%eval 0.24] } 5... Nge7 { [%eval 0.13] } 6. Nbd2 { [%eval 0.0] } 6... Ng6 { [%eval 0.13] } 7. g3 { [%eval -0.01] } 7... Nxf4?! { [%eval 0.49] } 8. gxf4 { [%eval 0.56] } 8... Bb4?! { [%eval 1.12] } 9. Bg2 { [%eval 0.81] } 9... f6 { [%eval 1.05] } 10. O-O { [%eval 0.6] } 10... fxe5 { [%eval 0.92] } 11. fxe5 { [%eval 0.56] } 11... O-O { [%eval 1.14] } 12. Ne4?! { [%eval 0.18] } 12... Bg4?! { [%eval 0.85] } 13. Ng3? { [%eval -0.45] } 13... Bxf3?! { [%eval 0.34] } 14. Bxf3 { [%eval 0.26] } 14... Nxe5 { [%eval 0.25] } 15. Bxb7 { [%eval -0.15] } 15... Rb8?! { [%eval 0.62] } 16. Bd5+ { [%eval 0.46] } 16... Kh8 { [%eval 0.74] } 17. Qxd4 { [%eval 0.54] } 17... Bd6 { [%eval 1.03] } 18. b3 { [%eval 0.97] } 18... c6 { [%eval 1.32] } 19. Bg2 { [%eval 1.26] } 19... Qe7 { [%eval 1.29] } 20. Rad1 { [%eval 1.24] } 20... Bc5 { [%eval 1.42] } 21. Qe4 { [%eval 1.18] } 21... Rbe8 { [%eval 1.31] } 22. Kh1?! { [%eval 0.43] } 22... Qf6? { [%eval 1.43] } 23. Qc2? { [%eval -0.18] } 23... Ng4 { [%eval -0.44] } 24. Bf3?! { [%eval -1.31] } 24... Nxf2+ { [%eval -1.04] } 25. Rxf2 { [%eval -1.24] } 25... Bxf2 { [%eval -1.29] } 26. Kg2?! { [%eval -2.07] } 26... Bxg3? { [%eval -0.82] } 27. hxg3 { [%eval -0.92] } 27... Qe5 { [%eval -0.72] } 28. Rh1 { [%eval -0.86] } 28... h6 { [%eval -0.79] } 29. Qg6 { [%eval -1.06] } 29... Qf6 { [%eval -0.63] } 30. Qe4?? { [%eval -15.68] } 30... Rxe4 { [%eval -14.81] } 31. Bxe4?! { [%eval #-9] } 31... Qe5? { [%eval -8.24] } 32. Bf3 { [%eval -7.95] } 32... Qe3? { [%eval -6.69] } 33. Rf1?! { [%eval -7.56] } 33... Rxf3? { [%eval -5.18] } 34. exf3 { [%eval -5.18] } 34... Qe2+ { [%eval -5.18] } 35. Rf2 { [%eval -5.18] } 35... Qe3 { [%eval -5.03] } 36. Rc2 { [%eval -5.18] } 36... Qc5 { [%eval -4.89] } 37. Rf2 { [%eval -5.27] } 37... a5 { [%eval -4.95] } 38. Re2 { [%eval -5.23] } 38... Qa3 { [%eval -5.05] } 39. Rf2?! { [%eval -5.65] } 39... a4 { [%eval -5.72] } 40. bxa4?! { [%eval -6.29] } 40... Qxa4 { [%eval -6.19] } 41. c5 { [%eval -6.17] } 41... Qc4 { [%eval -5.98] } 42. Rd2?! { [%eval -6.7] } 42... Qxc5 { [%eval -6.45] } 43. Rf2 { [%eval -6.86] } 43... Kh7 { [%eval -6.56] } 44. Re2? { [%eval -7.57] } 44... Qb6? { [%eval -6.13] } 45. Rf2?? { [%eval -12.13] } 45... c5 { [%eval -11.47] } 46. Rc2 { [%eval -8.95] } 46... c4? { [%eval -7.79] } 47. Rxc4 { [%eval -7.29] } 47... Qb2+ { [%eval -6.28] } 48. Kh3 { [%eval -6.28] } 48... Qxa2 { [%eval -6.28] } 49. Rf4? { [%eval -8.68] } 49... Qe6+ { [%eval -8.11] } 50. Kg2 { [%eval -7.79] } 50... Qg6? { [%eval -6.32] } 51. Re4 { [%eval -6.18] } 51... h5 { [%eval -5.62] } 52. Re2?? { [%eval -39.76] } 52... Qh6?? { [%eval -5.61] } 53. g4?? { [%eval -20.17] } 53... Kg6?? { [%eval 0.07] } 54. Kg3?? { [%eval -7.31] } 54... Kh7? { [%eval -5.58] } 55. Rh2?? { [%eval -39.76] } 55... hxg4?? { [%eval 0.07] } 56. Rxh6+ { [%eval 0.07] } 56... Kxh6 { [%eval 0.07] } 57. Kxg4 { [%eval 0.07] } 57... Kg6 { [%eval 0.07] } 58. Kf4 { [%eval 0.07] } 58... Kf6 { [%eval 0.07] } 59. Ke4 { [%eval 0.07] } 59... Kg6 { [%eval 0.07] } 60. Ke3 { [%eval 0.07] } 60... Kh5 { [%eval 0.07] } 61. Kf4 { [%eval 0.07] } 61... Kg6 { [%eval 0.07] } 62. Kg4 { [%eval 0.07] } 62... Kf7 { [%eval 0.07] } 63. Kf4 { [%eval 0.07] } 63... Kf8 { [%eval 0.07] } 64. Kg3 { [%eval 0.07] } 64... Kg8 { [%eval 0.07] } 65. Kg4 { [%eval 0.07] } 65... Kf7 { [%eval 0.07] } 66. Kg5 { [%eval 0.07] } 66... Kf8 { [%eval 0.07] } 67. f4 { [%eval 0.07] } 67... Kg8 { [%eval 0.07] } 68. Kf5 { [%eval 0.07] } 68... Kf8 { [%eval 0.07] } 69. Kg4 { [%eval 0.07] } 69... Kg8 { [%eval 0.07] } 70. Kf3 { [%eval 0.07] } 70... Kf8 { [%eval 0.07] } 71. Ke3 { [%eval 0.07] } 71... Kf7 { [%eval 0.07] } 72. Ke4 { [%eval 0.07] } 72... g5 { [%eval 0.07] } 73. Ke5 { [%eval 0.07] } 73... gxf4 { [%eval 0.07] } 74. Kf5?? { [%eval #-12] } 74... Kg7?? { [%eval 0.07] } 75. Kg4 { [%eval 0.07] } 75... Kf7 { [%eval 0.07] } 76. Kf3 { [%eval 0.07] } 76... Ke7 { [%eval 0.07] } 77. Kxf4 { [%eval 0.07] } 1/2-1/2,2697.5
 Bullet tournament ,LordBendtner99,penguingim1,0-1,2016.07.12,22:11:15,2418,2888,-1.0,2.0,B00,"Nimzowitsch Defense: Kennedy Variation, Linksspringer Variation",30+0,Normal,1. e4 e5 2. d4 Nc6 3. d5 Nce7 4. c4 d6 5. Nc3 f5 6. Be3 Nf6 7. exf5 Nxf5 8. Qd2 Be7 9. O-O-O O-O 10. h4 Ng4 11. Bg5 Nd4 12. Bxe7 Qxe7 13. f3 Nh6 14. g4 Qf7 15. Bg2 Rb8 16. h5 a6 17. Nge2 b5 18. Nxd4 exd4 19. Qxd4 bxc4 20. g5 Nf5 21. Qxc4 Ne3 22. Qd3 Nxd1 23. Rxd1 Bf5 24. Qd2 Qxh5 25. f4 Qf7 26. Bf1 Rb6 27. Bc4 Rfb8 28. Re1 Rxb2 29. Qe3 h6 30. Ne4 Bxe4 31. Qxe4 hxg5 32. f5 Qf6 33. Re3 Rb1+ 34. Kd2 R8b2+ 35. Kd3 Rd1# 0-1,2653.0
 Bullet tournament ,penguingim1,Farmville,1-0,2016.07.12,22:12:28,2890,2497,3.0,-2.0,E81,"King's Indian Defense: Saemisch Variation, Bobotsov-Korchnoi-Petrosian Variation",30+0,Normal,1. d4 Nf6 2. c4 g6 3. Nc3 Bg7 4. e4 d6 5. f3 O-O 6. Nge2 e5 7. dxe5 dxe5 8. Qxd8 Rxd8 9. Nd5 Re8 10. Nxc7 Bd7 11. Nxa8 Na6 12. Be3 Rxa8 13. Nc3 Nb4 14. Nd5 Nc2+ 15. Kd2 Nxa1 16. Be2 Nxd5 17. cxd5 f5 18. Rxa1 f4 19. Bf2 Bf8 20. a3 a5 21. Rc1 a4 22. Rc7 Bc8 23. Bc5 Bxc5 24. Rxc5 Kf7 25. Rc7+ Ke8 26. Rxh7 Ra6 27. Bxa6 bxa6 28. Rg7 1-0,2693.5
 Bullet tournament ,Tayka,penguingim1,1-0,2016.07.12,22:13:14,2452,2893,21.0,-29.0,C45,Scotch Game: Mieses Variation,30+0,Normal,1. e4 e5 2. Nf3 Nc6 3. d4 exd4 4. Nxd4 Nf6 5. Nxc6 bxc6 6. e5 Qe7 7. Qe2 Nd5 8. c4 Nb6 9. b3 a5 10. Nd2 a4 11. Bb2 Qe6 12. Nf3 Bb4+ 13. Nd2 O-O 14. g3 d5 15. Bg2 Ba6 16. O-O dxc4 17. Nxc4 Nxc4 18. bxc4 Bxc4 19. Qf3 Bxf1 20. Rxf1 a3 21. Ba1 Qxa2 22. Qe4 Qd5 23. Qxb4 Qb5 24. Qd4 Rfd8 25. Qc3 Rab8 26. e6 fxe6 27. Qxg7# 1-0,2672.5
 Bullet tournament ,Tayka,penguingim1,0-1,2016.07.12,22:16:40,2486,2837,-3.0,3.0,C56,"Italian Game: Scotch Gambit, Anderssen Attack",30+0,Normal,1. e4 e5 2. Nf3 Nc6 3. d4 exd4 4. Bc4 Nf6 5. O-O Nxe4 6. Re1 d5 7. Bxd5 Qxd5 8. Nc3 Qh5 9. Nxe4 Be6 10. Ng3 Qd5 11. c3 O-O-O 12. cxd4 Nxd4 13. Nxd4 Qxd4 14. Qc2 Qc4 15. Qb1 Bc5 16. b3 Qd5 17. Be3 Bxe3 18. Rxe3 Bd7 19. Qc2 Bc6 20. f3 Rhe8 21. Rae1 Qd4 22. Nf5 Rxe3 23. Nxd4 Rxe1+ 24. Kf2 Re7 25. Qf5+ Bd7 26. Qc5 Rde8 27. Qxa7 Bc6 28. Nxc6 bxc6 29. Qa8+ Kd7 30. Qa4 Re6 31. Kg3 Rd6 32. Qg4+ Ree6 33. Qxg7 Rg6+ 34. Kf4 Rxg7 0-1,2661.5
 Bullet tournament ,penguingim1,Tayka,1-0,2016.07.12,22:19:09,2811,2492,4.0,-4.0,A00,Van't Kruijs Opening,30+0,Normal,1. e3 d6 2. d3 Nf6 3. Ne2 g6 4. Nd2 Bg7 5. Rb1 e5 6. b3 Nc6 7. Bb2 O-O 8. g3 d5 9. Bg2 Be6 10. O-O Qd7 11. Nf3 Bh3 12. Ng5 Bxg2 13. Kxg2 h6 14. Nf3 Rfe8 15. h3 Qe7 16. Nd2 Rad8 17. Nc3 d4 18. Nce4 Nxe4 19. Nxe4 f5 20. Nd2 e4 21. dxe4 dxe3 22. fxe3 Bxb2 23. Rxb2 Qe5 24. Rb1 Qc3 25. Rf2 fxe4 26. Qe2 Ne5 27. Rbf1 Qc6 28. Rf4 Rxd2 29. Qxd2 Rd8 30. Qxd8+ 1-0,2651.5
 Bullet tournament ,Tayka,penguingim1,0-1,2016.07.12,22:25:20,2493,2809,-3.0,5.0,A40,"Englund Gambit Declined, Reversed Krebs",30+0,Normal,1. Nf3 e5 2. d4 e4 3. Nfd2 f5 4. c4 Nf6 5. Nc3 d5 6. e3 c6 7. cxd5 cxd5 8. Qb3 Nc6 9. f3 Bd6 10. f4 a6 11. Nxd5 Nxd5 12. Qxd5 Nb4 13. Qb3 Qe7 14. Bc4 b5 15. Bd5 Nxd5 16. Qxd5 Ra7 17. Qc6+ Bd7 18. Qc2 Kf7 19. Qd1 Rc8 20. O-O Rac7 21. Nb3 g6 22. Rf2 Be6 23. Bd2 Bd5 24. Bc3 Rc4 25. Nd2 R4c6 26. a3 b4 27. axb4 Bxb4 28. Bxb4 Qxb4 29. Nf1 Bb3 30. Qb1 Qb5 31. Ra3 Rc1 32. Qxc1 Rxc1 0-1,2651.0
 Bullet tournament ,KyleKorver,penguingim1,0-1,2016.07.12,22:27:33,2784,2816,-14.0,14.0,A40,"Englund Gambit Declined, Reversed Krebs",30+0,Normal,1. d4 e5 2. Nf3 e4 3. Nfd2 d5 4. e3 c6 5. c4 f5 6. Qb3 Nf6 7. Nc3 a6 8. Be2 Be7 9. O-O O-O 10. f3 b5 11. cxd5 cxd5 12. fxe4 fxe4 13. Ndxe4 Be6 14. Ng5 Bc8 15. Bf3 Kh8 16. Nxd5 Nxd5 17. Bxd5 Rxf1+ 18. Kxf1 Bxg5 19. Bxa8 Nd7 20. Bf3 Nb6 21. Bd2 h6 22. Rc1 Bf5 23. Ba5 Qd6 24. Bxb6 Qxb6 25. Qd5 Qg6 26. Rc5 Bd3+ 27. Kf2 Qe8 28. Qe5 Qd8 29. Bg4 Qf8+ 30. Kg3 Qf1 31. Rc8+ Kh7 32. Kh3 Qe1 33. Qg3 Qf1 34. Qe5 Bg6 35. e4 Qf2 36. Bf5 Qh4# 0-1,2800.0
 Bullet tournament ,KyleKorver,penguingim1,0-1,2016.07.12,22:30:45,2777,2836,-12.0,13.0,A43,Old Benoni Defense,30+0,Normal,1. d4 c5 2. Nf3 cxd4 3. Nxd4 Nc6 4. Nb3 Nf6 5. g3 d5 6. Bg2 e6 7. O-O Be7 8. Nc3 O-O 9. e4 d4 10. Ne2 e5 11. f4 exf4 12. gxf4 Qb6 13. Kh1 Rd8 14. e5 Ng4 15. Ng3 Ne3 16. Bxe3 dxe3 17. Qe2 a5 18. f5 a4 19. f6 axb3 20. fxe7 Nxe7 21. axb3 Rxa1 22. Rxa1 Bf5 23. Re1 Bg6 24. Ne4 Nf5 25. Bf3 Qd4 26. c3 Qxe5 27. Qc4 h6 28. b4 Kh8 29. Qc5 Qf4 30. Bg2 Nh4 31. Rf1 Bxe4 32. Rxf4 Bxg2+ 33. Kg1 Rd1+ 0-1,2806.5
 Bullet tournament ,Seppo,KyleKorver,0-1,2016.07.12,22:33:15,2535,2771,-5.0,6.0,A00,Hungarian Opening: Slav Formation,30+0,Normal,1. g3 { [%eval -0.14] } 1... c6 { [%eval 0.04] } 2. Bg2 { [%eval 0.03] } 2... d5 { [%eval 0.09] } 3. Nf3 { [%eval 0.08] } 3... Nf6 { [%eval 0.07] } 4. O-O { [%eval 0.05] } 4... Bd7 { [%eval 0.44] } 5. d4 { [%eval 0.48] } 5... Qc8 { [%eval 0.63] } 6. c4 { [%eval 0.55] } 6... h5?! { [%eval 1.06] } 7. cxd5 { [%eval 1.0] } 7... cxd5 { [%eval 1.04] } 8. Ne5?! { [%eval 0.37] } 8... Nc6 { [%eval 0.43] } 9. Nxd7 { [%eval 0.32] } 9... Qxd7 { [%eval 0.39] } 10. Nc3 { [%eval 0.18] } 10... g6?! { [%eval 0.93] } 11. Bg5 { [%eval 0.99] } 11... Bg7 { [%eval 1.19] } 12. Bxf6 { [%eval 1.1] } 12... Bxf6 { [%eval 1.21] } 13. Nxd5 { [%eval 1.12] } 13... Bg7 { [%eval 1.3] } 14. Nf6+?? { [%eval -2.17] } 14... Bxf6 { [%eval -2.08] } 15. e3 { [%eval -2.03] } 15... O-O { [%eval -2.03] } 16. Rc1 { [%eval -2.04] } 16... e5?! { [%eval -1.53] } 17. d5 { [%eval -2.02] } 17... Ne7 { [%eval -1.77] } 18. e4 { [%eval -2.26] } 18... Nc8 { [%eval -2.25] } 19. Re1 { [%eval -2.43] } 19... Nd6 { [%eval -2.43] } 20. Qd2 { [%eval -2.44] } 20... Rfc8 { [%eval -2.36] } 21. Rxc8+ { [%eval -2.65] } 21... Rxc8 { [%eval -2.59] } 22. Rc1?! { [%eval -3.32] } 22... Rxc1+ { [%eval -3.21] } 23. Qxc1 { [%eval -3.16] } 23... Qc8? { [%eval -2.08] } 24. Qd2?! { [%eval -2.73] } 24... Qc4 { [%eval -2.65] } 25. h3?! { [%eval -3.32] } 25... Qd4? { [%eval -2.3] } 26. Qa5? { [%eval -4.44] } 26... Kg7? { [%eval -2.93] } 27. Qc7? { [%eval -4.62] } 27... Nc4?! { [%eval -3.68] } 28. g4?? { [%eval #-9] } 28... hxg4?? { [%eval -6.84] } 29. hxg4 { [%eval -6.72] } 29... Nxb2 { [%eval -6.17] } 30. Qxb7?? { [%eval -51.99] } 30... Nd3 { [%eval -14.36] } 31. Kh1?! { [%eval #-5] } 31... Nxf2+ { [%eval #-4] } 32. Kg1 { [%eval #-3] } 32... Nxg4+ { [%eval #-2] } 33. Kh1 { [%eval #-2] } 33... Ne3?? { [%eval -6.75] } 34. Kh2?? { [%eval #-3] } 34... Qd2 { [%eval #-2] } 35. Kh3 { [%eval #-1] } 35... Qxg2# 0-1,2653.0
 Bullet tournament ,KyleKorver,Seppo,1-0,2016.07.12,22:35:29,2781,2537,6.0,-5.0,A40,Queen's Pawn,30+0,Normal,1. d4 { [%eval 0.13] } 1... c6 { [%eval 0.56] } 2. Nf3 { [%eval 0.29] } 2... d6 { [%eval 0.63] } 3. g3 { [%eval 0.24] } 3... Nd7 { [%eval 0.27] } 4. Bg2 { [%eval 0.25] } 4... e6 { [%eval 0.48] } 5. O-O { [%eval 0.46] } 5... d5 { [%eval 0.53] } 6. Nc3 { [%eval 0.48] } 6... Ngf6 { [%eval 0.55] } 7. e4 { [%eval 0.44] } 7... Be7?! { [%eval 1.09] } 8. e5 { [%eval 1.26] } 8... Ne4 { [%eval 1.55] } 9. Nxe4 { [%eval 1.68] } 9... dxe4 { [%eval 1.54] } 10. Nd2 { [%eval 1.61] } 10... c5 { [%eval 1.66] } 11. Nxe4 { [%eval 1.69] } 11... cxd4 { [%eval 1.9] } 12. Qxd4 { [%eval 1.89] } 12... O-O { [%eval 1.65] } 13. Nd6? { [%eval 0.63] } 13... Qc7? { [%eval 1.88] } 14. Bf4?! { [%eval 1.24] } 14... b6?? { [%eval 5.42] } 15. Bxa8 { [%eval 5.37] } 15... Nc5? { [%eval 7.11] } 16. Bg2 { [%eval 7.03] } 16... Bd7 { [%eval 7.13] } 17. Rfd1 { [%eval 7.02] } 1-0,2659.0
 Bullet tournament ,penguingim1,KyleKorver,1-0,2016.07.12,22:35:57,2858,2787,12.0,-11.0,A00,Van't Kruijs Opening,30+0,Normal,1. e3 Nf6 2. d3 d5 3. Ne2 c6 4. Nd2 Bg4 5. Rb1 Nbd7 6. b3 e5 7. Bb2 Bd6 8. h3 Bh5 9. g4 Bg6 10. Bg2 a5 11. O-O a4 12. f4 a3 13. Ba1 exf4 14. Nxf4 Qc7 15. Nf3 Ne5 16. Qd2 Nxf3+ 17. Bxf3 Bxf4 18. exf4 h5 19. Be5 Qb6+ 20. d4 hxg4 21. hxg4 Ne4 22. Qg2 Nc3 23. Rbe1 Be4 24. Qd2 Bxf3 25. Rxf3 Ne4 26. Qg2 O-O-O 27. Rfe3 Rh7 28. f5 Rdh8 29. c3 Rh1+ 30. Qxh1 Rxh1+ 31. Kxh1 Qd8 32. Kg2 Qg5 33. Rxe4 dxe4 34. Rxe4 Qd2+ 35. Kf3 Qxa2 36. Bd6 Qb1 37. Re7 Qd3+ 38. Re3 Qd1+ 39. Ke4 a2 40. Bc5 a1=Q 41. Ke5 Qab1 42. Kd6 Qbxb3 43. Re8# 1-0,2822.5
 Bullet tournament ,penguingim1,Seppo,1-0,2016.07.12,22:40:09,2884,2552,4.0,-3.0,A00,Van't Kruijs Opening,30+0,Normal,1. e3 d5 2. d3 Nf6 3. Ne2 c5 4. Nd2 Nc6 5. b3 d4 6. Bb2 dxe3 7. fxe3 Nd5 8. e4 Ne3 9. Qc1 e6 10. Nf3 Nxf1 11. Rxf1 Be7 12. Bxg7 Bf6 13. Bxh8 Bxh8 14. Rb1 Bd7 15. Qf4 Qa5+ 16. Qd2 Qxa2 17. Rd1 O-O-O 18. Nc3 Qa5 19. Na4 Qc7 20. Ng5 Be8 21. g3 b5 22. Nc3 Nd4 23. Ne2 Qb6 24. Nxd4 Bxd4 25. Nf3 Bh8 26. Kf2 b4 27. Kg2 Bc3 28. Qe2 Bc6 29. Ng5 Qb7 30. Nxf7 c4 31. Nxd8 cxd3 32. Qxd3 Bxe4+ 33. Rf3 Bxd3 34. Nxb7 Bxc2 35. Rd6 Kxb7 36. Rxe6 a5 37. Rf7+ Kc8 38. Re8# 1-0,2718.0
 Bullet tournament ,penguingim1,KyleKorver,1-0,2016.07.12,22:41:24,2888,2776,10.0,-10.0,A00,Van't Kruijs Opening,30+0,Normal,1. e3 { [%eval 0.1] } 1... Nf6 { [%eval 0.15] } 2. d3 { [%eval -0.13] } 2... d5 { [%eval -0.07] } 3. Ne2?! { [%eval -0.67] } 3... c6 { [%eval -0.56] } 4. Nd2 { [%eval -0.46] } 4... Bf5 { [%eval -0.19] } 5. b3 { [%eval -0.23] } 5... Nbd7 { [%eval -0.34] } 6. Bb2 { [%eval -0.29] } 6... e5 { [%eval -0.36] } 7. h3 { [%eval -0.42] } 7... Bd6 { [%eval -0.4] } 8. g4 { [%eval -0.45] } 8... Bg6 { [%eval -0.48] } 9. Bg2 { [%eval -0.48] } 9... Qc7 { [%eval -0.24] } 10. O-O { [%eval -0.34] } 10... h5 { [%eval 0.1] } 11. g5 { [%eval -0.01] } 11... Nh7 { [%eval 0.22] } 12. h4 { [%eval 0.0] } 12... Nhf8 { [%eval 0.37] } 13. f4 { [%eval 0.32] } 13... exf4 { [%eval 0.35] } 14. Nxf4 { [%eval 0.43] } 14... O-O-O { [%eval 0.51] } 15. Qf3?! { [%eval -0.19] } 15... Ne6?! { [%eval 0.43] } 16. Qf2?! { [%eval -0.25] } 16... Nxf4 { [%eval -0.28] } 17. exf4 { [%eval -0.39] } 17... Bf5? { [%eval 0.74] } 18. Rae1? { [%eval -0.72] } 18... f6 { [%eval -0.75] } 19. Bc1?! { [%eval -1.68] } 19... Bc5? { [%eval -0.29] } 20. d4 { [%eval -0.41] } 20... Bd6 { [%eval -0.36] } 21. Nf3?! { [%eval -1.23] } 21... Rde8 { [%eval -0.88] } 22. Qg3?! { [%eval -1.81] } 22... Be4? { [%eval -0.68] } 23. c3 { [%eval -0.85] } 23... f5? { [%eval 0.15] } 24. Ne5 { [%eval 0.1] } 24... Nxe5?! { [%eval 0.84] } 25. fxe5 { [%eval 1.01] } 25... Be7 { [%eval 1.03] } 26. Bh3?! { [%eval 0.14] } 26... g6 { [%eval 0.18] } 27. Bg2 { [%eval 0.19] } 27... Kb8 { [%eval 0.14] } 28. Bf4 { [%eval 0.2] } 28... Qd7?? { [%eval 11.6] } 29. e6+ { [%eval 11.27] } 1-0,2832.0
 Bullet tournament ,LordBendtner99,penguingim1,0-1,2016.07.12,22:42:14,2492,2898,-2.0,3.0,B01,Scandinavian Defense,30+0,Normal,1. e4 d5 2. d3 dxe4 3. dxe4 Qxd1+ 4. Kxd1 Nc6 5. Bd3 Bg4+ 6. f3 Bd7 7. Ne2 e5 8. Ke1 Nf6 9. Nbc3 O-O-O 10. Be3 Bb4 11. a3 Ba5 12. b4 Bb6 13. Bxb6 axb6 14. Nd5 Nxd5 15. exd5 Ne7 16. c4 Bf5 17. Bxf5+ Nxf5 18. Kf2 f6 19. Rhd1 Nd6 20. Rac1 Nf5 21. c5 b5 22. c6 bxc6 23. dxc6 Rxd1 24. Rxd1 Ne7 25. Rc1 Rd8 26. Rc5 Rd5 27. Rc2 Rd6 28. Nc3 Rxc6 29. Ke3 Rxc3+ 30. Rxc3 Nd5+ 31. Kd3 Nxc3 32. Kxc3 c6 33. Kb3 Kc7 34. Kc3 Kd6 35. Kd3 Kd5 36. g3 f5 37. h3 g5 38. g4 e4+ 39. Ke3 f4+ 40. Ke2 e3 41. Kd3 h6 42. a4 bxa4 43. Ke2 a3 44. b5 cxb5 45. Kd1 a2 46. Kc2 a1=Q 47. Kd3 Qd1+ 48. Kc3 Qd2+ 49. Kb3 Qd3+ 50. Kb4 Qc4+ 51. Ka5 Qa4+ 52. Kb6 b4 53. Kb7 Qb5+ 54. Kc7 Qc6+ 55. Kd8 Kd6 56. h4 Qd7# 0-1,2695.0
 Bullet tournament ,penguingim1,KyleKorver,1-0,2016.07.12,22:43:31,2901,2770,9.0,-9.0,A00,Van't Kruijs Opening,30+0,Normal,1. e3 Nf6 2. d3 d5 3. Ne2 c6 4. Nd2 Bg4 5. b3 Nbd7 6. Bb2 Qc7 7. h3 Bxe2 8. Qxe2 e5 9. g4 Bd6 10. Bg2 h6 11. O-O a5 12. f4 exf4 13. exf4+ Kf8 14. Qf2 Re8 15. g5 hxg5 16. fxg5 Bh2+ 17. Kh1 Bg3 18. gxf6 Nxf6 19. Qf3 Be5 20. Bxe5 Rxe5 21. Rae1 Rxe1 22. Rxe1 Qd6 23. Qf2 g6 24. Nf3 Kg7 25. Ne5 Re8 26. d4 c5 27. c3 cxd4 28. cxd4 Qb4 29. Rf1 Re7 30. Qxf6+ 1-0,2835.5
 Bullet tournament ,Seppo,penguingim1,0-1,2016.07.12,22:47:35,2555,2915,-3.0,3.0,A00,Hungarian Opening: Catalan Formation,30+0,Normal,1. g3 { [%eval -0.24] } 1... d5 { [%eval -0.03] } 2. Bg2 { [%eval -0.27] } 2... e6 { [%eval 0.07] } 3. Nf3 { [%eval -0.05] } 3... Nf6 { [%eval 0.05] } 4. O-O { [%eval 0.05] } 4... Be7 { [%eval 0.01] } 5. d3 { [%eval -0.13] } 5... O-O { [%eval -0.21] } 6. Nbd2 { [%eval -0.22] } 6... c5 { [%eval -0.18] } 7. e4 { [%eval -0.18] } 7... Nc6 { [%eval -0.22] } 8. e5 { [%eval -0.44] } 8... Nd7 { [%eval -0.4] } 9. Re1 { [%eval -0.4] } 9... b5 { [%eval -0.36] } 10. Nf1 { [%eval -0.6] } 10... a5 { [%eval -0.62] } 11. h4 { [%eval -0.56] } 11... b4 { [%eval -0.52] } 12. Bf4 { [%eval -0.52] } 12... a4 { [%eval -0.48] } 13. a3 { [%eval -0.55] } 13... bxa3 { [%eval -0.2] } 14. bxa3 { [%eval -0.3] } 14... Ba6 { [%eval -0.05] } 15. N1h2 { [%eval -0.15] } 15... c4 { [%eval -0.22] } 16. Ng5? { [%eval -1.64] } 16... cxd3 { [%eval -1.62] } 17. cxd3 { [%eval -1.76] } 17... Nd4 { [%eval -1.57] } 18. Qh5 { [%eval -1.8] } 18... h6 { [%eval -1.43] } 19. Ng4?? { [%eval -4.52] } 19... hxg5 { [%eval -4.45] } 20. hxg5 { [%eval -4.41] } 20... g6? { [%eval -3.35] } 21. Qh6? { [%eval -5.08] } 21... Nf5 { [%eval -4.91] } 22. Qh3 { [%eval -5.07] } 22... Kg7 { [%eval -4.78] } 23. Nf6?! { [%eval -5.76] } 23... Rh8 { [%eval -5.68] } 24. Qg4 { [%eval -5.68] } 24... Bxd3 { [%eval -5.39] } 25. Rad1 { [%eval -5.44] } 25... Nc5 { [%eval -5.52] } 26. Re3? { [%eval -6.8] } 26... Bc2 { [%eval -6.62] } 27. Rd2?! { [%eval -7.13] } 27... Bb1? { [%eval -5.5] } 28. Re1 { [%eval -5.37] } 28... Be4?? { [%eval -2.35] } 29. Bxe4 { [%eval -2.73] } 29... Nb3? { [%eval -0.93] } 30. Bxf5? { [%eval -3.08] } 30... Nxd2? { [%eval -1.7] } 31. Qf3?? { [%eval -27.32] } 31... Nxf3+ { [%eval -25.73] } 32. Kg2 { [%eval -30.92] } 32... Nxe1+ { [%eval -30.33] } 0-1,2735.0
 Bullet tournament ,penguingim1,Farmville,1-0,2016.07.12,22:48:46,2918,2474,3.0,-2.0,A00,Van't Kruijs Opening,30+0,Normal,1. e3 e5 2. d3 d5 3. Ne2 Nf6 4. Nd2 Bc5 5. b3 Bd6 6. Bb2 e4 7. dxe4 dxe4 8. Bxf6 Qe7 9. Bxe7 1-0,2696.0
 Bullet tournament ,penguingim1,Tayka,1-0,2016.07.12,22:49:14,2921,2507,2.0,-2.0,A00,Van't Kruijs Opening,30+0,Normal,1. e3 c5 2. d3 Nc6 3. Ne2 d5 4. Nd2 e5 5. b3 Bd6 6. Bb2 Nf6 7. g3 O-O 8. Bg2 Be6 9. O-O Qd7 10. Nf3 Bh3 11. Ng5 Bxg2 12. Kxg2 h6 13. Nf3 Rfe8 14. h3 Rad8 15. g4 e4 16. dxe4 Nxe4 17. Qxd5 Qc7 18. Rad1 Bg3 19. Qf5 Bd6 20. Nf4 Bxf4 21. Qxf4 Qe7 22. Rxd8 Nxd8 23. Rd1 Nc6 24. c4 Qf8 25. Rd5 Qe7 26. Ne5 Nf6 27. Nxc6 bxc6 28. Re5 Qd7 29. Rxe8+ Nxe8 30. Qe5 Nf6 31. h4 Qxg4+ 32. Qg3 Qd1 33. Bxf6 Qd2 34. Qxg7# 1-0,2714.0
 Blitz ,lovlas,grandmatt,1/2-1/2,2016.07.13,10:09:39,2723,2614,-5.0,3.0,A49,Indian Game: Przepiorka Variation,180+0,Normal,1. d4 Nf6 2. Nf3 g6 3. g3 Bg7 4. Bg2 O-O 5. O-O d6 6. Nc3 Nbd7 7. e4 e5 8. dxe5 Nxe5 9. Nxe5 dxe5 10. Qxd8 Rxd8 11. Be3 a6 12. Rfd1 Be6 13. h3 h6 14. Na4 b6 15. Nc3 Bf8 16. a3 Kg7 17. Nd5 Rdc8 18. c4 Rab8 19. b4 Nxd5 20. cxd5 Bd7 21. Rac1 Bd6 22. Rd3 a5 23. Bd2 axb4 24. axb4 Ra8 25. Bc3 f6 26. Bf1 Ra4 27. Rd2 Rca8 28. Rdc2 Ra2 29. Kg2 Rxc2 30. Rxc2 Kf7 31. Bd2 g5 32. Be2 Ke7 33. h4 Ra4 34. hxg5 hxg5 35. Rb2 Ra1 36. Be3 Ra4 37. Bd2 Ra3 38. Rc2 Ra4 39. Rb2 1/2-1/2,2668.5
 Blitz ,grandmatt,lovlas,1-0,2016.07.13,10:14:07,2617,2718,13.0,-21.0,A27,"English Opening: King's English Variation, Three Knights System",180+0,Normal,1. c4 e5 2. Nf3 Nc6 3. Nc3 f5 4. d4 e4 5. Ng1 Nf6 6. Bg5 h6 7. Bxf6 Qxf6 8. e3 Bb4 9. Qb3 d6 10. h4 O-O 11. Nh3 a5 12. h5 a4 13. Qc2 a3 14. b3 f4 15. O-O-O fxe3 16. fxe3 Bg4 17. Be2 Bxc3 18. Bxg4 Bb2+ 19. Kb1 Nb4 20. Qxe4 Rae8 21. Qxb7 c5 22. Nf4 Rxe3 23. Rhf1 Rfe8 24. Ne6 R3xe6 25. Rxf6 Rxf6 26. dxc5 dxc5 27. Bf3 Kh8 28. Qb5 Rc8 29. Bg4 Rcf8 30. Qxc5 Bc3 31. Bf3 Re8 32. Qf2 Rfe6 33. Bg4 Rf6 34. Qg3 Be5 35. Qe1 Nc6 36. Bd7 Rd8 37. Bxc6 Rxd1+ 38. Qxd1 Rxc6 39. Qd8+ Kh7 40. Qd3+ Rg6 41. hxg6+ Kg8 42. Qd8# 1-0,2667.5
 Blitz ,lovlas,grandmatt,1-0,2016.07.13,10:19:48,2697,2630,13.0,-8.0,B20,Sicilian Defense: Mengarini Variation,180+0,Normal,1. e4 { [%eval 0.2] } 1... c5 { [%eval 0.37] } 2. a3 { [%eval 0.1] } 2... e6 { [%eval 0.12] } 3. b4 { [%eval -0.17] } 3... cxb4 { [%eval -0.22] } 4. axb4 { [%eval -0.24] } 4... Bxb4 { [%eval -0.24] } 5. Bb2 { [%eval -0.36] } 5... Nf6 { [%eval -0.31] } 6. e5 { [%eval -0.27] } 6... Nd5 { [%eval -0.31] } 7. c4 { [%eval -0.36] } 7... Nc7 { [%eval -0.24] } 8. Ra3?! { [%eval -0.77] } 8... Nc6 { [%eval -0.3] } 9. Qg4?! { [%eval -1.11] } 9... g6 { [%eval -0.89] } 10. Nf3 { [%eval -0.98] } 10... Bxa3 { [%eval -0.5] } 11. Bxa3 { [%eval -0.72] } 11... Ne7? { [%eval 0.81] } 12. Nc3 { [%eval 1.39] } 12... h5? { [%eval 2.7] } 13. Qf4 { [%eval 2.34] } 13... b5?? { [%eval 7.75] } 14. Ne4 { [%eval 7.48] } 1-0,2663.5
 Blitz ,grandmatt,lovlas,0-1,2016.07.13,10:21:43,2622,2710,-8.0,12.0,A57,"Benko Gambit Accepted, Pawn Return Variation",180+0,Normal,1. d4 { [%eval 0.22] } 1... Nf6 { [%eval 0.2] } 2. c4 { [%eval 0.27] } 2... c5 { [%eval 0.46] } 3. d5 { [%eval 0.48] } 3... b5 { [%eval 0.46] } 4. cxb5 { [%eval 0.48] } 4... a6 { [%eval 0.35] } 5. b6 { [%eval 0.41] } 5... a5 { [%eval 0.61] } 6. Nc3 { [%eval 0.79] } 6... g6 { [%eval 1.0] } 7. e4 { [%eval 0.99] } 7... d6 { [%eval 1.03] } 8. Bb5+ { [%eval 1.03] } 8... Bd7 { [%eval 1.17] } 9. Qa4? { [%eval 0.12] } 9... Bg7 { [%eval 0.13] } 10. Be3 { [%eval -0.07] } 10... O-O { [%eval -0.03] } 11. b7 { [%eval -0.32] } 11... Ra7 { [%eval -0.16] } 12. Nge2 { [%eval -0.45] } 12... Rxb7 { [%eval -0.41] } 13. f3 { [%eval -0.51] } 13... Qb6 { [%eval -0.11] } 14. Bxd7 { [%eval -0.09] } 14... Nbxd7 { [%eval 0.0] } 15. O-O { [%eval -0.06] } 15... Qb4 { [%eval 0.12] } 16. Rab1 { [%eval -0.36] } 16... Qxa4 { [%eval -0.27] } 17. Nxa4 { [%eval -0.15] } 17... Ne5 { [%eval 0.05] } 18. Bd2 { [%eval -0.13] } 18... Nfd7 { [%eval -0.13] } 19. Rfc1?! { [%eval -0.73] } 19... Rfb8 { [%eval -0.32] } 20. Rc2 { [%eval -0.75] } 20... Nd3 { [%eval -0.81] } 21. b3 { [%eval -0.68] } 21... Nb4 { [%eval -0.75] } 22. Bxb4 { [%eval -0.79] } 22... axb4 { [%eval -0.75] } 23. Kf1 { [%eval -0.8] } 23... Ra8 { [%eval -0.68] } 24. Nc1 { [%eval -1.15] } 24... Nb6 { [%eval -1.15] } 25. Nxb6 { [%eval -1.1] } 25... Rxb6 { [%eval -1.12] } 26. g3 { [%eval -1.12] } 26... h5 { [%eval -1.12] } 27. Ke2 { [%eval -1.13] } 27... h4 { [%eval -0.69] } 28. f4 { [%eval -0.89] } 28... hxg3 { [%eval -0.9] } 29. hxg3 { [%eval -0.9] } 29... e6?! { [%eval -0.39] } 30. dxe6 { [%eval -0.36] } 30... fxe6 { [%eval -0.28] } 31. Kf3 { [%eval -0.41] } 31... Kf7?! { [%eval 0.21] } 32. Rd2 { [%eval -0.19] } 32... Bc3 { [%eval 0.0] } 33. Rc2 { [%eval 0.0] } 33... d5 { [%eval -0.07] } 34. exd5 { [%eval -0.38] } 34... exd5 { [%eval -0.22] } 35. Nd3 { [%eval -0.22] } 35... c4 { [%eval -0.1] } 36. bxc4 { [%eval -0.17] } 36... dxc4 { [%eval -0.17] } 37. Ne5+?! { [%eval -0.69] } 37... Bxe5 { [%eval -0.49] } 38. fxe5 { [%eval -0.73] } 38... Rc8?! { [%eval -0.07] } 39. Ke4 { [%eval -0.44] } 39... Ke6?! { [%eval 0.09] } 40. Rf1 { [%eval 0.05] } 40... Ke7 { [%eval 0.04] } 41. Rh2 { [%eval 0.0] } 41... Rf8 { [%eval 0.0] } 42. Rh7+ { [%eval 0.0] } 42... Ke8 { [%eval 0.0] } 43. Rxf8+?! { [%eval -0.8] } 43... Kxf8 { [%eval -0.62] } 44. Rc7? { [%eval -2.2] } 44... c3? { [%eval -0.03] } 45. Kd3 { [%eval 0.0] } 45... Ke8 { [%eval 0.0] } 46. Kc2 { [%eval 0.0] } 46... Kd8 { [%eval 0.0] } 47. Rc4 { [%eval -0.03] } 47... Ke7 { [%eval -0.1] } 48. Kb3 { [%eval -0.18] } 48... Ke6 { [%eval -0.18] } 49. a3?! { [%eval -1.15] } 49... bxa3+ { [%eval -1.05] } 50. Kxa3 { [%eval -1.01] } 50... Kxe5 { [%eval -0.94] } 51. Rxc3 { [%eval -0.7] } 51... Ke4?! { [%eval -0.11] } 52. Ka2? { [%eval -2.23] } 52... g5 { [%eval -1.68] } 53. Ka3?? { [%eval -5.38] } 53... g4 { [%eval -5.3] } 54. Ka2 { [%eval -5.38] } 54... Rf6 { [%eval -4.97] } 55. Kb2 { [%eval -5.31] } 55... Rf2+ { [%eval -5.24] } 56. Kc1 { [%eval -5.02] } 56... Re2 { [%eval -2.86] } 57. Rc8 { [%eval -2.57] } 0-1,2666.0
 Blitz ,lovlas,grandmatt,0-1,2016.07.13,10:27:22,2722,2614,-20.0,13.0,B03,Alekhine Defense,180+0,Normal,1. e4 Nf6 2. e5 Nd5 3. d4 d6 4. exd6 exd6 5. c4 Nf6 6. Nf3 Be7 7. Bd3 O-O 8. O-O Bg4 9. h3 Bh5 10. Nc3 Nbd7 11. Re1 c6 12. Bf4 d5 13. Rc1 dxc4 14. Bxc4 Nb6 15. Bd3 Nbd5 16. Be5 Qd7 17. Ne4 Nxe4 18. Bxe4 Bg6 19. Bxg6 hxg6 20. Bg3 Bf6 21. Qb3 Rfe8 22. Kh2 Nb6 23. Rcd1 Rxe1 24. Rxe1 Re8 25. Rxe8+ Qxe8 26. a4 Qd7 27. a5 Nd5 28. Be5 Bd8 29. a6 bxa6 30. Bg3 f6 31. Ne1 Bb6 32. Qa4 Ne7 33. Nc2 Nf5 34. Qxa6 Kh7 35. Qc4 Nxd4 36. Nxd4 Bxd4 37. b3 Qd5 38. Qc2 Qc5 39. Qe4 Qd5 40. Qc2 f5 41. h4 Bf6 42. b4 Be7 43. Qc3 Qe4 44. f3 Qxb4 45. Qxc6 Bxh4 46. Be5 Bg5 47. Qc7 Qh4+ 48. Kg1 Be3+ 49. Kf1 Qf2# 0-1,2668.0
 Blitz ,grandmatt,lovlas,1-0,2016.07.13,10:32:34,2627,2702,13.0,-18.0,D85,"Gruenfeld Defense: Exchange Variation, Modern Exchange Variation",180+0,Normal,1. d4 Nf6 2. c4 g6 3. Nc3 d5 4. cxd5 Nxd5 5. e4 Nxc3 6. bxc3 Bg7 7. Nf3 c5 8. Be3 Qa5 9. Qd2 Nc6 10. Rc1 cxd4 11. cxd4 Qxd2+ 12. Nxd2 O-O 13. d5 Na5 14. Nc4 Nxc4 15. Bxc4 Rd8 16. Ke2 b6 17. Rhd1 Bb7 18. Bb5 Kf8 19. Rc7 Rab8 20. Bf4 a6 21. Bc6 Bxc6 22. dxc6 Rxd1 23. Kxd1 Ke8 24. Rxe7+ Kxe7 25. Bxb8 Bd4 26. Ke2 b5 27. f4 a5 28. Kd3 Bg1 29. h3 f5 30. g4 fxe4+ 31. Kxe4 b4 32. Kd3 Bf2 33. Kc4 Be1 34. Kb5 Bd2 35. Be5 Kd8 36. Ka4 Kc8 37. Bd6 Kd8 38. Kb5 Kc8 39. Bc5 h5 40. f5 gxf5 41. gxf5 Bc3 42. Bb6 1-0,2664.5
 Blitz ,lovlas,grandmatt,1-0,2016.07.13,10:37:22,2684,2640,13.0,-9.0,E99,"King's Indian Defense: Orthodox Variation, Classical System, Neo-Classical Line",180+0,Normal,1. d4 Nf6 2. c4 g6 3. Nc3 Bg7 4. e4 O-O 5. Nf3 d6 6. Be2 e5 7. O-O Nc6 8. d5 Ne7 9. Ne1 Nd7 10. Be3 f5 11. f3 f4 12. Bf2 g5 13. Rc1 Ng6 14. Nb5 Rf7 15. Nxa7 Rxa7 16. Bxa7 b6 17. b4 h5 18. Nd3 Bf8 19. c5 bxc5 20. bxc5 dxc5 21. Nxc5 Nxc5 22. Bxc5 Bxc5+ 23. Rxc5 Rg7 24. Rc6 g4 25. fxg4 Ne7 26. gxh5 Nxc6 27. dxc6 Qf6 28. h6 Rh7 29. Qb3+ Kf8 30. Qb8 1-0,2662.0
 Blitz ,grandmatt,lovlas,1-0,2016.07.13,10:41:39,2631,2697,12.0,-17.0,A80,Dutch Defense: Raphael Variation,180+0,Normal,1. d4 f5 2. Nc3 g6 3. e4 fxe4 4. Nxe4 Bg7 5. Nf3 Nf6 6. Bd3 O-O 7. O-O Nc6 8. c3 e6 9. Bg5 Qe8 10. Nxf6+ Bxf6 11. Bxf6 Rxf6 12. Qe2 d6 13. Rae1 Bd7 14. Ng5 Qf8 15. Qe3 Re8 16. f4 e5 17. fxe5 dxe5 18. Rxf6 Qxf6 19. Rf1 Qd8 20. Bc4+ 1-0,2664.0
 Blitz ,lovlas,grandmatt,0-1,2016.07.13,10:44:09,2680,2643,-16.0,11.0,E99,"King's Indian Defense: Orthodox Variation, Classical System, Neo-Classical Line",180+0,Normal,1. c4 Nf6 2. Nc3 g6 3. Nf3 Bg7 4. e4 O-O 5. d4 d6 6. Be2 e5 7. O-O Nc6 8. d5 Ne7 9. Ne1 Nd7 10. Be3 f5 11. f3 f4 12. Bf2 g5 13. Rc1 Ng6 14. Nb5 a6 15. Na7 Rxa7 16. Bxa7 b6 17. b4 Rf7 18. Nd3 Bf8 19. c5 dxc5 20. bxc5 Nxc5 21. Nxc5 Bxc5+ 22. Rxc5 bxc5 23. Bxc5 h5 24. d6 Be6 25. dxc7 Qxc7 26. Bd6 Qb6+ 27. Kh1 Rd7 28. Qa4 Rxd6 29. Qe8+ Kg7 30. h4 gxh4 31. Rc1 Bf7 0-1,2661.5
 Blitz ,grandmatt,lovlas,0-1,2016.07.13,10:47:06,2654,2664,-10.0,13.0,D45,Semi-Slav Defense: Stoltz Variation,180+0,Normal,1. d4 d5 2. c4 c6 3. Nc3 Nf6 4. Nf3 e6 5. e3 Nbd7 6. Qc2 Bd6 7. Bd3 dxc4 8. Bxc4 b5 9. Bd3 a6 10. O-O O-O 11. a3 c5 12. Rd1 Bb7 13. Qe2 cxd4 14. exd4 Rc8 15. Bg5 Qc7 16. h3 h6 17. Be3 Qb8 18. Rac1 Rfe8 19. Bb1 e5 20. Ba2 e4 21. Nh4 Nb6 22. Nf5 Bf8 23. d5 Qe5 24. Nxh6+ gxh6 25. Bxb6 Bd6 26. g3 Qf5 27. Bd4 e3 28. f4 Ne4 29. Nxe4 Rxe4 30. Kh2 Rxc1 31. Rxc1 Rxd4 0-1,2659.0
 Blitz ,grandmatt,lovlas,1/2-1/2,2016.07.13,10:57:55,2655,2663,1.0,-1.0,D30,Queen's Gambit Declined,180+0,Normal,1. d4 e6 2. c4 d5 3. Nf3 c6 4. e3 Nf6 5. Be2 dxc4 6. Bxc4 b5 7. Be2 Bb7 8. O-O a6 9. a3 c5 10. dxc5 Qxd1 11. Rxd1 Bxc5 12. b4 Be7 13. Bb2 O-O 14. Nbd2 Nd5 15. Nb3 Nd7 16. Na5 Rab8 17. Ne5 N7f6 18. Nec6 Bxc6 19. Nxc6 Rbc8 20. Nxe7+ Nxe7 21. Bd4 Rfd8 22. Bc5 Ned5 23. Bf3 e5 24. Kf1 g6 25. Ke1 h5 26. Rd2 e4 27. Be2 Nc7 28. Rxd8+ Rxd8 29. Rd1 Ncd5 30. a4 bxa4 31. Bxa6 Rb8 32. Rb1 Nd7 33. Bc4 Nxc5 34. Bxd5 Nd3+ 35. Ke2 Nxb4 36. Bxe4 a3 37. Bd5 Rd8 38. e4 Nxd5 39. exd5 Rxd5 40. Rb8+ Kg7 41. Ra8 Re5+ 42. Kd2 Rf5 43. Ke2 Re5+ 44. Kd2 h4 45. Rxa3 Kh6 46. Re3 Ra5 47. Ke2 f5 48. Rd3 Kg5 49. h3 Ra1 50. Rd2 Ra4 51. Rd3 Kf4 52. Rf3+ Ke5 53. Re3+ Kd4 54. Rd3+ Kc4 55. Rd2 Ra3 56. Rd1 g5 57. Rd2 g4 58. hxg4 fxg4 59. Rd1 h3 60. gxh3 gxh3 61. Kf1 Ra2 62. Kg1 h2+ 63. Kxh2 Rxf2+ 64. Kh1 Rc2 65. Rf1 1/2-1/2,2659.0
 Bullet ,gnejs,cemilchess,1-0,2016.07.13,20:29:28,2708,2623,9.0,-9.0,A04,Zukertort Opening: Ross Gambit,60+0,Normal,1. Nf3 { [%eval 0.2] } 1... e5?! { [%eval 0.87] } 2. Nxe5 { [%eval 0.83] } 2... Nc6 { [%eval 0.91] } 3. Nf3 { [%eval 0.62] } 3... g5 { [%eval 1.05] } 4. h3 { [%eval 1.1] } 4... Bg7 { [%eval 1.43] } 5. d4 { [%eval 1.49] } 5... h6 { [%eval 1.33] } 6. d5 { [%eval 1.21] } 6... Ne5 { [%eval 1.15] } 7. Nc3 { [%eval 1.17] } 7... d6 { [%eval 1.17] } 8. Nd4 { [%eval 0.92] } 8... Ne7 { [%eval 1.14] } 9. e4 { [%eval 1.09] } 9... c5 { [%eval 1.37] } 10. Nde2?! { [%eval 0.78] } 10... a6 { [%eval 0.94] } 11. a4 { [%eval 0.79] } 11... O-O { [%eval 0.97] } 12. h4 { [%eval 0.9] } 12... g4 { [%eval 0.93] } 13. Ng3 { [%eval 0.82] } 13... f5 { [%eval 0.99] } 14. exf5? { [%eval -0.15] } 14... Nxf5 { [%eval 0.05] } 15. Nxf5?! { [%eval -0.91] } 15... Bxf5 { [%eval -0.73] } 16. Be3 { [%eval -1.09] } 16... Qf6?! { [%eval -0.56] } 17. Qd2?! { [%eval -1.06] } 17... Rae8?! { [%eval -0.46] } 18. O-O-O { [%eval -0.82] } 18... b5 { [%eval -0.76] } 19. axb5 { [%eval -0.71] } 19... axb5 { [%eval -0.57] } 20. Bxb5 { [%eval -0.95] } 20... Ra8 { [%eval -0.98] } 21. Qe2 { [%eval -0.88] } 21... Rfb8 { [%eval -0.63] } 22. Kd2 { [%eval -0.65] } 22... c4?! { [%eval 0.06] } 23. Ra1 { [%eval 0.55] } 23... Nd7? { [%eval 1.63] } 24. Rxa8 { [%eval 1.72] } 24... Rxa8 { [%eval 1.69] } 25. Bc6? { [%eval 0.18] } 25... Rb8 { [%eval 0.34] } 26. Rb1?? { [%eval -4.03] } 26... Ne5?? { [%eval 0.29] } 27. Kc1 { [%eval -0.08] } 27... Qxh4 { [%eval 0.01] } 28. Bd2? { [%eval -2.77] } 28... Qh1+ { [%eval -2.7] } 29. Nd1 { [%eval -2.61] } 29... Qxg2 { [%eval -2.25] } 30. Bc3?! { [%eval -2.76] } 30... Be4? { [%eval -1.76] } 31. Ra1 { [%eval -1.74] } 31... Bf3?! { [%eval -1.04] } 32. Qd2? { [%eval -3.43] } 32... Rf8? { [%eval -1.73] } 33. Ra7?? { [%eval -4.81] } 33... Qf1?? { [%eval -1.6] } 34. Bd4? { [%eval -3.92] } 34... h5?? { [%eval 0.0] } 35. b3?? { [%eval -9.46] } 35... Bh6 { [%eval -4.91] } 36. Qxh6?? { [%eval -15.2] } 36... Qxd1+ { [%eval -14.68] } 37. Kb2 { [%eval -13.0] } 37... c3+?? { [%eval #7] } 38. Kxc3 { [%eval #8] } 38... Qe1+ { [%eval #5] } 39. Kb2 { [%eval #4] } 39... Nd3+ { [%eval #4] } 40. Ka2?! { [%eval #5] } 40... Nb4+ { [%eval #5] } 41. Ka3?! { [%eval #5] } 41... Nxc2+ { [%eval #5] } 42. Kb2 { [%eval #4] } 42... Qa1+ { [%eval #4] } 43. Rxa1 { [%eval #3] } 43... Nxd4 { [%eval #3] } 44. Ra7 { [%eval #2] } 44... Nxc6 { [%eval #1] } 45. Qg7# 1-0,2665.5
 Bullet ,cemilchess,gnejs,1-0,2016.07.13,20:31:34,2614,2717,15.0,-14.0,B84,"Sicilian Defense: Scheveningen Variation, Classical Variation #2",60+0,Normal,1. e4 c5 2. d4 cxd4 3. Nf3 e6 4. Nxd4 Nf6 5. Nc3 d6 6. Be2 a6 7. O-O Qc7 8. f4 b5 9. Kh1 b4 10. Bf3 bxc3 11. e5 Nd5 12. exd6 Bxd6 13. f5 O-O 14. bxc3 Qxc3 15. Rb1 Ra7 16. Bb2 Qc7 17. Qe1 Nc6 18. Qh4 Nxd4 19. Qxd4 Nf6 20. Rbd1 Bc5 21. Qh4 Be7 22. Qd4 exf5 23. Rfe1 Be6 24. Qe3 Rb7 25. Bxb7 Qxb7 26. Be5 Ng4 27. Qf4 g5 28. Qg3 f4 29. Qc3 Nf2+ 30. Kg1 Nxd1 31. Rxd1 Rd8 32. Re1 Qb6+ 33. Kh1 Bb4 34. Qb2 f6 35. Bc3 Bc5 36. Qc1 Rd6 37. Bxf6 Kf7 38. Bxg5 Qc6 39. Qxf4+ Ke8 40. Qf6 Kd7 41. Qd8# 1-0,2665.5
 Bullet ,gnejs,cemilchess,1-0,2016.07.13,20:33:34,2703,2629,8.0,-9.0,E62,"King's Indian Defense: Fianchetto Variation, Uhlmann-Szabo System",60+0,Normal,1. Nf3 Nf6 2. c4 g6 3. g3 Bg7 4. Bg2 d6 5. O-O O-O 6. Nc3 Nc6 7. d4 e5 8. d5 Ne7 9. e4 Nd7 10. Ne1 a5 11. Nd3 b6 12. Be3 f5 13. f3 Kh8 14. Qd2 Ng8 15. b3 Ndf6 16. h3 Nh5 17. g4 Nhf6 18. a3 Bd7 19. b4 axb4 20. axb4 Rxa1 21. Rxa1 fxg4 22. hxg4 h5 23. g5 Nh7 24. c5 bxc5 25. bxc5 Rf7 26. Ra7 Bf8 27. c6 Bc8 28. Nb5 h4 29. Kh2 h3 30. Bh1 Be7 31. Rxc7 Nxg5 32. Rxe7 Rxf3 33. Bxg5 Qe8 34. Rxe8 1-0,2666.0
 Bullet tournament ,penguingim1,gnejs,1-0,2016.07.13,21:00:04,2903,2711,7.0,-5.0,A00,Van't Kruijs Opening,30+0,Normal,1. e3 { [%eval 0.13] } 1... Nf6 { [%eval 0.17] } 2. d3 { [%eval -0.2] } 2... h5 { [%eval 0.21] } 3. Ne2?! { [%eval -0.46] } 3... h4 { [%eval -0.05] } 4. Nd2 { [%eval -0.28] } 4... e5 { [%eval -0.07] } 5. h3 { [%eval -0.05] } 5... e4? { [%eval 1.21] } 6. b3?! { [%eval 0.35] } 6... d5 { [%eval 0.33] } 7. dxe4 { [%eval 0.2] } 7... dxe4 { [%eval 0.24] } 8. Bb2 { [%eval 0.38] } 8... Nc6 { [%eval 0.32] } 9. Bxf6?! { [%eval -0.29] } 9... Qxf6 { [%eval -0.53] } 10. Nxe4 { [%eval -0.44] } 10... Bb4+? { [%eval 0.58] } 11. c3 { [%eval 0.58] } 11... Qe7 { [%eval 0.62] } 12. Qc2?! { [%eval -0.06] } 12... Bf5 { [%eval -0.01] } 13. f3?! { [%eval -0.81] } 13... Bxe4? { [%eval 0.28] } 14. Qxe4 { [%eval 0.31] } 14... Qxe4 { [%eval 0.31] } 15. fxe4 { [%eval 0.28] } 15... Be7 { [%eval 0.29] } 16. Nd4 { [%eval 0.29] } 16... O-O-O { [%eval 0.58] } 17. Be2 { [%eval 0.31] } 17... Ne5 { [%eval 0.26] } 18. Kd2? { [%eval -0.99] } 18... g6? { [%eval 0.06] } 19. Kc2 { [%eval 0.05] } 19... c5?! { [%eval 0.55] } 20. Nf3 { [%eval 0.54] } 20... Nxf3 { [%eval 0.96] } 21. Bxf3?! { [%eval 0.22] } 21... Bg5 { [%eval 0.22] } 22. Rhe1 { [%eval 0.22] } 22... Rhe8 { [%eval 0.22] } 23. Rad1 { [%eval 0.21] } 23... Rxd1 { [%eval 0.29] } 24. Kxd1 { [%eval 0.22] } 24... Kc7 { [%eval 0.2] } 25. Kc2 { [%eval 0.13] } 25... Kd6 { [%eval 0.32] } 26. a3 { [%eval 0.13] } 26... b6 { [%eval 0.3] } 27. Rd1+ { [%eval 0.27] } 27... Kc7 { [%eval 0.26] } 28. Rd5 { [%eval -0.11] } 28... Bxe3 { [%eval -0.08] } 29. Kd3 { [%eval -0.08] } 29... Bf4 { [%eval -0.08] } 30. Bg4 { [%eval -0.12] } 30... Re7 { [%eval -0.11] } 31. b4 { [%eval -0.12] } 31... Bd6 { [%eval -0.12] } 32. Bf3 { [%eval -0.12] } 32... Be5 { [%eval 0.3] } 33. Kc4 { [%eval -0.1] } 33... cxb4 { [%eval -0.1] } 34. cxb4 { [%eval -0.12] } 34... Bd6 { [%eval 0.11] } 35. Kb5 { [%eval 0.11] } 35... Be5 { [%eval 0.32] } 36. Ka6 { [%eval 0.31] } 36... Bf6 { [%eval 0.61] } 37. a4 { [%eval 0.31] } 37... Kc6?? { [%eval 4.81] } 38. e5 { [%eval 4.46] } 38... Kc7?? { [%eval 8.67] } 39. exf6 { [%eval 8.59] } 39... Re6 { [%eval 8.25] } 40. Rd3? { [%eval 7.09] } 40... Rxf6? { [%eval 8.42] } 41. Rc3+?? { [%eval 5.31] } 41... Kd6?? { [%eval 18.34] } 42. b5?? { [%eval 5.77] } 42... Ke6?? { [%eval 58.53] } 43. Rc6+ { [%eval 55.2] } 43... Kf5 { [%eval 54.27] } 44. Rxf6+ { [%eval 53.19] } 44... Kg5?! { [%eval #9] } 45. Kxa7 { [%eval #19] } 45... Kxf6 { [%eval #30] } 46. Kxb6 { [%eval #18] } 46... g5 { [%eval #19] } 47. a5 { [%eval 63.91] } 47... g4?! { [%eval #12] } 48. Bxg4 { [%eval #11] } 48... Kg5 { [%eval #11] } 49. Bf3 { [%eval #10] } 49... Kf4 { [%eval #10] } 50. a6 { [%eval #9] } 50... f5 { [%eval #9] } 51. a7 { [%eval #8] } 51... Kg3 { [%eval #8] } 52. a8=Q { [%eval #7] } 52... f4 { [%eval #3] } 53. Qg8+?! { [%eval #4] } 53... Kf2 { [%eval #4] } 54. Qg4?! { [%eval #5] } 54... Ke3 { [%eval #5] } 55. Qxh4?! { [%eval #5] } 55... Kd4 { [%eval #5] } 56. Qe1 { [%eval #4] } 56... Kd3 { [%eval #4] } 57. Qc1?! { [%eval #4] } 57... Kd4 { [%eval #4] } 58. Qd2+?! { [%eval #5] } 58... Kc4 { [%eval #1] } 59. Kc6?! { [%eval #3] } 59... Kb3 { [%eval #3] } 60. b6?! { [%eval #3] } 60... Kc4 { [%eval #1] } 61. b7?! { [%eval #2] } 61... Kb3 { [%eval #2] } 62. Kd7?! { [%eval #2] } 62... Kc4 { [%eval #2] } 63. b8=Q { [%eval #1] } 63... Kc5 { [%eval #1] } 64. Qbb4# 1-0,2807.0
 Bullet tournament ,penguingim1,caspiwins,1-0,2016.07.13,21:03:41,2911,2573,4.0,-3.0,A00,Van't Kruijs Opening,30+0,Normal,1. e3 d5 2. d3 Nf6 3. Ne2 e5 4. Nd2 c5 5. b3 Nc6 6. Bb2 Bd6 7. g3 O-O 8. Bg2 Re8 9. O-O Bg4 10. h3 Bh5 11. Kh2 Qc7 12. g4 Bg6 13. f4 exf4 14. exf4 Rxe2 15. Qxe2 Bxf4+ 16. Kh1 Re8 17. Qf2 Bg3 18. Qg1 Be5 19. Bxe5 Nxe5 20. Nf3 Nxf3 21. Bxf3 d4 22. Rae1 b6 23. Rxe8+ Nxe8 24. Re1 Nf6 25. g5 Nh5 26. Re8# 1-0,2742.0
 Bullet tournament ,KyleKorver,penguingim1,0-1,2016.07.13,21:10:59,2782,2898,-10.0,11.0,A40,"Englund Gambit Declined, Reversed Alekhine",30+0,Normal,1. d4 { [%eval 0.21] } 1... e5 { [%eval 0.68] } 2. Nf3?! { [%eval -0.04] } 2... exd4 { [%eval 0.0] } 3. Nxd4 { [%eval -0.05] } 3... Nf6 { [%eval 0.06] } 4. Nb3 { [%eval -0.31] } 4... Be7 { [%eval -0.39] } 5. g3 { [%eval -0.41] } 5... O-O { [%eval -0.43] } 6. Bg2 { [%eval -0.41] } 6... d5 { [%eval -0.35] } 7. O-O { [%eval -0.43] } 7... c6 { [%eval -0.39] } 8. Nc3 { [%eval -0.37] } 8... h6 { [%eval 0.05] } 9. e4 { [%eval 0.03] } 9... dxe4 { [%eval 0.02] } 10. Nxe4 { [%eval 0.0] } 10... Nxe4 { [%eval -0.02] } 11. Bxe4 { [%eval -0.01] } 11... Bf6 { [%eval 0.1] } 12. Qxd8 { [%eval 0.0] } 12... Rxd8 { [%eval 0.0] } 13. c3 { [%eval 0.05] } 13... Be6 { [%eval 0.17] } 14. Bf4 { [%eval -0.06] } 14... Na6 { [%eval 0.16] } 15. Rfd1 { [%eval 0.12] } 15... Kf8 { [%eval 0.27] } 16. Kf1 { [%eval 0.14] } 16... Ke7?! { [%eval 0.65] } 17. Ke1?! { [%eval 0.0] } 17... g5?! { [%eval 0.53] } 18. Be3 { [%eval 0.52] } 18... Be5 { [%eval 0.55] } 19. Nc5?! { [%eval -0.03] } 19... Nc7? { [%eval 1.48] } 20. Nxe6? { [%eval 0.45] } 20... Nxe6 { [%eval 0.53] } 21. a4 { [%eval 0.33] } 21... Bd6 { [%eval 0.28] } 22. a5 { [%eval 0.35] } 22... Nc5 { [%eval 0.48] } 23. Bf3 { [%eval 0.45] } 23... a6? { [%eval 2.48] } 24. Bxc5? { [%eval 0.05] } 24... Bxc5 { [%eval 0.08] } 25. b4 { [%eval 0.04] } 25... Bd6 { [%eval 0.05] } 26. Ke2 { [%eval 0.04] } 26... Rac8 { [%eval 0.15] } 27. c4 { [%eval -0.01] } 27... Rc7 { [%eval 0.1] } 28. c5 { [%eval 0.1] } 28... Be5 { [%eval 0.1] } 29. Rxd8 { [%eval 0.04] } 29... Kxd8 { [%eval 0.1] } 30. Rd1+ { [%eval 0.1] } 30... Ke8 { [%eval 0.34] } 31. Kd3 { [%eval 0.1] } 31... Re7 { [%eval 0.43] } 32. Kc4 { [%eval 0.1] } 32... f6? { [%eval 1.53] } 33. Re1? { [%eval 0.13] } 33... Kd8 { [%eval 0.55] } 34. Bg4 { [%eval 0.55] } 34... Kc7 { [%eval 0.76] } 35. Rd1 { [%eval 0.32] } 35... Rf7 { [%eval 0.32] } 36. Bf5 { [%eval 0.37] } 36... Re7 { [%eval 0.56] } 37. Rd3 { [%eval 0.38] } 37... Rf7 { [%eval 0.45] } 38. f4?! { [%eval -0.25] } 38... gxf4 { [%eval -0.25] } 39. gxf4 { [%eval -0.27] } 39... Bxf4 { [%eval -0.27] } 40. Re3?? { [%eval -6.62] } 40... Be5?? { [%eval -0.04] } 41. Re4 { [%eval -0.18] } 41... Rg7 { [%eval -0.25] } 42. Rg4 { [%eval -0.63] } 42... Rxg4+ { [%eval -0.63] } 43. Bxg4 { [%eval -0.63] } 43... Bxh2 { [%eval -0.63] } 44. Kd3 { [%eval -0.63] } 44... Be5 { [%eval -0.63] } 45. Ke4? { [%eval -2.34] } 45... Bc3 { [%eval -2.19] } 46. Kf5?! { [%eval -3.0] } 46... Bxb4 { [%eval -2.98] } 47. Kxf6 { [%eval -1.97] } 47... Bxa5 { [%eval -1.97] } 48. Kg6? { [%eval -4.42] } 48... Bb4 { [%eval -3.59] } 49. Kxh6?? { [%eval -11.72] } 49... Bxc5 { [%eval -9.78] } 50. Kg6 { [%eval -13.74] } 50... b5 { [%eval -8.62] } 51. Kf5 { [%eval -13.94] } 51... Kb6 { [%eval -11.35] } 52. Ke4 { [%eval -14.22] } 52... a5 { [%eval -12.29] } 53. Kd3 { [%eval -11.47] } 53... a4 { [%eval -9.69] } 54. Kc2 { [%eval -18.98] } 54... Bd6 { [%eval -16.87] } 55. Bf3 { [%eval -18.12] } 55... Kc5 { [%eval -4.17] } 56. Bxc6?? { [%eval #-11] } 56... b4?? { [%eval 0.0] } 57. Bd5?? { [%eval #-9] } 57... Kxd5 { [%eval #-8] } 58. Kb2 { [%eval #-8] } 58... Kc4 { [%eval #-8] } 59. Ka2 { [%eval #-6] } 59... a3 { [%eval #-5] } 60. Kb1 { [%eval #-5] } 60... Kb3?! { [%eval #-7] } 61. Ka1 { [%eval #-3] } 61... Be5+?! { [%eval #-4] } 62. Kb1 { [%eval #-4] } 62... a2+?! { [%eval #-5] } 63. Kc1 { [%eval #-5] } 63... a1=Q+ { [%eval #-4] } 64. Kd2 { [%eval #-4] } 64... Qc3+?! { [%eval #-4] } 65. Ke2 { [%eval #-4] } 65... Kc4?! { [%eval #-4] } 66. Kd1 { [%eval #-2] } 66... b3?! { [%eval #-3] } 67. Ke2 { [%eval #-3] } 67... b2 { [%eval #-2] } 68. Kd1 { [%eval #-2] } 68... Kb3?! { [%eval #-3] } 69. Ke2 { [%eval #-3] } 69... Kc4 { [%eval #-2] } 70. Kf2 { [%eval #-2] } 70... b1=Q { [%eval #-1] } 71. Kg2 { [%eval #-1] } 71... Qbb2+?! { [%eval #-1] } 72. Kf1 { [%eval #-1] } 72... Qcc1# 0-1,2840.0
 Bullet tournament ,Tayka,penguingim1,1-0,2016.07.13,21:12:31,2521,2909,22.0,-29.0,C00,French Defense: Knight Variation,30+0,Normal,1. e4 { [%eval 0.2] } 1... e6 { [%eval 0.2] } 2. Nf3 { [%eval 0.14] } 2... d5 { [%eval 0.07] } 3. exd5 { [%eval 0.07] } 3... exd5 { [%eval 0.06] } 4. d4 { [%eval 0.2] } 4... Nf6 { [%eval 0.13] } 5. Bd3 { [%eval 0.14] } 5... Be7 { [%eval 0.28] } 6. Ne5 { [%eval -0.06] } 6... O-O { [%eval -0.1] } 7. O-O { [%eval -0.1] } 7... c6 { [%eval 0.22] } 8. c3 { [%eval 0.29] } 8... Nbd7 { [%eval 0.23] } 9. Qc2 { [%eval -0.02] } 9... Nxe5 { [%eval 0.38] } 10. dxe5 { [%eval 0.29] } 10... Ng4 { [%eval 0.17] } 11. f4?? { [%eval -4.58] } 11... f5?? { [%eval 0.14] } 12. exf6? { [%eval -1.94] } 12... Nxf6? { [%eval -0.1] } 13. f5? { [%eval -1.62] } 13... Bc5+ { [%eval -1.68] } 14. Kh1 { [%eval -1.63] } 14... Ng4 { [%eval -1.59] } 15. b4? { [%eval -3.8] } 15... Nxh2 { [%eval -3.78] } 16. bxc5? { [%eval -5.22] } 16... Qh4?? { [%eval 1.85] } 17. g3 { [%eval 1.74] } 17... Qxg3 { [%eval 1.85] } 18. Bf4 { [%eval 1.98] } 18... Qh3? { [%eval 4.61] } 19. Bxh2 { [%eval 4.37] } 19... b6?! { [%eval 5.19] } 20. Rg1? { [%eval 2.92] } 20... bxc5? { [%eval 4.43] } 21. Qg2? { [%eval 3.2] } 21... Qh6?! { [%eval 4.0] } 22. f6?! { [%eval 3.2] } 22... Rxf6 { [%eval 3.19] } 23. Nd2 { [%eval 2.88] } 23... Bh3 { [%eval 3.17] } 24. Qg3 { [%eval 2.93] } 24... Raf8 { [%eval 3.22] } 25. Rae1 { [%eval 3.05] } 25... Rf2? { [%eval 5.18] } 26. Re7 { [%eval 4.76] } 26... g6?? { [%eval 7.92] } 27. Bxg6 { [%eval 7.68] } 27... hxg6? { [%eval #9] } 28. Qxg6+ { [%eval #8] } 28... Qxg6 { [%eval #8] } 29. Rxg6+ { [%eval #7] } 29... Kh8 { [%eval #7] } 30. Be5+ { [%eval #6] } 30... R8f6 { [%eval #6] } 31. Bxf6+ { [%eval #5] } 31... Rxf6 { [%eval #5] } 32. Rxf6 { [%eval #4] } 32... Kg8 { [%eval #4] } 33. Rxa7 { [%eval #3] } 33... Bd7 { [%eval #3] } 34. Rxd7 { [%eval #2] } 34... d4 { [%eval #2] } 35. Rxc6 { [%eval #1] } 35... dxc3 { [%eval #1] } 36. Rc8# 1-0,2715.0
 Bullet tournament ,penguingim1,KyleKorver,1-0,2016.07.13,21:13:46,2880,2774,11.0,-11.0,A00,Van't Kruijs Opening,30+0,Normal,1. e3 { [%eval 0.18] } 1... c6 { [%eval 0.33] } 2. d3 { [%eval 0.08] } 2... d5 { [%eval 0.08] } 3. Ne2?! { [%eval -0.57] } 3... Nf6 { [%eval -0.54] } 4. b3 { [%eval -0.54] } 4... e5 { [%eval -0.41] } 5. Bb2 { [%eval -0.46] } 5... Bd6 { [%eval -0.36] } 6. Nd2 { [%eval -0.43] } 6... Qc7 { [%eval -0.36] } 7. g3 { [%eval -0.26] } 7... Bg4 { [%eval -0.16] } 8. Bg2 { [%eval -0.31] } 8... Nbd7 { [%eval -0.25] } 9. O-O { [%eval -0.2] } 9... h5 { [%eval 0.1] } 10. h3 { [%eval 0.0] } 10... h4? { [%eval 2.14] } 11. hxg4 { [%eval 2.15] } 11... hxg3? { [%eval 3.33] } 12. Nxg3 { [%eval 3.16] } 12... e4 { [%eval 3.64] } 13. dxe4 { [%eval 3.64] } 13... Bxg3 { [%eval 3.69] } 14. fxg3 { [%eval 3.62] } 14... Qxg3 { [%eval 3.61] } 15. Qf3 { [%eval 3.59] } 15... Qh2+ { [%eval 3.59] } 16. Kf2 { [%eval 3.6] } 16... O-O-O? { [%eval 4.84] } 17. Rh1 { [%eval 4.74] } 17... Qd6 { [%eval 4.78] } 18. Ke2?! { [%eval 3.81] } 18... dxe4?! { [%eval 4.34] } 19. Nxe4 { [%eval 4.38] } 19... Nxe4 { [%eval 4.23] } 20. Qxe4 { [%eval 4.03] } 20... Nc5?! { [%eval 4.83] } 21. Qf5+ { [%eval 4.64] } 21... Kb8?? { [%eval 17.2] } 22. Rad1 { [%eval 9.86] } 22... Qe7 { [%eval 9.46] } 23. Rxd8+?? { [%eval 5.96] } 23... Qxd8?? { [%eval 12.46] } 24. Qe5+ { [%eval 10.72] } 24... Ka8 { [%eval 18.65] } 25. Rxh8 { [%eval 17.87] } 25... Qxh8 { [%eval 16.98] } 26. Qxc5 { [%eval 13.01] } 26... a6 { [%eval 53.99] } 27. Bxc6 { [%eval 19.95] } 27... Qh2+ { [%eval 16.94] } 28. Kd3 { [%eval 12.68] } 28... bxc6?! { [%eval #16] } 29. Qxc6+ { [%eval #15] } 29... Ka7 { [%eval #16] } 30. Bd4+ { [%eval 53.18] } 30... Kb8 { [%eval #22] } 31. Qb6+ { [%eval #21] } 31... Kc8 { [%eval #21] } 32. Qxa6+ { [%eval #29] } 32... Kd7 { [%eval #20] } 33. Qb7+ { [%eval #21] } 33... Qc7 { [%eval #21] } 34. Qxc7+ { [%eval 67.27] } 34... Kxc7 { [%eval 64.83] } 35. Bxg7 { [%eval 56.23] } 1-0,2827.0
 Bullet tournament ,penguingim1,Tayka,1-0,2016.07.13,21:14:52,2891,2535,4.0,-3.0,A00,Van't Kruijs Opening,30+0,Normal,1. e3 { [%eval 0.15] } 1... Nc6 { [%eval 0.31] } 2. d3 { [%eval -0.17] } 2... d5 { [%eval -0.1] } 3. Ne2 { [%eval -0.54] } 3... e5 { [%eval -0.48] } 4. Nd2 { [%eval -0.51] } 4... Bd6 { [%eval -0.41] } 5. b3 { [%eval -0.6] } 5... Nf6 { [%eval -0.54] } 6. Bb2 { [%eval -0.53] } 6... Be6 { [%eval -0.39] } 7. g3 { [%eval -0.43] } 7... Qd7 { [%eval -0.43] } 8. Bg2 { [%eval -0.54] } 8... Bh3 { [%eval -0.33] } 9. O-O?! { [%eval -1.15] } 9... Bxg2?! { [%eval -0.62] } 10. Kxg2 { [%eval -0.37] } 10... h5 { [%eval -0.48] } 11. h3 { [%eval -0.77] } 11... h4 { [%eval -0.65] } 12. Rh1?! { [%eval -1.29] } 12... hxg3 { [%eval -1.4] } 13. Nxg3 { [%eval -1.47] } 13... g6 { [%eval -1.16] } 14. Qe2 { [%eval -1.34] } 14... O-O-O { [%eval -1.31] } 15. c4 { [%eval -1.36] } 15... Nh5? { [%eval -0.25] } 16. cxd5 { [%eval -0.31] } 16... Ne7?! { [%eval 0.25] } 17. e4?? { [%eval -8.12] } 17... Nxg3?? { [%eval 0.9] } 18. fxg3 { [%eval 1.03] } 18... f5 { [%eval 1.51] } 19. Rac1 { [%eval 1.63] } 19... f4?! { [%eval 2.54] } 20. g4? { [%eval 0.9] } 20... g5 { [%eval 1.04] } 21. Nf3 { [%eval 1.08] } 21... Ng6 { [%eval 1.18] } 22. Qf2 { [%eval 0.73] } 22... Nh4+? { [%eval 1.98] } 23. Nxh4 { [%eval 1.75] } 23... Rxh4 { [%eval 1.97] } 24. Qf3? { [%eval 0.0] } 24... Rdh8 { [%eval 0.08] } 25. d4 { [%eval 0.06] } 25... exd4?! { [%eval 1.0] } 26. Bxd4 { [%eval 1.05] } 26... Re8 { [%eval 1.06] } 27. Rce1?! { [%eval 0.3] } 27... Be5 { [%eval 0.28] } 28. Bxe5 { [%eval 0.16] } 28... Re6?? { [%eval 11.67] } 29. Qc3?? { [%eval 6.31] } 29... Rxe5? { [%eval 8.32] } 30. Qxe5 { [%eval 7.56] } 30... Qf7? { [%eval 11.68] } 31. Qxg5 { [%eval 11.29] } 31... f3+ { [%eval 11.67] } 32. Kg3 { [%eval 11.31] } 32... Rh8 { [%eval 12.84] } 33. Qf5+ { [%eval 12.3] } 33... Qxf5 { [%eval 12.94] } 34. exf5 { [%eval 12.49] } 1-0,2713.0
 Bullet tournament ,penguingim1,bigidiot,1-0,2016.07.13,21:15:42,2895,2510,3.0,-3.0,A00,Van't Kruijs Opening,30+0,Normal,1. e3 { [%eval 0.1] } 1... c6 { [%eval 0.33] } 2. d3 { [%eval -0.03] } 2... d5 { [%eval 0.0] } 3. Ne2 { [%eval -0.48] } 3... Nf6 { [%eval -0.41] } 4. Nd2 { [%eval -0.53] } 4... Bg4 { [%eval -0.04] } 5. b3 { [%eval -0.18] } 5... Bh5 { [%eval -0.11] } 6. Bb2 { [%eval -0.12] } 6... Bg6 { [%eval 0.32] } 7. g3 { [%eval 0.07] } 7... Nbd7 { [%eval 0.04] } 8. Bg2 { [%eval -0.04] } 8... e6 { [%eval 0.44] } 9. O-O { [%eval 0.24] } 9... Bd6 { [%eval 0.45] } 10. Bxf6?! { [%eval -0.38] } 10... Qxf6 { [%eval -0.07] } 11. h3 { [%eval -0.48] } 11... Qe7 { [%eval -0.13] } 12. Nf3 { [%eval -0.56] } 12... O-O { [%eval -0.12] } 13. Nf4 { [%eval -0.17] } 13... Qd8 { [%eval 0.07] } 14. Nd2 { [%eval -0.17] } 14... Qc7 { [%eval 0.05] } 15. Qe2 { [%eval -0.3] } 15... e5 { [%eval 0.02] } 16. Nxg6 { [%eval 0.0] } 16... hxg6 { [%eval -0.1] } 17. f4? { [%eval -1.21] } 17... f6? { [%eval -0.12] } 18. Qf2 { [%eval -0.55] } 18... exf4 { [%eval -0.48] } 19. exf4 { [%eval -0.54] } 19... Bc5?! { [%eval 0.24] } 20. d4 { [%eval 0.12] } 20... Bd6?! { [%eval 0.79] } 21. c3?! { [%eval -0.15] } 21... Rad8 { [%eval 0.22] } 22. Nf3?! { [%eval -0.5] } 22... Rde8?! { [%eval 0.19] } 23. Nh4 { [%eval 0.31] } 23... Kf7?! { [%eval 1.24] } 24. Qd2?! { [%eval 0.36] } 24... Re7?! { [%eval 1.2] } 25. Qd3 { [%eval 0.79] } 25... f5 { [%eval 0.9] } 26. g4? { [%eval -0.93] } 26... Re4? { [%eval 1.17] } 27. gxf5?! { [%eval 0.58] } 27... gxf5?! { [%eval 1.2] } 28. Nxf5 { [%eval 1.06] } 28... Rxd4?? { [%eval 5.65] } 29. Qxd4?? { [%eval -2.13] } 29... Nf6?? { [%eval 6.26] } 30. Qd3? { [%eval 4.83] } 30... Re8?! { [%eval 5.6] } 31. Rae1? { [%eval 4.16] } 31... Re4?? { [%eval 11.34] } 32. Bxe4 { [%eval 10.98] } 32... dxe4 { [%eval 15.11] } 33. Qc4+?! { [%eval 9.27] } 33... Kg6 { [%eval 9.53] } 34. Nd4? { [%eval 8.48] } 34... Bxf4? { [%eval 10.04] } 35. Qe6? { [%eval 8.05] } 35... Bh2+? { [%eval 13.05] } 36. Kh1 { [%eval 12.27] } 36... Qg3?! { [%eval #7] } 37. Rxe4?! { [%eval 13.3] } 37... Qxh3?! { [%eval #6] } 38. Qxh3 { [%eval #5] } 38... Nxe4 { [%eval #5] } 39. Qf5+?! { [%eval #5] } 39... Kh6 { [%eval #5] } 40. Qxe4 { [%eval #4] } 40... g6 { [%eval #3] } 41. Qh4+ { [%eval #2] } 41... Kg7 { [%eval #2] } 42. Ne6+ { [%eval #1] } 1-0,2702.5
 Bullet tournament ,Tayka,penguingim1,0-1,2016.07.13,21:16:52,2536,2898,-3.0,4.0,B00,"Nimzowitsch Defense: Kennedy Variation, Linksspringer Variation",30+0,Normal,1. e4 e5 2. d4 Nc6 3. d5 Nce7 4. f4 d6 5. f5 g6 6. Nf3 gxf5 7. Nc3 fxe4 8. Nxe4 f5 9. Ng3 Nf6 10. Bg5 Bg7 11. Bxf6 Bxf6 12. Nh5 Kf7 13. Nxf6 Kxf6 14. Qd2 f4 15. O-O-O Bf5 16. Bd3 Qd7 17. g4 Bxg4 18. Rdf1 Nf5 19. h3 Bxf3 20. Rxf3 Rhg8 21. Rhf1 Raf8 22. Rxf4 exf4 23. Bxf5 Qxf5 24. b4 Kg7 25. Qc3+ Qf6 26. Rg1+ Kh8 27. Rxg8+ Kxg8 28. Qf3 Qa1+ 29. Kd2 Qd4+ 30. Kc1 Qxb4 31. Qg4+ Kh8 32. Qf3 Qe1+ 33. Kb2 Qe5+ 34. c3 Qe3 35. Qg4 f3 36. Qd7 f2 37. Qe7 f1=Q 38. Qxf8+ Qxf8 39. Kb3 Qff2 40. Ka4 Qc5 41. a3 Qc2# 0-1,2717.0
 Bullet tournament ,penguingim1,KyleKorver,1-0,2016.07.13,21:18:16,2902,2764,9.0,-9.0,A00,Van't Kruijs Opening,30+0,Normal,1. e3 { [%eval 0.22] } 1... c6 { [%eval 0.42] } 2. d3 { [%eval 0.07] } 2... d5 { [%eval 0.05] } 3. Ne2?! { [%eval -0.49] } 3... Nf6 { [%eval -0.39] } 4. Nd2 { [%eval -0.5] } 4... e5 { [%eval -0.5] } 5. b3 { [%eval -0.46] } 5... Bd6 { [%eval -0.48] } 6. Bb2 { [%eval -0.35] } 6... Qc7 { [%eval -0.33] } 7. h3 { [%eval -0.39] } 7... h5 { [%eval -0.01] } 8. g3 { [%eval -0.24] } 8... Be6 { [%eval -0.02] } 9. Bg2 { [%eval -0.02] } 9... Nbd7 { [%eval 0.0] } 10. c4 { [%eval -0.26] } 10... a5 { [%eval 0.12] } 11. Qc2 { [%eval -0.11] } 11... dxc4 { [%eval 0.2] } 12. Nxc4 { [%eval -0.05] } 12... Be7?! { [%eval 0.68] } 13. O-O-O? { [%eval -0.48] } 13... Nd5 { [%eval -0.31] } 14. a3?! { [%eval -1.09] } 14... a4? { [%eval -0.05] } 15. b4 { [%eval -0.36] } 15... Bxb4? { [%eval 1.05] } 16. axb4 { [%eval 1.1] } 16... Nxb4 { [%eval 1.15] } 17. Qd2 { [%eval 0.93] } 17... Nd5?! { [%eval 1.48] } 18. f4?! { [%eval 0.66] } 18... a3 { [%eval 1.02] } 19. Ba1? { [%eval -0.25] } 19... b5? { [%eval 1.67] } 20. Nxe5 { [%eval 1.36] } 20... Nxe5?! { [%eval 2.02] } 21. Bxe5 { [%eval 1.61] } 21... Qa7?! { [%eval 2.27] } 22. Kb1 { [%eval 1.83] } 22... Nxe3?? { [%eval 6.04] } 23. Bd4? { [%eval 3.99] } 23... Nxg2?? { [%eval 7.73] } 24. Bxa7 { [%eval 7.8] } 24... Rxa7 { [%eval 7.6] } 25. Nd4 { [%eval 7.68] } 25... Bd5 { [%eval 7.53] } 26. Rhg1 { [%eval 6.62] } 26... Kd8?? { [%eval 10.12] } 27. Rxg2 { [%eval 9.74] } 27... Bxg2 { [%eval 15.29] } 28. Qxg2 { [%eval 12.54] } 28... a2+ { [%eval 15.58] } 29. Ka1 { [%eval 13.65] } 29... Re8?! { [%eval #8] } 30. Nxc6+ { [%eval #7] } 30... Kc7 { [%eval #10] } 31. Nxa7 { [%eval 21.19] } 31... Kb6?! { [%eval #6] } 1-0,2833.0
 Bullet tournament ,KyleKorver,penguingim1,0-1,2016.07.13,21:20:20,2755,2912,-8.0,9.0,A40,"Englund Gambit Declined, Reversed Krebs",30+0,Normal,1. d4 { [%eval 0.18] } 1... e5?! { [%eval 0.81] } 2. Nf3?! { [%eval 0.0] } 2... e4 { [%eval 0.0] } 3. Nfd2 { [%eval -0.01] } 3... f5 { [%eval 0.07] } 4. e3 { [%eval -0.05] } 4... Nf6 { [%eval 0.04] } 5. c4 { [%eval 0.05] } 5... d5 { [%eval 0.32] } 6. Nc3 { [%eval -0.11] } 6... c6 { [%eval -0.11] } 7. Qb3 { [%eval -0.06] } 7... a6 { [%eval -0.04] } 8. a4 { [%eval -0.08] } 8... g5 { [%eval 0.29] } 9. a5 { [%eval 0.26] } 9... Be7 { [%eval 0.15] } 10. cxd5?! { [%eval -0.53] } 10... cxd5 { [%eval -0.5] } 11. f3 { [%eval -0.66] } 11... Nc6 { [%eval -0.79] } 12. fxe4 { [%eval -0.85] } 12... fxe4 { [%eval -0.83] } 13. Be2 { [%eval -0.47] } 13... Qd6? { [%eval 0.57] } 14. O-O { [%eval 0.52] } 14... Rb8?! { [%eval 1.49] } 15. Na4? { [%eval -0.94] } 15... O-O { [%eval -0.96] } 16. Nb6 { [%eval -1.26] } 16... Be6 { [%eval -1.01] } 17. h3?? { [%eval -4.81] } 17... Kg7? { [%eval -2.56] } 18. Rf2 { [%eval -2.9] } 18... h5 { [%eval -2.4] } 19. Nf1 { [%eval -2.57] } 19... g4 { [%eval -2.77] } 20. Bd2 { [%eval -3.05] } 20... gxh3 { [%eval -2.99] } 21. gxh3? { [%eval -4.27] } 21... Bxh3 { [%eval -4.11] } 22. Kh1?? { [%eval -7.91] } 22... Ng4 { [%eval -7.64] } 23. Bxg4? { [%eval -8.74] } 23... hxg4 { [%eval -8.19] } 24. Nh2? { [%eval #-3] } 24... Rxf2 { [%eval #-2] } 25. Rg1 { [%eval #-1] } 25... Qxh2# 0-1,2833.5
 Bullet tournament ,gnejs,AMADAN,1-0,2016.07.13,21:21:09,2723,2652,11.0,-11.0,A49,East Indian Defense,30+0,Normal,1. Nf3 Nf6 2. d4 g6 3. h3 Bg7 4. g4 d6 5. g5 O-O 6. gxf6 Bxf6 7. Bg2 Bg7 8. O-O c5 9. e4 cxd4 10. Nxd4 Nc6 11. Nf3 Be6 12. Nc3 Qd7 13. Ng5 Rad8 14. Nd5 f5 15. Nxe6 Qxe6 16. Nf4 Qd7 17. Qd5+ Kh8 18. Ne6 fxe4 19. Nxf8 Rxf8 20. Qxe4 e5 21. c3 Ne7 22. Bg5 d5 23. Qg4 Nf5 24. Rad1 h5 25. Qf3 d4 26. cxd4 exd4 27. Qe4 Re8 28. Qd3 Qd5 29. Rfe1 Qd7 30. Rxe8+ Qxe8 31. Re1 Qf8 32. Be4 Qg8 33. Bxf5 Qf8 34. Bxg6 Bf6 35. Re8 Qxe8 36. Bxe8 Bxg5 37. Qg6 1-0,2687.5
 Bullet tournament ,AMADAN,gnejs,0-1,2016.07.13,21:23:29,2636,2747,-9.0,9.0,B01,Scandinavian Defense: Modern Variation #2,30+0,Normal,1. e4 d5 2. exd5 Nf6 3. Nf3 e6 4. d4 Nxd5 5. c4 Bb4+ 6. Nc3 Nxc3 7. bxc3 Bxc3+ 8. Bd2 Bxa1 9. Qxa1 O-O 10. Bd3 b6 11. Be4 c6 12. Qb1 f5 13. Bd3 Bb7 14. O-O c5 15. Re1 Bxf3 16. gxf3 cxd4 17. Rxe6 Nd7 18. Bxf5 Nc5 19. Bxh7+ Kh8 20. Re5 d3 21. Rh5 g6 22. Bxg6+ Kg7 23. Be4 Nxe4 24. fxe4 Rf6 25. Kh1 Rg6 26. f4 Qd4 27. Qe1 Re8 28. e5 Qxc4 29. Be3 Qe4# 0-1,2691.5
 Bullet tournament ,Tayka,penguingim1,0-1,2016.07.13,21:23:44,2547,2922,-3.0,4.0,A06,Zukertort Opening: Tennison Gambit,30+0,Normal,1. e4 d5 2. Nf3 dxe4 3. Ng5 Nf6 4. Nc3 Bf5 5. Bc4 e6 6. d3 exd3 7. O-O dxc2 8. Qf3 Nc6 9. Bb5 Qd7 10. Bf4 Bd6 11. Bxd6 cxd6 12. Rfe1 O-O 13. Bd3 Nd4 14. Qe3 e5 15. Bxf5 Qxf5 16. Nge4 Nxe4 17. Nxe4 Rfd8 18. Rac1 Rac8 19. Nc3 h6 20. Nd5 Qe6 21. Nc3 b5 22. Qd3 b4 23. Ne4 Qxa2 24. Qf3 Qe6 25. Qg3 b3 26. Nc3 Qg6 27. Qe3 Rc7 28. f4 Rdc8 29. f5 Qxf5 30. Rf1 Qe6 31. Qe4 Rxc3 32. bxc3 Rxc3 33. Qa8+ Rc8 34. Qe4 b2 35. Rce1 c1=Q 36. Rxc1 bxc1=Q 37. Rxc1 Rxc1+ 38. Kf2 Qf6+ 39. Kg3 Qg5+ 40. Kh3 Rc3+ 41. g3 Qh5+ 42. Kg2 Rc2+ 43. Qxc2 Qd1 44. g4 Qxc2+ 45. Kg3 Qd3+ 46. Kh4 Nf3+ 47. Kh5 Qg6# 0-1,2734.5
 Bullet tournament ,KyleKorver,AMADAN,1-0,2016.07.13,21:25:58,2744,2630,10.0,-9.0,E65,"King's Indian Defense: Fianchetto Variation, Yugoslav Variation",30+0,Normal,1. d4 Nf6 2. Nf3 g6 3. g3 Bg7 4. Bg2 O-O 5. O-O d6 6. c4 c5 7. Nc3 cxd4 8. Nxd4 e5 9. b3 exd4 10. Qxd4 Re8 11. Bb2 Ne4 12. Qxg7+ Kxg7 13. Nxe4+ Kh6 14. Nf6 Re6 15. Ng4+ Kh5 16. Bf3 f5 17. Ne5+ Kh6 18. Nf7# 1-0,2687.0
 Bullet tournament ,penguingim1,LordBendtner99,0-1,2016.07.13,21:27:30,2904,2489,-29.0,23.0,A00,Van't Kruijs Opening,30+0,Normal,1. e3 g6 2. d3 Bg7 3. Ne2 f5 4. Nd2 Nf6 5. b3 O-O 6. Bb2 d6 7. Bxf6 e5 8. Bxg7 Kxg7 9. h4 h6 10. h5 g5 11. g3 f4 12. exf4 exf4 13. gxf4 Nc6 14. Ne4 d5 15. fxg5 dxe4 16. gxh6+ Kxh6 17. Qd2+ Kh7 18. dxe4 Qf6 19. O-O-O Qa1# 0-1,2696.5
 Bullet tournament ,penguingim1,KyleKorver,1-0,2016.07.13,21:27:59,2875,2757,11.0,-10.0,A00,Van't Kruijs Opening,30+0,Normal,1. e3 d5 2. d3 c6 3. Ne2 Nf6 4. Nd2 e6 5. b3 Qc7 6. Bb2 Nbd7 7. Bxf6 Bd6 8. Bxg7 Rg8 9. Bb2 a5 10. Ng3 a4 11. Qh5 a3 12. Bc3 Nf8 13. Nf3 e5 14. e4 d4 15. Bd2 Be6 16. Nf5 O-O-O 17. Nxd6+ Qxd6 18. Qxe5 Qe7 19. Qa5 Nd7 20. Bf4 Nc5 21. b4 Na6 22. b5 Qc5 23. Rb1 Bxa2 24. Ra1 Nb4 25. Qa8+ Kd7 26. Qxb7+ Ke6 27. Ng5+ Rxg5 28. Bxg5 Qc3+ 29. Ke2 Qxc2+ 30. Kf3 Rd6 31. Qe7# 1-0,2816.0
 Bullet tournament ,penguingim1,gnejs,1-0,2016.07.13,21:29:04,2886,2777,10.0,-9.0,A00,Van't Kruijs Opening,30+0,Normal,1. e3 h5 2. d3 h4 3. Ne2 e5 4. b3 e4 5. Bb2 exd3 6. Qxd3 h3 7. Nbc3 hxg2 8. Bxg2 Nf6 9. Nf4 Nc6 10. Ncd5 d6 11. Nxf6+ gxf6 12. Nd5 Ne5 13. Qe4 Rg8 14. f4 f5 15. Qd4 Qh4+ 16. Kd1 Ng4 17. Nxc7+ Kd7 18. Nxa8 Nf2+ 19. Kc1 Rxg2 20. Re1 Ne4 21. Rd1 Bg7 22. Qc4 Qxh2 23. Qxf7+ Kc6 24. Qc7+ Kb5 25. a4+ Kb4 26. Qc4+ Ka5 27. b4# 1-0,2831.5
 Bullet tournament ,gnejs,avalongamemaster,0-1,2016.07.13,21:31:08,2775,2544,-20.0,27.0,A04,Zukertort Opening: Slav Invitation,30+0,Normal,1. Nf3 c6 2. h4 g6 3. h5 Nf6 4. h6 d6 5. d4 e5 6. Nc3 e4 7. Ng5 d5 8. Bf4 Be7 9. e3 O-O 10. Qd2 Nbd7 11. f3 Nb6 12. fxe4 Nxe4 13. Ngxe4 dxe4 14. Nxe4 Re8 15. Nf2 Nd5 16. O-O-O Nxf4 17. exf4 Bf6 18. g3 Be6 19. Kb1 Qd5 20. Bc4 Qxc4 21. Ne4 Qxa2+ 22. Kc1 Qa1# 0-1,2659.5
 Bullet tournament ,KyleKorver,penguingim1,0-1,2016.07.13,21:31:29,2758,2898,-8.0,10.0,A44,Old Benoni Defense,30+0,Normal,1. d4 c5 2. d5 e5 3. c4 d6 4. Nc3 Be7 5. e4 f5 6. h4 f4 7. g3 fxg3 8. fxg3 Nf6 9. Nf3 Bg4 10. Be2 Nh5 11. Rg1 O-O 12. Be3 Nd7 13. Qd2 Bxf3 14. Bxf3 Rxf3 15. Qe2 Qf8 16. O-O-O Nxg3 17. Qd3 Bxh4 18. Kb1 Bg5 19. Rde1 Bxe3 20. Rxe3 Rxe3 21. Qxe3 Nh5 22. Qg5 Nf4 23. Qg4 Nf6 24. Qf5 Qf7 25. Nb5 Rd8 26. Nxa7 g6 27. Qg5 Rf8 28. Nb5 Nxe4 29. Qg4 Qf5 30. Qd1 Nc3+ 31. Kc1 Nxd1 32. Rxd1 Ne2+ 33. Kd2 Qe4 34. Nc3 Nxc3 35. Kxc3 Rf3+ 36. Rd3 Qxd3# 0-1,2828.0
 Bullet tournament ,KyleKorver,avalongamemaster,0-1,2016.07.13,21:34:05,2751,2581,-20.0,24.0,A49,Indian Game: Przepiorka Variation,30+0,Normal,1. d4 Nf6 2. Nf3 g6 3. g3 Bg7 4. Bg2 O-O 5. Kf1 d6 6. Nc3 Nc6 7. Be3 e5 8. h3 e4 9. Nd2 d5 10. Nb5 Re8 11. c4 dxc4 12. Nxc4 Nd5 13. Nc3 Nxc3 14. bxc3 Be6 15. Nd2 f5 16. Kg1 b6 17. Kh2 Ne7 18. Qc2 Qd7 19. c4 Bxd4 20. Bxd4 Qxd4 21. Rad1 Qxf2 22. Rhf1 Qc5 23. Nb3 Qe5 24. e3 Rad8 25. Nd4 c5 26. Nc6 Nxc6 27. Rc1 Nb4 28. Qf2 Nd3 29. Qc2 Nxc1 30. Qxc1 Rd3 31. Qa3 Rxa3 0-1,2666.0
 Bullet tournament ,penguingim1,gnejs,1-0,2016.07.13,21:34:05,2908,2761,9.0,-8.0,A00,Van't Kruijs Opening,30+0,Normal,1. e3 h5 2. h4 e5 3. g3 d5 4. Bg2 Nf6 5. d3 c6 6. Ne2 Bg4 7. b3 Qc8 8. Bb2 Na6 9. Bxe5 Bb4+ 10. c3 Be7 11. Nd2 Nc7 12. c4 Be6 13. Bb2 Bb4 14. Qc2 Be7 15. Nf4 Qd7 16. Nxe6 Nxe6 17. O-O-O O-O-O 18. Kb1 Kb8 19. Nf3 Ka8 20. Ne5 Qe8 21. a3 Bd6 22. b4 Qe7 23. f4 g6 24. Ka2 Ng7 25. Qb3 Nf5 26. Rhe1 Nxg3 27. b5 cxb5 28. Qxb5 Rhe8 29. cxd5 Nf5 30. e4 Nxh4 31. Bh1 Rc8 32. Nc4 Bxf4 33. e5 Ng4 34. d6 Rc5 35. Qxc5 Qd7 36. Qb4 Rc8 37. Na5 Nf2 38. Bxb7+ Qxb7 39. Qxb7# 1-0,2834.5
 Bullet tournament ,gnejs,penguingim1,1-0,2016.07.13,21:36:44,2761,2910,17.0,-20.0,A00,Kadas Opening,30+0,Normal,1. h4?! { [%eval -0.47] } 1... d5 { [%eval -0.25] } 2. h5?! { [%eval -0.75] } 2... Bg4 { [%eval -0.29] } 3. d4 { [%eval -0.41] } 3... Nf6 { [%eval -0.36] } 4. h6 { [%eval -0.51] } 4... g6 { [%eval -0.28] } 5. f3 { [%eval -0.12] } 5... Bf5 { [%eval 0.35] } 6. c4?! { [%eval -0.58] } 6... dxc4? { [%eval 1.07] } 7. Nc3?! { [%eval 0.08] } 7... b5? { [%eval 1.12] } 8. e4 { [%eval 0.92] } 8... Bd7 { [%eval 0.85] } 9. a3? { [%eval -0.27] } 9... c6?! { [%eval 0.4] } 10. Bg5 { [%eval 0.44] } 10... e6? { [%eval 2.3] } 11. Nge2? { [%eval -0.1] } 11... Be7 { [%eval -0.12] } 12. e5 { [%eval -0.41] } 12... Nd5 { [%eval -0.33] } 13. Bxe7 { [%eval -0.31] } 13... Qxe7 { [%eval -0.24] } 14. Ne4 { [%eval -0.25] } 14... O-O { [%eval -0.3] } 15. Nd6? { [%eval -1.34] } 15... Na6 { [%eval -0.86] } 16. Nc3 { [%eval -0.93] } 16... f6 { [%eval -0.77] } 17. Nce4 { [%eval -0.87] } 17... fxe5 { [%eval -0.78] } 18. dxe5 { [%eval -0.69] } 18... Nac7? { [%eval 0.31] } 19. Qd2 { [%eval -0.09] } 19... Ne8 { [%eval -0.24] } 20. O-O-O { [%eval -0.6] } 20... Nxd6 { [%eval -0.62] } 21. exd6 { [%eval -0.7] } 21... Qf7 { [%eval -0.9] } 22. Nc5 { [%eval -1.07] } 22... e5 { [%eval -0.99] } 23. Re1 { [%eval -1.15] } 23... Bf5? { [%eval 0.18] } 24. Rxe5? { [%eval -1.06] } 24... Rfe8? { [%eval 0.0] } 25. f4 { [%eval -0.43] } 25... Rxe5? { [%eval 1.77] } 26. fxe5 { [%eval 1.83] } 26... Re8 { [%eval 1.91] } 27. Qd4 { [%eval 1.73] } 27... a5? { [%eval 3.16] } 28. b3? { [%eval 1.38] } 28... cxb3 { [%eval 1.29] } 29. Kb2?! { [%eval 0.73] } 29... Nb6 { [%eval 0.17] } 30. a4 { [%eval -0.08] } 30... Be6? { [%eval 2.31] } 31. axb5 { [%eval 1.09] } 31... a4? { [%eval 3.59] } 32. bxc6?! { [%eval 2.63] } 32... a3+ { [%eval 3.07] } 33. Kxa3 { [%eval 3.17] } 33... Ra8+ { [%eval 2.69] } 34. Kb2? { [%eval 0.0] } 34... Ra2+?? { [%eval 6.72] } 35. Kb1 { [%eval 6.65] } 35... Qf5+?? { [%eval 13.14] } 36. Bd3 { [%eval 12.22] } 36... Qg5 { [%eval 30.95] } 37. Rf1 { [%eval 14.06] } 37... b2?! { [%eval #8] } 38. Nxe6 { [%eval #9] } 38... Ra1+ { [%eval #7] } 39. Kxb2 { [%eval #6] } 39... Qd2+ { [%eval #6] } 40. Kxa1 { [%eval #5] } 40... Qa5+ { [%eval #5] } 41. Kb2?! { [%eval #5] } 41... Na4+ { [%eval #5] } 42. Kc1 { [%eval #4] } 42... Nc3 { [%eval #1] } 43. Rf8# 1-0,2835.5
 Bullet tournament ,LordBendtner99,penguingim1,0-1,2016.07.13,21:38:03,2481,2890,-2.0,2.0,A00,Hungarian Opening: Catalan Formation,30+0,Normal,1. g3 d5 2. Bg2 e6 3. f3 Nf6 4. Nh3 Be7 5. Nf2 O-O 6. Kf1 c5 7. d3 Nc6 8. e4 b6 9. e5 Nxe5 10. f4 Nc6 11. h3 Bb7 12. g4 e5 13. Kg1 exf4 14. Bxf4 Bd6 15. Bxd6 Qxd6 16. Nd2 Rfe8 17. Nf3 d4 18. Qd2 Nd5 19. Rf1 Ne3 20. Re1 Ne5 21. Ne4 Nxf3+ 22. Bxf3 Bxe4 23. dxe4 Qg3+ 24. Bg2 Rxe4 25. Re2 Rae8 26. Rh2 Rf4 27. Kh1 Nf1 28. Qe1 Qxh2# 0-1,2685.5
 Bullet tournament ,KyleKorver,gnejs,1-0,2016.07.13,21:39:13,2747,2782,15.0,-13.0,A40,Queen's Pawn,30+0,Normal,1. d4 h5 2. Nf3 h4 3. h3 c5 4. d5 Nf6 5. c4 e6 6. Nc3 exd5 7. cxd5 d6 8. Bg5 a6 9. Bxh4 Be7 10. Bg3 b5 11. e4 b4 12. e5 bxc3 13. exf6 cxb2 14. fxg7 bxa1=Q 15. Qxa1 Rg8 16. Bd3 Bf6 17. Qc1 Qa5+ 18. Kd1 Rxg7 19. Re1+ Kd7 20. Qf4 Be7 21. Rxe7+ Kxe7 22. Qxd6+ Ke8 23. Qe5+ Kf8 24. Qd6+ Kg8 25. Be5 Nd7 26. Bxg7 Kxg7 27. Ng5 Qa4+ 28. Bc2 Qh4 29. f4 Qg3 30. Qe7 Ne5 31. Qxe5+ Kh6 32. Qf6+ Kh5 33. Qxf7+ Kh4 34. Qh7# 1-0,2764.5
 Bullet tournament ,penguingim1,Micah_Smith,1-0,2016.07.13,21:40:15,2897,2430,2.0,-2.0,A00,Van't Kruijs Opening,30+0,Normal,1. e3 Nf6 2. Ne2 g6 3. d3 Bg7 4. b3 O-O 5. Bb2 d5 6. Bxf6 Bxf6 7. d4 e5 8. dxe5 Bxe5 9. Nbc3 c6 10. Qd2 Qf6 11. g3 b5 12. Rd1 b4 13. Na4 Nd7 14. Bg2 Nb6 15. Nc5 Bd6 16. Nd3 a5 17. O-O Ba6 18. Nd4 Rac8 19. Rfe1 Rfe8 20. Nf3 Nd7 21. Nf4 Ne5 22. h4 Nxf3+ 23. Bxf3 Bxf4 24. exf4 Re6 25. Bg4 Rxe1+ 26. Rxe1 Rd8 27. Qe3 h5 28. Bf3 d4 29. Qe7 Qxe7 30. Rxe7 d3 31. cxd3 Rxd3 32. Bxc6 Rd1+ 33. Kg2 Bf1+ 34. Kh2 Rd2 35. Kg1 Bd3 36. Bd5 Rxa2 37. Rxf7 Kh8 38. Re7 Rd2 39. Re8+ Kg7 40. Re7+ Kf6 41. Rf7# 1-0,2663.5
 Bullet tournament ,penguingim1,gnejs,0-1,2016.07.13,21:42:37,2900,2782,-19.0,17.0,A00,Van't Kruijs Opening,30+0,Normal,1. e3 e5 2. h4 Nf6 3. d3 d5 4. Ne2 e4 5. b3 Nc6 6. Bb2 exd3 7. cxd3 Bb4+ 8. Nd2 Be7 9. Ng3 d4 10. e4 Ng4 11. Be2 Nge5 12. f4 Ng6 13. h5 Nxf4 14. Nf3 Nxg2+ 15. Kf2 Ne3 16. Qd2 Ng4+ 17. Kg2 Be6 18. Nf5 Bxf5 19. exf5 Ne3+ 20. Kf2 Bg5 21. Rag1 Ng4+ 22. Rxg4 Bxd2 23. Nxd2 Qf6 24. Rf4 O-O-O 25. Ne4 Qe5 26. Rf3 Ne7 27. Bc1 Nd5 28. Ke1 g6 29. Bd2 gxf5 30. Ng3 Rhe8 31. Rxf5 Qxg3+ 32. Kd1 Nc3+ 33. Bxc3 dxc3 34. Rff1 Rxd3+ 35. Bxd3 Qxd3+ 36. Kc1 Qd2+ 37. Kb1 Qb2# 0-1,2841.0
 Bullet tournament ,AMADAN,gnejs,0-1,2016.07.13,21:43:45,2592,2799,-6.0,6.0,B01,Scandinavian Defense: Modern Variation #2,30+0,Normal,1. e4 d5 2. exd5 Nf6 3. Nf3 e6 4. c4 exd5 5. d4 Bb4+ 6. Nc3 Qe7+ 7. Be2 dxc4 8. O-O Bxc3 9. bxc3 Ne4 10. a4 Nxc3 11. Qc2 Nxe2+ 12. Kh1 Bg4 13. Re1 Bxf3 14. gxf3 O-O 15. Rxe2 Qh4 16. Qc3 Nc6 17. Be3 Rad8 18. Rg1 Ne7 19. Rg4 Qh5 20. Bg5 f6 21. Bf4 Ng6 22. Bxc7 Rd7 23. Bg3 Qd5 24. Rge4 f5 25. Re6 Qxd4 26. Qxd4 Rxd4 27. Be5 Rd1+ 28. Kg2 f4 29. Bc3 Nh4+ 30. Kh3 Nxf3 31. Re7 Ng5+ 32. Kg4 Nf7 33. Rxb7 Rg1+ 34. Kf3 Ng5# 0-1,2695.5
 Bullet tournament ,penguingim1,KyleKorver,0-1,2016.07.13,21:43:45,2881,2758,-19.0,18.0,A00,Van't Kruijs Opening,30+0,Normal,1. e3 { [%eval 0.12] } 1... c6 { [%eval 0.39] } 2. d3 { [%eval 0.11] } 2... d5 { [%eval 0.1] } 3. Be2 { [%eval 0.02] } 3... Nf6 { [%eval 0.15] } 4. Bf3?! { [%eval -0.6] } 4... e5 { [%eval -0.6] } 5. g3 { [%eval -0.87] } 5... Bd6 { [%eval -0.83] } 6. Bg2 { [%eval -0.87] } 6... Qe7 { [%eval -0.67] } 7. Ne2 { [%eval -0.74] } 7... Bg4 { [%eval -0.58] } 8. Nd2 { [%eval -0.58] } 8... h5 { [%eval -0.48] } 9. h3 { [%eval -0.44] } 9... Bxe2 { [%eval -0.21] } 10. Qxe2 { [%eval -0.1] } 10... Nbd7 { [%eval -0.1] } 11. b3 { [%eval -0.14] } 11... Bc7 { [%eval 0.12] } 12. Bb2 { [%eval -0.05] } 12... a5 { [%eval 0.07] } 13. O-O-O?! { [%eval -0.56] } 13... Qd6?! { [%eval 0.36] } 14. Kb1 { [%eval 0.05] } 14... a4 { [%eval 0.21] } 15. c4?! { [%eval -0.64] } 15... axb3 { [%eval -0.65] } 16. Nxb3 { [%eval -0.55] } 16... Qb4 { [%eval -0.5] } 17. Qc2 { [%eval -0.46] } 17... Qa4 { [%eval -0.46] } 18. Ba1 { [%eval -0.8] } 18... Bd6 { [%eval -0.74] } 19. f4 { [%eval -0.98] } 19... dxc4? { [%eval 0.1] } 20. dxc4 { [%eval 0.08] } 20... Bc7 { [%eval -0.14] } 21. Rd2 { [%eval -0.23] } 21... exf4?! { [%eval 0.5] } 22. exf4?! { [%eval -0.12] } 22... O-O { [%eval 0.0] } 23. Rhd1 { [%eval 0.0] } 23... Nb6 { [%eval 0.0] } 24. g4?? { [%eval -5.64] } 24... Nxc4 { [%eval -5.39] } 25. Qc3? { [%eval -7.62] } 25... Nxd2+? { [%eval -5.79] } 26. Rxd2 { [%eval -5.7] } 26... Rad8? { [%eval -4.35] } 27. Rf2? { [%eval -5.68] } 27... Rfe8 { [%eval -5.2] } 28. g5? { [%eval -8.04] } 28... Rd1+ { [%eval -7.82] } 29. Kc2? { [%eval -12.74] } 29... Qxa2+? { [%eval -7.84] } 30. Bb2? { [%eval #-1] } 30... Qb1# 0-1,2819.5
 Bullet tournament ,gnejs,avalongamemaster,1-0,2016.07.13,21:44:59,2805,2624,6.0,-8.0,A00,Kadas Opening,30+0,Normal,1. h4 c6 2. h5 d5 3. h6 e5 4. c4 Nxh6 5. cxd5 cxd5 6. d4 Nf5 7. dxe5 Nc6 8. Nf3 Bc5 9. e3 Be6 10. Bd3 Rc8 11. g4 Nfe7 12. Ng5 Nxe5 13. Nxe6 fxe6 14. Nc3 N7g6 15. f4 Nxd3+ 16. Qxd3 O-O 17. Bd2 d4 18. exd4 Bxd4 19. O-O-O Bxc3 20. Bxc3 Qxd3 21. Rxd3 Nxf4 22. Rd7 Ne2+ 23. Kd2 Nxc3 24. bxc3 Rf7 25. Rxf7 Kxf7 26. Rf1+ Kg6 27. Re1 Rd8+ 28. Kc2 Rd6 29. Re4 Rc6 30. Rb4 h6 31. a4 Ra6 32. a5 Rxa5 33. Rxb7 Rg5 34. Rxa7 Rxg4 35. Ra6 h5 36. Rxe6+ Kf5 37. Re2 g5 38. Kd3 Rf4 39. c4 h4 40. c5 h3 41. c6 g4 42. c7 Rf3+ 43. Kd4 Kf4 44. c8=Q Kg3 45. Qc7+ Rf4+ 46. Ke3 h2 47. Qxf4+ Kh4 48. Rxh2# 1-0,2714.5
 Bullet tournament ,gnejs,AMADAN,1-0,2016.07.13,21:46:09,2811,2567,5.0,-5.0,A06,Reti Opening,30+0,Normal,1. Nf3 d5 2. h4 c6 3. h5 e5 4. c4 e4 5. Nd4 dxc4 6. Nc2 c5 7. Nc3 f5 8. e3 Nf6 9. Bxc4 Nc6 10. d3 Ne5 11. Bb5+ Bd7 12. Bxd7+ Qxd7 13. dxe4 Qxd1+ 14. Kxd1 fxe4 15. Ke2 O-O-O 16. Rh4 Be7 17. Nxe4 Nxe4 18. Rxe4 Bf6 19. Bd2 Nc6 20. Bc3 Rhe8 21. Rxe8 Rxe8 22. Bxf6 gxf6 23. Rh1 Nd4+ 24. Nxd4 cxd4 25. Rh4 dxe3 26. fxe3 Re4 27. Rxe4 1-0,2689.0
 Bullet tournament ,penguingim1,gnejs,1-0,2016.07.13,21:46:59,2867,2816,12.0,-10.0,A41,Rat Defense: English Rat,30+0,Normal,1. d4 e5 2. c4 d6 3. Nf3 e4 4. Ng5 f5 5. g3 Nf6 6. Bg2 h6 7. Nh3 Be7 8. O-O O-O 9. Nc3 g5 10. f3 exf3 11. exf3 Nc6 12. Nf2 d5 13. f4 g4 14. cxd5 Nb4 15. Qb3 Bd6 16. a3 Na6 17. Re1 Kg7 18. Re5 h5 19. Be3 h4 20. Nd3 Nh5 21. Kf2 Qf6 22. Re1 Bd7 23. Bd2 Rab8 24. Be3 Qh6 25. Nc5 h3 26. Bh1 Nxc5 27. dxc5 Bxe5 28. fxe5 f4 29. Bd4 fxg3+ 30. Ke2 gxh2 31. e6+ Kh7 32. Ne4 Nf4+ 33. Kd1 Be8 34. Qc3 g3 35. Nf6+ Rxf6 36. Bxf6 Bh5+ 37. Kc1 g2 38. Qc2+ Bg6 39. e7 Ne2+ 40. Kb1 Bxc2+ 41. Kxc2 Nd4+ 42. Kc3 gxh1=Q 43. Bxd4 Qd2+ 44. Kc4 Qf3 45. Re3 Qd3+ 46. Kxd3 Qxd5 47. e8=Q Qf5+ 48. Qe4 Re8 49. Qxf5+ Kh6 50. Rg3 h1=Q 51. Qg6# 1-0,2841.5
 Bullet tournament ,AstanehChess,gnejs,1/2-1/2,2016.07.13,21:49:33,2599,2809,8.0,-6.0,A04,Zukertort Opening: Ross Gambit,30+0,Normal,1. Nf3 e5 2. d3 e4 3. dxe4 Nc6 4. e3 Nf6 5. Nc3 Bb4 6. Bd3 d5 7. exd5 Nxd5 8. Bd2 Nf6 9. O-O Bg4 10. h3 Bh5 11. e4 Bd6 12. e5 Nxe5 13. Re1 Bxf3 14. Qxf3 O-O 15. Qe2 Re8 16. Bg5 h6 17. Bh4 g5 18. Bg3 Qd7 19. Ne4 Nh7 20. Qh5 f5 21. Nxd6 cxd6 22. Rad1 f4 23. Bxf4 gxf4 24. Bf5 Qf7 25. Bxh7+ Qxh7 26. Rxd6 Nf3+ 27. gxf3 Rxe1+ 28. Kg2 Qg7+ 29. Rg6 Rf8 30. Qxh6 Qxg6+ 31. Qxg6+ Kh8 32. Qh6+ Kg8 33. Qg6+ Kh8 34. Qh6+ Kg8 35. Qg6+ 1/2-1/2,2704.0
 Bullet tournament ,penguingim1,KyleKorver,1-0,2016.07.13,21:51:17,2859,2768,11.0,-10.0,A00,Van't Kruijs Opening,30+0,Normal,1. e3 b6 2. d3 Bb7 3. Ne2 Nf6 4. Nd2 d5 5. b3 e6 6. Bb2 Nbd7 7. g3 Bd6 8. Bg2 Qe7 9. O-O a5 10. h3 a4 11. f4 a3 12. Bc3 Bb4 13. g4 Bxc3 14. Nxc3 Qc5 15. Ne2 Qxe3+ 16. Kh2 h5 17. g5 Ng4+ 18. Kh1 Qg3 19. Nxg3 Ne3 20. Qe2 Nxf1 21. Rxf1 h4 22. Nf5 O-O-O 23. Nd4 Nc5 24. b4 Nd7 25. b5 Nc5 26. N2f3 Rde8 27. Ne5 f6 28. Nec6 e5 29. fxe5 fxe5 30. Qg4+ Nd7 31. Rf7 Bxc6 32. Nxc6 Kb7 33. Qxd7 e4 34. Qxc7+ 1-0,2813.5
 Bullet tournament ,penguingim1,Tayka,1-0,2016.07.13,21:52:20,2870,2453,2.0,-2.0,A00,Van't Kruijs Opening,30+0,Normal,1. e3 g6 2. d3 Bg7 3. Ne2 b6 4. Nd2 Bb7 5. Rb1 e6 6. b3 d6 7. Bb2 Nf6 8. e4 Nbd7 9. g3 O-O 10. Bg2 d5 11. Bxf6 dxe4 12. Bxd8 1-0,2661.5
 Blitz ,erindreki,hiimgosu,1-0,2016.07.13,21:52:17,2596,2777,15.0,-24.0,A46,Indian Game: London System,180+0,Normal,1. d4 { [%eval 0.15] } 1... Nf6 { [%eval 0.15] } 2. Nf3 { [%eval 0.15] } 2... e6 { [%eval 0.13] } 3. Bf4 { [%eval 0.1] } 3... d6 { [%eval 0.31] } 4. Nc3 { [%eval 0.3] } 4... Nh5 { [%eval 0.41] } 5. Bg5 { [%eval 0.22] } 5... Be7 { [%eval 0.27] } 6. Bxe7 { [%eval 0.33] } 6... Qxe7 { [%eval 0.31] } 7. e3 { [%eval 0.12] } 7... Nd7 { [%eval 0.28] } 8. Be2 { [%eval 0.2] } 8... Nhf6 { [%eval 0.24] } 9. Qd2 { [%eval 0.0] } 9... a6 { [%eval 0.28] } 10. O-O { [%eval 0.2] } 10... O-O { [%eval 0.32] } 11. Rad1 { [%eval -0.13] } 11... h6 { [%eval 0.29] } 12. e4 { [%eval 0.24] } 12... e5 { [%eval 0.3] } 13. dxe5 { [%eval 0.15] } 13... Nxe5 { [%eval 0.29] } 14. Nxe5 { [%eval 0.24] } 14... Qxe5 { [%eval 0.28] } 15. f4 { [%eval 0.22] } 15... Qc5+ { [%eval 0.27] } 16. Qd4 { [%eval 0.24] } 16... Qxd4+ { [%eval 0.27] } 17. Rxd4 { [%eval 0.27] } 17... Re8 { [%eval 0.34] } 18. Bf3 { [%eval 0.18] } 18... Rb8 { [%eval 0.29] } 19. a3 { [%eval 0.21] } 19... Kf8 { [%eval 0.34] } 20. Rfd1 { [%eval 0.12] } 20... Bg4 { [%eval 0.38] } 21. Kf2 { [%eval 0.26] } 21... Bxf3 { [%eval 0.24] } 22. Kxf3 { [%eval 0.33] } 22... Ng8?! { [%eval 1.08] } 23. Nd5 { [%eval 1.04] } 23... Rbc8 { [%eval 1.0] } 24. g4?! { [%eval 0.47] } 24... Ne7 { [%eval 0.51] } 25. Nc3 { [%eval 0.35] } 25... g5 { [%eval 0.36] } 26. Nd5 { [%eval 0.0] } 26... Ng6 { [%eval 0.0] } 27. f5 { [%eval 0.0] } 27... Ne5+ { [%eval 0.0] } 28. Kg3 { [%eval 0.0] } 28... Kg7 { [%eval 0.0] } 29. b3 { [%eval -0.23] } 29... Nc6 { [%eval 0.23] } 30. Rc4 { [%eval 0.15] } 30... Re5?! { [%eval 0.7] } 31. Nc3?! { [%eval -0.11] } 31... Rce8 { [%eval 0.25] } 32. b4 { [%eval 0.18] } 32... f6 { [%eval 0.15] } 33. a4 { [%eval 0.18] } 33... R8e7 { [%eval 0.43] } 34. b5 { [%eval 0.15] } 34... axb5 { [%eval 0.57] } 35. axb5 { [%eval 0.6] } 35... Na5?! { [%eval 1.25] } 36. Ra4 { [%eval 1.25] } 36... b6 { [%eval 1.13] } 37. Kf3? { [%eval -0.44] } 37... Nb7? { [%eval 1.67] } 38. Nd5 { [%eval 1.75] } 38... Rf7 { [%eval 1.71] } 39. Ra7 { [%eval 1.58] } 39... Nc5 { [%eval 1.51] } 40. Nxc7?! { [%eval 0.98] } 40... Nxe4? { [%eval 3.69] } 41. Ne6+ { [%eval 3.63] } 41... Kg8 { [%eval 3.51] } 42. Rxf7? { [%eval 1.5] } 42... Kxf7 { [%eval 1.58] } 43. c4 { [%eval 1.59] } 43... h5 { [%eval 1.56] } 44. h3 { [%eval 1.67] } 44... hxg4+ { [%eval 1.81] } 45. hxg4 { [%eval 1.81] } 45... Nc5?! { [%eval 2.43] } 46. Nc7? { [%eval 0.06] } 46... Re4 { [%eval 0.08] } 47. Rh1 { [%eval 0.0] } 47... Rf4+ { [%eval 0.0] } 48. Ke3 { [%eval 0.0] } 48... Rxg4 { [%eval -0.03] } 49. Rh7+?! { [%eval -0.53] } 49... Kg8 { [%eval -0.45] } 50. Re7 { [%eval -0.43] } 50... Rxc4 { [%eval -0.47] } 51. Nd5 { [%eval -0.39] } 51... Ra4 { [%eval -0.01] } 52. Nxf6+ { [%eval -0.01] } 52... Kf8 { [%eval -0.01] } 53. Rc7 { [%eval -0.09] } 53... g4 { [%eval 0.0] } 54. Nh7+ { [%eval 0.0] } 54... Ke8 { [%eval 0.0] } 55. f6 { [%eval 0.0] } 55... Kd8 { [%eval 0.07] } 56. Rg7 { [%eval 0.07] } 56... Re4+ { [%eval 0.07] } 57. Kf2 { [%eval 0.07] } 57... Rf4+ { [%eval 0.07] } 58. Kg3 { [%eval 0.07] } 58... Rf5 { [%eval 0.07] } 59. Kxg4 { [%eval 0.07] } 59... Re5?? { [%eval 6.26] } 60. f7?? { [%eval 0.48] } 60... Kd7?? { [%eval #2] } 61. f8=Q+ { [%eval #1] } 61... Ke6 { [%eval #1] } 62. Qf7# 1-0,2686.5
 Bullet tournament ,penguingim1,gnejs,1/2-1/2,2016.07.13,21:52:59,2872,2813,-2.0,2.0,E00,Amar Opening,30+0,Normal,1. Nh3?! { [%eval -0.39] } 1... d5 { [%eval -0.41] } 2. g3 { [%eval -0.58] } 2... Nf6 { [%eval -0.53] } 3. Bg2 { [%eval -0.53] } 3... e5 { [%eval -0.62] } 4. O-O { [%eval -0.75] } 4... e4? { [%eval 0.29] } 5. f4? { [%eval -1.17] } 5... Be7?! { [%eval -0.2] } 6. Nf2 { [%eval -0.16] } 6... Nc6 { [%eval -0.13] } 7. e3 { [%eval -0.1] } 7... h5 { [%eval -0.16] } 8. d3 { [%eval -0.06] } 8... h4 { [%eval 0.13] } 9. g4?! { [%eval -0.52] } 9... h3 { [%eval -0.42] } 10. Bxh3? { [%eval -2.34] } 10... exd3? { [%eval -0.81] } 11. cxd3? { [%eval -2.08] } 11... Rxh3 { [%eval -2.08] } 12. Nxh3 { [%eval -2.11] } 12... Bxg4 { [%eval -1.99] } 13. Rf3 { [%eval -2.01] } 13... d4? { [%eval -0.56] } 14. Nf2?! { [%eval -1.35] } 14... dxe3?! { [%eval -0.37] } 15. Nxg4 { [%eval -0.49] } 15... Nxg4 { [%eval -0.58] } 16. Rg3?! { [%eval -1.52] } 16... Nf6? { [%eval 0.87] } 17. Bxe3 { [%eval 0.79] } 17... Qd7 { [%eval 0.83] } 18. Nc3 { [%eval 0.75] } 18... O-O-O { [%eval 1.18] } 19. d4? { [%eval 0.11] } 19... Nb4?! { [%eval 1.03] } 20. Bf2?! { [%eval 0.27] } 20... Nbd5?! { [%eval 1.03] } 21. Qd2? { [%eval -0.53] } 21... Nxc3 { [%eval -0.54] } 22. bxc3 { [%eval -0.63] } 22... Ne4 { [%eval -0.57] } 23. Qd3 { [%eval -0.49] } 23... Nxg3 { [%eval -0.63] } 24. hxg3 { [%eval -0.52] } 24... f5 { [%eval -0.13] } 25. Re1 { [%eval -0.36] } 25... g6 { [%eval 0.03] } 26. c4 { [%eval 0.0] } 26... Rh8 { [%eval 0.0] } 27. d5 { [%eval 0.0] } 27... Bf6 { [%eval 0.11] } 28. Kg2 { [%eval -0.15] } 28... Qh7 { [%eval 0.0] } 29. Kf1 { [%eval -0.06] } 29... Qh3+ { [%eval 0.0] } 30. Ke2 { [%eval 0.0] } 30... Qg4+?! { [%eval 0.72] } 31. Kd2 { [%eval 0.77] } 31... Rh2? { [%eval 2.46] } 32. Re2 { [%eval 2.36] } 32... b6? { [%eval 4.71] } 33. Qe3? { [%eval 1.84] } 33... Kb7? { [%eval 4.65] } 34. Qe6?? { [%eval 0.0] } 34... Qf3 { [%eval 0.0] } 35. Qc6+ { [%eval 0.0] } 35... Ka6 { [%eval 0.0] } 36. Qa4+ { [%eval 0.0] } 36... Kb7 { [%eval 0.0] } 37. c5?? { [%eval #-9] } 37... Qxd5+?? { [%eval -4.13] } 38. Kc2? { [%eval -6.48] } 38... Rxf2 { [%eval -6.2] } 39. Rxf2? { [%eval -7.89] } 39... Qxc5+ { [%eval -7.53] } 40. Kb3? { [%eval #-1] } 40... Qxf2?! { [%eval #-6] } 41. Qc4 { [%eval #-6] } 41... Qc5?! { [%eval -11.91] } 42. Qd3 { [%eval -21.43] } 42... Kc6 { [%eval -11.93] } 43. Qf3+ { [%eval -65.12] } 43... Qd5+ { [%eval -56.31] } 44. Qxd5+ { [%eval -54.39] } 44... Kxd5 { [%eval -54.35] } 45. Kc2 { [%eval -50.34] } 45... c5 { [%eval -11.62] } 46. g4?! { [%eval #-15] } 46... c4 { [%eval -55.35] } 47. gxf5?! { [%eval #-14] } 47... b5 { [%eval #-18] } 48. fxg6 { [%eval #-17] } 48... b4 { [%eval #-17] } 49. Kb1 { [%eval #-19] } 49... Bg7 { [%eval #-17] } 50. a4 { [%eval #-11] } 50... a5 { [%eval #-10] } 51. Kc2 { [%eval #-10] } 51... b3+ { [%eval #-9] } 52. Kd2 { [%eval #-8] } 52... c3+ { [%eval #-7] } 53. Kd3 { [%eval #-7] } 53... c2 { [%eval #-6] } 54. Kd2 { [%eval #-6] } 54... c1=Q+ { [%eval #-9] } 55. Kxc1 { [%eval #-9] } 55... b2+ { [%eval #-8] } 56. Kb1 { [%eval #-8] } 56... Kc4 { [%eval #-9] } 57. f5 { [%eval #-6] } 57... Kb3?? { [%eval 0.0] } 58. f6 { [%eval 0.0] } 58... Bxf6 { [%eval 0.0] } 59. g7 { [%eval 0.0] } 59... Bxg7 { [%eval 0.0] } 1/2-1/2,2842.5
 Bullet tournament ,AstanehChess,KyleKorver,0-1,2016.07.13,21:54:49,2597,2763,-8.0,8.0,A04,Zukertort Opening: Slav Invitation,30+0,Normal,1. Nf3 c6 2. g3 d5 3. Bg2 Nf6 4. O-O h5 5. d4 h4 6. Nxh4 Bg4 7. Nf3 Qd7 8. Ne5 Qc8 9. Nxg4 Qxg4 10. h3 Qd7 11. f3 g6 12. g4 Bg7 13. Bf4 Na6 14. Bg3 c5 15. e3 cxd4 16. exd4 Nb4 17. c3 Nc6 18. Nd2 e6 19. Re1 O-O-O 20. f4 Ne8 21. Nf3 f5 22. Ne5 Nxe5 23. fxe5 Nc7 24. gxf5 gxf5 25. Bf4 Rdg8 26. Qf3 Bh6 27. Re2 Bxf4 28. Qxf4 Rh7 29. Kh2 Rhg7 30. Rf1 Ne8 31. Rf3 Kc7 32. Ref2 Qe7 33. Re3 Rg5 34. Qf3 Qg7 35. Qe2 Qh6 36. Ref3 Ng7 37. Re3 Nh5 38. Ref3 Ng3 39. Qe1 Ne4 40. Re2 Qg6 41. Rfe3 Rxg2+ 0-1,2680.0
 Bullet tournament ,KyleKorver,penguingim1,0-1,2016.07.13,21:55:57,2771,2871,-10.0,11.0,A44,Old Benoni Defense,30+0,Normal,1. d4 { [%eval 0.12] } 1... c5 { [%eval 0.42] } 2. d5 { [%eval 0.42] } 2... e5 { [%eval 0.71] } 3. c4 { [%eval 0.74] } 3... d6 { [%eval 0.78] } 4. Nc3 { [%eval 0.73] } 4... Be7 { [%eval 0.72] } 5. Nf3 { [%eval 0.57] } 5... f5 { [%eval 0.56] } 6. g3 { [%eval 0.14] } 6... Nf6 { [%eval 0.22] } 7. Bg2 { [%eval 0.14] } 7... O-O { [%eval 0.24] } 8. O-O { [%eval 0.18] } 8... Nbd7?! { [%eval 0.73] } 9. e4?! { [%eval 0.1] } 9... fxe4?! { [%eval 0.71] } 10. Ng5 { [%eval 0.55] } 10... Nb6 { [%eval 0.66] } 11. Qe2?! { [%eval 0.03] } 11... Bf5?! { [%eval 0.67] } 12. Ngxe4 { [%eval 0.66] } 12... Nxe4 { [%eval 0.55] } 13. Nxe4 { [%eval 0.75] } 13... Qd7 { [%eval 0.72] } 14. b3 { [%eval 0.72] } 14... Bg4 { [%eval 0.81] } 15. f3 { [%eval 0.84] } 15... Bh5 { [%eval 0.96] } 16. Be3 { [%eval 0.83] } 16... Nc8 { [%eval 1.12] } 17. Rae1 { [%eval 0.78] } 17... a6 { [%eval 0.85] } 18. Qd2 { [%eval 0.65] } 18... b5 { [%eval 0.7] } 19. f4 { [%eval 0.66] } 19... exf4 { [%eval 0.76] } 20. Bxf4 { [%eval 0.69] } 20... Nb6 { [%eval 0.93] } 21. Ng5 { [%eval 0.75] } 21... bxc4 { [%eval 0.81] } 22. Bh3 { [%eval 0.52] } 22... Qa7 { [%eval 0.67] } 23. Be6+?! { [%eval -0.16] } 23... Kh8 { [%eval -0.19] } 24. Qb2 { [%eval -0.56] } 24... Bf6?! { [%eval -0.04] } 25. Qc2?! { [%eval -0.65] } 25... Bg6 { [%eval -0.6] } 26. Bf5?? { [%eval -5.22] } 26... cxb3 { [%eval -5.09] } 27. axb3 { [%eval -5.43] } 27... Bxf5 { [%eval -5.07] } 28. Qxf5?? { [%eval -8.68] } 28... Bd4+ { [%eval -7.97] } 29. Kh1? { [%eval -15.01] } 29... Rxf5 { [%eval -14.52] } 30. Ne6 { [%eval -15.81] } 30... Bf6 { [%eval -13.5] } 31. Bxd6 { [%eval -18.79] } 31... Rxf1+ { [%eval -18.12] } 32. Rxf1 { [%eval -17.69] } 32... Qb7 { [%eval -16.74] } 33. Nf4 { [%eval -19.1] } 33... Nxd5 { [%eval -17.86] } 34. Kg1?! { [%eval #-6] } 34... Nxf4?! { [%eval -18.59] } 35. Bxf4?! { [%eval #-5] } 35... c4?! { [%eval -20.65] } 36. bxc4?! { [%eval #-5] } 36... a5?! { [%eval -20.15] } 37. Be3 { [%eval -22.1] } 37... a4 { [%eval -19.96] } 38. c5?! { [%eval #-12] } 38... a3 { [%eval -64.97] } 39. c6?! { [%eval #-11] } 39... Qxc6 { [%eval -112.57] } 0-1,2821.0
 Bullet tournament ,penguingim1,avalongamemaster,1-0,2016.07.13,21:57:04,2882,2692,7.0,-7.0,E81,"King's Indian Defense: Saemisch Variation, Bobotsov-Korchnoi-Petrosian Variation",30+0,Normal,1. d4 d6 2. c4 Nf6 3. Nc3 g6 4. e4 Bg7 5. Nge2 O-O 6. f3 Nc6 7. Be3 e5 8. d5 Ne7 9. Qd2 Nh5 10. g4 Nf6 11. Ng3 a5 12. h4 Nd7 13. h5 f6 14. Bh6 Rf7 15. hxg6 hxg6 16. Bxg7 Rxg7 17. Bd3 Kf7 18. Ke2 Nc5 19. Bc2 Bd7 20. Rh2 Ng8 21. Rah1 Qe7 22. a3 Rf8 23. b4 axb4 24. axb4 Na6 25. Nd1 Ke8 26. Ne3 Qd8 27. Bd3 Ne7 28. Qc3 Qa8 29. c5 Qa7 30. Ra1 dxc5 31. Bxa6 bxa6 32. bxc5 Kf7 33. c6 Bc8 34. Qc4 Ke8 35. Rhh1 Qd4 36. Qxd4 exd4 37. Nc2 f5 38. Nxd4 fxg4 39. Ke3 gxf3 40. Nxf3 Rgf7 41. Ne5 Rf4 42. Raf1 Nxd5+ 43. exd5 Rxf1 44. Rxf1 Rxf1 45. Nxf1 Ke7 46. Nxg6+ Kd6 47. Kd4 a5 48. Nd2 a4 49. Nc4# 1-0,2787.0
 Bullet tournament ,AMADAN,gnejs,0-1,2016.07.13,21:57:17,2536,2796,-5.0,5.0,B02,Alekhine Defense: Mokele Mbembe,30+0,Normal,1. e4 Nf6 2. e5 Ne4 3. c4 Nxf2 4. Kxf2 d6 5. d4 dxe5 6. Nf3 e4 7. Ne5 Nc6 8. Nxc6 bxc6 9. Nc3 e5 10. Be3 Rb8 11. g3 Rxb2+ 12. Be2 Qf6+ 13. Kg1 Bb4 14. Nxe4 Qg6 15. Bf3 f5 16. Nf2 f4 17. Bxc6+ Qxc6 18. d5 Qg6 19. Bxf4 exf4 20. Qc1 fxg3 21. Qxb2 gxf2+ 22. Kxf2 O-O+ 23. Ke2 Bc5 24. Raf1 Bg4+ 25. Kd2 Qg5+ 26. Kc2 Bf5+ 27. Kb3 Rb8+ 28. Kc3 Qf6+ 29. Kd2 Rxb2+ 30. Kd1 Qd4+ 0-1,2666.0
 Blitz ,hiimgosu,erindreki,1-0,2016.07.13,21:58:20,2753,2611,10.0,-6.0,A46,Indian Game: London System,180+0,Normal,1. d4 { [%eval 0.14] } 1... Nf6 { [%eval 0.15] } 2. Nf3 { [%eval 0.16] } 2... e6 { [%eval 0.14] } 3. Bf4 { [%eval 0.09] } 3... c5 { [%eval 0.14] } 4. e3 { [%eval 0.14] } 4... d5 { [%eval 0.2] } 5. c3 { [%eval 0.03] } 5... Nc6 { [%eval -0.03] } 6. Nbd2 { [%eval 0.0] } 6... cxd4 { [%eval 0.25] } 7. cxd4 { [%eval 0.03] } 7... Bd6 { [%eval 0.29] } 8. Bxd6 { [%eval 0.3] } 8... Qxd6 { [%eval 0.32] } 9. Bd3 { [%eval 0.26] } 9... a6 { [%eval 0.38] } 10. O-O { [%eval 0.32] } 10... b5 { [%eval 0.59] } 11. Rc1 { [%eval 0.56] } 11... Bb7 { [%eval 0.65] } 12. Nb3 { [%eval 0.77] } 12... Rd8?! { [%eval 1.74] } 13. Nc5 { [%eval 1.68] } 13... Bc8 { [%eval 1.64] } 14. a3?! { [%eval 0.77] } 14... O-O { [%eval 0.79] } 15. Qc2 { [%eval 0.6] } 15... Na5?! { [%eval 1.51] } 16. b3 { [%eval 1.31] } 16... Nb7 { [%eval 1.39] } 17. Ne5 { [%eval 1.34] } 17... Nxc5 { [%eval 1.26] } 18. Qxc5 { [%eval 1.24] } 18... Bb7? { [%eval 2.31] } 19. Qxd6 { [%eval 2.29] } 19... Rxd6 { [%eval 2.32] } 20. Rc7 { [%eval 2.3] } 20... Rb6 { [%eval 2.69] } 21. Rfc1 { [%eval 2.71] } 21... Ne8? { [%eval 3.73] } 22. Re7 { [%eval 3.64] } 22... Nf6 { [%eval 3.42] } 23. Rcc7 { [%eval 3.52] } 23... Bc8?! { [%eval 4.13] } 24. Nxf7 { [%eval 3.64] } 24... Ne8?? { [%eval 7.47] } 25. Rxc8 { [%eval 7.25] } 25... Rxf7? { [%eval #2] } 26. Rexe8+ { [%eval #1] } 1-0,2682.0
 Bullet tournament ,AstanehChess,KyleKorver,1-0,2016.07.13,22:00:22,2620,2753,18.0,-19.0,D12,"Slav Defense: Quiet Variation, Pin Defense",30+0,Normal,1. Nf3 c6 2. e3 d5 3. d4 Nf6 4. c4 Bg4 5. cxd5 cxd5 6. Be2 e6 7. O-O Nc6 8. Ne5 Bxe2 9. Qxe2 Nxe5 10. dxe5 Nd7 11. f4 Qb6 12. Nc3 Bc5 13. Kh1 O-O 14. e4 dxe4 15. Nxe4 Rad8 16. f5 exf5 17. Rxf5 Qe6 18. Ng3 Rfe8 19. Bg5 f6 20. exf6 Qxe2 21. f7+ Kh8 22. Nxe2 Rxe2 23. Bxd8 Nf8 24. Rd1 h6 25. Bh4 Kh7 26. h3 g6 27. Rxc5 Re6 28. Rc8 g5 29. Rdd8 gxh4 30. Rxf8 Re1+ 31. Kh2 Rf1 32. Rg8 Rf2 33. Rh8+ Kg6 34. f8=Q Kh5 35. Qg8 Rxg2+ 36. Qxg2 b5 37. Qg4# 1-0,2686.5
 Blitz ,erindreki,hiimgosu,1-0,2016.07.13,22:00:24,2605,2763,15.0,-22.0,A04,Zukertort Opening: Queenside Fianchetto Variation,180+0,Normal,1. Nf3 { [%eval 0.1] } 1... b6 { [%eval 0.48] } 2. c4 { [%eval 0.15] } 2... Bb7 { [%eval 0.11] } 3. Nc3 { [%eval 0.18] } 3... c5 { [%eval 0.37] } 4. e4 { [%eval 0.2] } 4... e6 { [%eval 0.17] } 5. d3 { [%eval -0.03] } 5... Nf6 { [%eval 0.03] } 6. Be2 { [%eval 0.07] } 6... d5?! { [%eval 1.06] } 7. cxd5 { [%eval 0.86] } 7... exd5 { [%eval 0.62] } 8. e5 { [%eval 0.43] } 8... Nfd7 { [%eval 0.87] } 9. d4?! { [%eval 0.35] } 9... cxd4?! { [%eval 0.87] } 10. Qxd4 { [%eval 0.92] } 10... Nc6?! { [%eval 1.43] } 11. Qxd5 { [%eval 1.17] } 11... Nc5 { [%eval 1.1] } 12. Qxd8+ { [%eval 1.09] } 12... Rxd8 { [%eval 1.07] } 13. Bg5?! { [%eval 0.22] } 13... Be7 { [%eval 0.23] } 14. Bxe7 { [%eval 0.31] } 14... Kxe7 { [%eval 0.42] } 15. O-O { [%eval 0.36] } 15... Nb4 { [%eval 0.5] } 16. Rad1 { [%eval 0.32] } 16... Nbd3 { [%eval 0.36] } 17. b3 { [%eval 0.0] } 17... Bxf3 { [%eval 0.48] } 18. Bxf3 { [%eval 0.54] } 18... Nxe5 { [%eval 0.49] } 19. Be2 { [%eval 0.12] } 19... Rxd1 { [%eval 0.13] } 20. Rxd1 { [%eval 0.12] } 20... Rd8 { [%eval 0.12] } 21. Nd5+ { [%eval 0.04] } 21... Kf8 { [%eval 0.12] } 22. f4 { [%eval 0.1] } 22... Ned3?? { [%eval 3.26] } 23. Nb4 { [%eval 3.26] } 23... Nxb4 { [%eval 3.47] } 24. Rxd8+ { [%eval 3.34] } 24... Ke7 { [%eval 3.32] } 25. Ra8 { [%eval 3.29] } 25... a5 { [%eval 3.19] } 26. a3 { [%eval 2.77] } 26... Nd5?! { [%eval 3.56] } 27. Bc4?! { [%eval 2.65] } 27... Nxf4?! { [%eval 3.4] } 28. Ra7+ { [%eval 3.44] } 28... Kd6 { [%eval 3.27] } 29. Rxf7 { [%eval 3.2] } 29... Nfe6? { [%eval 5.02] } 30. b4 { [%eval 4.75] } 30... axb4?! { [%eval 5.25] } 31. axb4 { [%eval 5.24] } 31... Nd7 { [%eval 5.25] } 32. Bxe6 { [%eval 5.18] } 32... Kxe6 { [%eval 5.15] } 33. Rxg7 { [%eval 5.01] } 33... Nf6 { [%eval 5.1] } 34. Rb7 { [%eval 4.74] } 34... Nd5 { [%eval 5.05] } 35. b5 { [%eval 4.87] } 35... Kd6? { [%eval 6.94] } 36. Rxh7 { [%eval 6.59] } 36... Kc5?! { [%eval 7.26] } 37. Rh5 { [%eval 6.67] } 37... Kc4? { [%eval 8.51] } 38. h4 { [%eval 7.63] } 38... Nc3? { [%eval 9.38] } 39. Kf2 { [%eval 7.66] } 39... Nxb5? { [%eval #15] } 40. Rxb5 { [%eval #14] } 40... Kxb5 { [%eval #14] } 41. h5 { [%eval #13] } 41... Kc4 { [%eval #13] } 42. h6 { [%eval #12] } 42... b5 { [%eval #12] } 43. h7 { [%eval #11] } 43... b4 { [%eval #11] } 44. h8=Q { [%eval #11] } 44... b3 { [%eval #10] } 45. Qb2 { [%eval #9] } 1-0,2684.0
 Bullet tournament ,KyleKorver,avalongamemaster,1/2-1/2,2016.07.13,22:05:05,2743,2713,-1.0,1.0,A40,Queen's Pawn,30+0,Normal,1. d4 c6 2. Nf3 d6 3. g3 g6 4. Bg2 Bg7 5. O-O Nf6 6. Nc3 O-O 7. e4 e5 8. dxe5 dxe5 9. Qxd8 Rxd8 10. Nxe5 Re8 11. Nd3 Na6 12. Re1 Be6 13. Bg5 h6 14. Bxf6 Bxf6 15. e5 Bg7 16. Ne4 Bf5 17. Nf6+ Bxf6 18. exf6 Bxd3 19. cxd3 Nb4 20. Rxe8+ Rxe8 21. d4 Nc2 22. Rd1 Rd8 23. d5 cxd5 24. Rxd5 Rxd5 25. Bxd5 b6 26. a3 Kf8 27. f4 Nd4 28. Kf2 Nf5 29. Be4 Nd6 30. Bd3 Ne8 31. Ke3 Nxf6 32. Kd4 Ke7 33. Ke5 Nd7+ 34. Kd5 Nc5 35. Bc4 Na4 36. Kc6 Nxb2 37. Bb5 Ke6 38. Kb7 Kd5 39. Kxa7 Kc5 40. Be8 f6 41. Bxg6 Nc4 42. h4 Nxa3 43. g4 b5 44. Bf7 Nc4 45. g5 hxg5 46. fxg5 fxg5 47. hxg5 Ne5 48. g6 Nxg6 49. Bxg6 b4 50. Ka6 Kc4 51. Ka5 Kc3 52. Ka4 b3 53. Ka3 b2 54. Ka2 b1=Q+ 55. Kxb1 1/2-1/2,2728.0
 Bullet tournament ,penguingim1,gnejs,1-0,2016.07.13,22:05:22,2909,2748,8.0,-8.0,D07,"Queen's Gambit Refused: Chigorin Defense, Exchange Variation",30+0,Normal,1. d4 { [%eval 0.13] } 1... d5 { [%eval 0.22] } 2. c4 { [%eval 0.2] } 2... Nc6 { [%eval 0.37] } 3. cxd5 { [%eval 0.44] } 3... Qxd5 { [%eval 0.43] } 4. Nf3 { [%eval 0.15] } 4... e5 { [%eval 0.08] } 5. Nc3 { [%eval 0.14] } 5... Bb4 { [%eval 0.25] } 6. Bd2 { [%eval 0.12] } 6... Bxc3 { [%eval 0.17] } 7. Bxc3 { [%eval 0.13] } 7... e4 { [%eval 0.26] } 8. Nd2 { [%eval 0.18] } 8... e3 { [%eval 0.15] } 9. fxe3 { [%eval 0.16] } 9... Nf6 { [%eval 0.21] } 10. Qc2 { [%eval 0.0] } 10... Bf5 { [%eval 0.1] } 11. Qb3 { [%eval 0.01] } 11... O-O-O?! { [%eval 0.66] } 12. Qxd5 { [%eval 0.67] } 12... Rxd5 { [%eval 0.59] } 13. g3 { [%eval 0.62] } 13... Re8 { [%eval 0.68] } 14. Bg2 { [%eval 0.64] } 14... Rd6?! { [%eval 1.15] } 15. O-O { [%eval 1.08] } 15... Bg6 { [%eval 1.17] } 16. Nc4 { [%eval 1.1] } 16... Rde6? { [%eval 3.86] } 17. Ne5? { [%eval 0.92] } 17... Nxe5 { [%eval 0.89] } 18. dxe5 { [%eval 1.04] } 18... Ng4 { [%eval 1.0] } 19. Bh3 { [%eval 0.94] } 19... h5 { [%eval 0.92] } 20. Bxg4 { [%eval 0.59] } 20... hxg4 { [%eval 0.59] } 21. Rad1 { [%eval 0.52] } 21... b6 { [%eval 0.59] } 22. Rf4 { [%eval 0.59] } 22... Bh5 { [%eval 0.59] } 23. Kf2 { [%eval 0.35] } 23... c5 { [%eval 0.7] } 24. b4 { [%eval 0.6] } 24... cxb4 { [%eval 0.71] } 25. Rxb4?! { [%eval 0.15] } 25... Rxe5? { [%eval 2.98] } 26. Bxe5 { [%eval 2.98] } 26... Rxe5 { [%eval 2.98] } 27. Rc4+ { [%eval 2.85] } 27... Kb7 { [%eval 2.82] } 28. Rd7+ { [%eval 2.7] } 28... Ka6? { [%eval 3.9] } 29. Ra4+ { [%eval 3.84] } 29... Kb5 { [%eval 4.07] } 30. Rf4? { [%eval 2.58] } 30... f6? { [%eval 5.15] } 31. Rxa7 { [%eval 4.87] } 31... g5 { [%eval 5.24] } 32. Rxf6 { [%eval 4.93] } 32... Rf5+?? { [%eval #12] } 33. Rxf5+ { [%eval #13] } 33... Kc4 { [%eval #8] } 34. Ra4+ { [%eval #7] } 34... Kc3 { [%eval #7] } 35. Rd4?! { [%eval 49.26] } 35... b5?! { [%eval #5] } 36. Rxb5?! { [%eval #6] } 36... Kc2 { [%eval #2] } 37. Rb3?! { [%eval #7] } 37... Bg6 { [%eval #5] } 38. Rbd3?! { [%eval #10] } 38... Bxd3 { [%eval #8] } 39. Rxd3 { [%eval #7] } 39... Kb2 { [%eval #7] } 40. a4 { [%eval #7] } 40... Ka2 { [%eval #6] } 41. a5 { [%eval #6] } 41... Kb2 { [%eval #6] } 42. a6 { [%eval #5] } 1-0,2828.5
 Blitz ,hiimgosu,erindreki,1-0,2016.07.13,22:06:06,2741,2620,10.0,-7.0,D02,Queen's Pawn Game: London System,180+0,Normal,1. d4 { [%eval 0.2] } 1... d5 { [%eval 0.13] } 2. Nf3 { [%eval 0.17] } 2... Nf6 { [%eval 0.17] } 3. Bf4 { [%eval 0.18] } 3... c6 { [%eval 0.31] } 4. e3 { [%eval 0.32] } 4... Bg4 { [%eval 0.31] } 5. c4 { [%eval 0.17] } 5... Bxf3 { [%eval 0.3] } 6. Qxf3 { [%eval 0.24] } 6... e6 { [%eval 0.29] } 7. Qd1 { [%eval 0.1] } 7... Nbd7 { [%eval 0.3] } 8. Nc3 { [%eval 0.13] } 8... Ne4 { [%eval 0.59] } 9. Nxe4 { [%eval 0.58] } 9... dxe4 { [%eval 0.59] } 10. a3 { [%eval 0.54] } 10... c5 { [%eval 0.78] } 11. dxc5 { [%eval 0.51] } 11... Nxc5 { [%eval 0.51] } 12. b4 { [%eval 0.48] } 12... Nd3+ { [%eval 0.82] } 13. Bxd3 { [%eval 0.93] } 13... exd3?! { [%eval 1.44] } 14. Qa4+ { [%eval 1.46] } 14... Qd7 { [%eval 1.44] } 15. Qxd7+ { [%eval 1.38] } 15... Kxd7 { [%eval 1.34] } 16. Kd2 { [%eval 0.93] } 16... f6 { [%eval 1.09] } 17. Kxd3 { [%eval 0.89] } 17... e5 { [%eval 0.89] } 18. Bg3 { [%eval 0.97] } 18... Ke6 { [%eval 1.04] } 19. Rhd1 { [%eval 0.9] } 19... Be7 { [%eval 0.91] } 20. f3 { [%eval 1.01] } 20... b6 { [%eval 1.29] } 21. e4 { [%eval 1.27] } 21... Rac8 { [%eval 1.46] } 22. Rac1 { [%eval 1.23] } 22... Rhd8+ { [%eval 1.48] } 23. Kc3 { [%eval 1.44] } 23... a5 { [%eval 1.65] } 24. Kb3 { [%eval 1.76] } 24... g6 { [%eval 2.05] } 25. Bf2 { [%eval 1.97] } 25... Rxd1 { [%eval 2.25] } 26. Rxd1 { [%eval 2.12] } 26... Rb8 { [%eval 2.55] } 27. Rd5 { [%eval 2.42] } 27... axb4 { [%eval 2.53] } 28. axb4 { [%eval 2.28] } 28... f5? { [%eval 3.44] } 29. Rb5 { [%eval 3.39] } 29... Bd8 { [%eval 3.48] } 30. Be3? { [%eval 2.19] } 30... fxe4 { [%eval 2.42] } 31. fxe4 { [%eval 2.39] } 31... Bc7? { [%eval 3.4] } 32. c5 { [%eval 3.04] } 32... bxc5?? { [%eval 6.14] } 33. Rxb8 { [%eval 5.79] } 33... Bxb8 { [%eval 6.01] } 34. Bxc5 { [%eval 5.59] } 34... Bc7 { [%eval 5.47] } 35. Kc4 { [%eval 4.65] } 35... Bd8? { [%eval 6.55] } 36. b5 { [%eval 6.2] } 36... Kd7? { [%eval 7.45] } 37. Kd5 { [%eval 7.17] } 37... Bc7 { [%eval 7.29] } 38. Bb4 { [%eval 6.39] } 38... Bb8?! { [%eval 7.19] } 39. Bc3 { [%eval 6.54] } 1-0,2680.5
 Bullet tournament ,AstanehChess,penguingim1,1/2-1/2,2016.07.13,22:06:40,2647,2917,8.0,-9.0,D05,Colle System,30+0,Normal,1. e3 { [%eval 0.1] } 1... d5 { [%eval 0.07] } 2. d4 { [%eval 0.07] } 2... e6 { [%eval 0.2] } 3. Nf3 { [%eval 0.12] } 3... Nf6 { [%eval 0.06] } 4. c4 { [%eval 0.08] } 4... c5 { [%eval 0.03] } 5. cxd5 { [%eval 0.03] } 5... cxd4?! { [%eval 0.77] } 6. Nc3?? { [%eval -3.13] } 6... dxc3 { [%eval -2.78] } 7. Qa4+?! { [%eval -3.72] } 7... Bd7 { [%eval -3.84] } 8. Qh4? { [%eval -6.05] } 8... c2? { [%eval -3.25] } 9. dxe6 { [%eval -3.44] } 9... Bxe6 { [%eval -3.63] } 10. Bb5+ { [%eval -3.45] } 10... Nc6 { [%eval -3.27] } 11. O-O { [%eval -3.24] } 11... Be7 { [%eval -3.24] } 12. Nd4 { [%eval -3.37] } 12... Bd7?! { [%eval -2.77] } 13. Qg3? { [%eval -4.87] } 13... O-O? { [%eval -3.5] } 14. Nxc6? { [%eval -4.9] } 14... bxc6? { [%eval -3.38] } 15. Bd3 { [%eval -3.45] } 15... Be6 { [%eval -3.25] } 16. Bxc2 { [%eval -3.48] } 16... Bd6 { [%eval -3.41] } 17. Qf3? { [%eval -4.5] } 17... h6? { [%eval -3.29] } 18. h3 { [%eval -3.38] } 18... Bg4?? { [%eval 0.7] } 19. hxg4 { [%eval 0.71] } 19... Bc7 { [%eval 1.04] } 20. g5?! { [%eval 0.32] } 20... Qd6 { [%eval 0.32] } 21. g3 { [%eval 0.28] } 21... hxg5 { [%eval 0.37] } 22. Rd1 { [%eval 0.34] } 22... Qe5 { [%eval 0.48] } 23. Bd2 { [%eval 0.44] } 23... g4 { [%eval 0.89] } 24. Qxc6 { [%eval 0.83] } 24... Bb6? { [%eval 1.9] } 25. Bc3 { [%eval 1.75] } 25... Qg5 { [%eval 1.85] } 26. Bxf6 { [%eval 1.68] } 26... Qxf6 { [%eval 1.6] } 27. Qxf6 { [%eval 1.61] } 27... gxf6 { [%eval 1.56] } 28. Rd5 { [%eval 1.43] } 28... Rfd8 { [%eval 1.39] } 29. Bb3 { [%eval 0.94] } 29... Rxd5 { [%eval 0.97] } 30. Bxd5 { [%eval 0.94] } 30... Rc8 { [%eval 1.01] } 31. Rd1 { [%eval 0.69] } 31... Kf8 { [%eval 1.09] } 32. Bb3 { [%eval 0.74] } 32... Rc5?! { [%eval 1.29] } 33. Rd7 { [%eval 1.29] } 33... Rc7 { [%eval 1.29] } 34. Rxc7 { [%eval 1.29] } 34... Bxc7 { [%eval 1.29] } 35. Kg2?! { [%eval 0.72] } 35... f5?! { [%eval 1.55] } 36. f3? { [%eval 0.33] } 36... Ke7 { [%eval 0.54] } 37. fxg4 { [%eval 0.31] } 37... fxg4 { [%eval 0.31] } 38. Bd1 { [%eval 0.31] } 38... f5 { [%eval 0.31] } 39. e4 { [%eval 0.24] } 39... Kf6 { [%eval 0.37] } 40. exf5 { [%eval 0.37] } 40... Kxf5 { [%eval 0.37] } 41. Bc2+ { [%eval 0.37] } 41... Kg5 { [%eval 0.37] } 42. b3 { [%eval 0.24] } 42... Bb6 { [%eval 0.37] } 43. Bd3 { [%eval 0.24] } 43... Bc7 { [%eval 0.37] } 44. Be2 { [%eval 0.24] } 44... a5 { [%eval 0.31] } 45. Bd1 { [%eval 0.31] } 45... Bd6 { [%eval 0.31] } 46. Be2 { [%eval 0.31] } 46... Bb4 { [%eval 0.31] } 47. Bxg4?! { [%eval -0.53] } 47... Ba3? { [%eval 1.03] } 48. Be2 { [%eval 0.95] } 48... Bb4 { [%eval 0.96] } 49. Bf3 { [%eval 0.95] } 49... Ba3 { [%eval 0.96] } 50. Be2 { [%eval 0.95] } 50... Bb4 { [%eval 0.96] } 51. Bd3 { [%eval 0.89] } 51... Bc3 { [%eval 0.89] } 52. Bc4 { [%eval 0.89] } 52... Kf5 { [%eval 0.89] } 53. Bd3+ { [%eval 0.89] } 53... Ke5 { [%eval 0.95] } 54. Bc4 { [%eval 0.89] } 54... Bb4 { [%eval 0.95] } 55. Bd3 { [%eval 0.89] } 55... Kd4 { [%eval 0.89] } 56. Be2 { [%eval 0.89] } 56... Ba3 { [%eval 0.95] } 57. Bf3 { [%eval 0.89] } 57... Kc3 { [%eval 0.89] } 58. g4 { [%eval 0.89] } 58... Kb4?! { [%eval 1.57] } 59. g5 { [%eval 1.57] } 59... Bb2 { [%eval 1.5] } 60. g6 { [%eval 1.5] } 60... Bg7 { [%eval 1.5] } 61. Bg4 { [%eval 1.5] } 61... Bf6 { [%eval 1.43] } 62. Bf3 { [%eval 1.43] } 62... Bg7 { [%eval 1.43] } 63. Bg4 { [%eval 1.43] } 63... Bf6 { [%eval 1.43] } 64. Bf5 { [%eval 1.43] } 64... Ka3 { [%eval 1.43] } 65. Bg4? { [%eval 0.0] } 65... Kb4 { [%eval 1.4] } 1/2-1/2,2782.0
 Bullet tournament ,avalongamemaster,penguingim1,1-0,2016.07.13,22:08:02,2721,2908,20.0,-21.0,A01,Nimzo-Larsen Attack: Classical Variation,30+0,Normal,1. b3 { [%eval -0.21] } 1... d5 { [%eval 0.07] } 2. Bb2 { [%eval 0.07] } 2... c5 { [%eval 0.01] } 3. Nf3 { [%eval 0.02] } 3... Nc6 { [%eval 0.05] } 4. e3 { [%eval 0.03] } 4... a6 { [%eval 0.12] } 5. d4 { [%eval 0.07] } 5... Qc7?! { [%eval 0.63] } 6. dxc5 { [%eval 0.78] } 6... Nf6 { [%eval 0.71] } 7. c4 { [%eval 0.71] } 7... dxc4 { [%eval 0.67] } 8. Bxc4 { [%eval 0.73] } 8... e6 { [%eval 0.72] } 9. O-O { [%eval 0.79] } 9... Bxc5 { [%eval 0.79] } 10. Qc2 { [%eval 0.48] } 10... Be7 { [%eval 0.7] } 11. Rc1 { [%eval 0.55] } 11... O-O { [%eval 0.64] } 12. Bd3 { [%eval 0.47] } 12... h6 { [%eval 0.53] } 13. Nc3 { [%eval 0.39] } 13... Rd8 { [%eval 0.44] } 14. Ne4 { [%eval 0.37] } 14... Qb6 { [%eval 0.65] } 15. Nxf6+ { [%eval 0.63] } 15... Bxf6 { [%eval 0.69] } 16. Bxf6 { [%eval 0.65] } 16... gxf6 { [%eval 0.7] } 17. Rd1 { [%eval 0.65] } 17... Bd7 { [%eval 0.59] } 18. Qc3 { [%eval 0.37] } 18... Kg7 { [%eval 0.43] } 19. Be4 { [%eval 0.29] } 19... Rac8 { [%eval 0.26] } 20. Qb2 { [%eval 0.26] } 20... Ne7 { [%eval 0.24] } 21. Rd4 { [%eval 0.1] } 21... Bb5 { [%eval 0.15] } 22. Rad1 { [%eval 0.11] } 22... Rxd4 { [%eval 0.32] } 23. Nxd4 { [%eval 0.37] } 23... Rd8 { [%eval 0.36] } 24. a4 { [%eval 0.31] } 24... Be8 { [%eval 0.42] } 25. Qe2 { [%eval 0.25] } 25... Kf8?! { [%eval 0.84] } 26. h3?! { [%eval 0.16] } 26... Qc5?? { [%eval 4.31] } 27. Qf3? { [%eval 1.72] } 27... b6?? { [%eval 7.01] } 28. Qxf6? { [%eval 4.05] } 28... Ng8?? { [%eval #1] } 29. Qxd8? { [%eval 9.51] } 29... a5 { [%eval 10.71] } 30. Nxe6+ { [%eval 10.86] } 30... fxe6 { [%eval 10.62] } 31. Rd6? { [%eval 7.92] } 31... Qe5? { [%eval 18.86] } 32. Bf3? { [%eval 7.68] } 32... Qa1+ { [%eval 7.83] } 33. Kh2 { [%eval 7.79] } 33... Qe5+ { [%eval 7.78] } 34. g3 { [%eval 7.68] } 34... Qf6 { [%eval 7.63] } 35. Kg2? { [%eval 6.6] } 35... Qe7? { [%eval 8.29] } 36. Qxe7+ { [%eval 8.01] } 36... Kxe7 { [%eval 8.25] } 37. Rxb6 { [%eval 8.12] } 37... Nf6 { [%eval 8.1] } 38. Rb7+ { [%eval 7.79] } 38... Nd7? { [%eval 9.65] } 39. b4 { [%eval 9.29] } 39... Kd6?! { [%eval 14.98] } 40. bxa5 { [%eval 13.31] } 40... Nc5 { [%eval 15.26] } 41. a6 { [%eval 14.62] } 41... Nxa6 { [%eval 18.81] } 42. Rb6+ { [%eval 13.39] } 42... Ke7 { [%eval 51.65] } 43. Rxa6 { [%eval 49.34] } 43... Kf6 { [%eval 54.96] } 44. Rb6 { [%eval 10.13] } 44... Bf7?! { [%eval #10] } 45. a5 { [%eval #9] } 45... Kg5 { [%eval #8] } 46. a6 { [%eval #7] } 46... e5 { [%eval #2] } 47. a7?! { [%eval #4] } 47... e4 { [%eval #4] } 48. a8=Q { [%eval #3] } 48... exf3+ { [%eval #3] } 49. Qxf3 { [%eval #2] } 49... Bd5 { [%eval #1] } 50. h4# 1-0,2814.5
 Blitz ,erindreki,hiimgosu,1-0,2016.07.13,22:09:18,2613,2751,14.0,-20.0,D02,Queen's Pawn Game: Zukertort Variation,180+0,Normal,1. d4 d5 2. Nf3 Bf5 3. Bf4 e6 4. c3 c6 5. e3 Nd7 6. Bd3 Qb6 7. b3 Ngf6 8. Bxf5 exf5 9. Nbd2 Be7 10. Qc2 g6 11. O-O O-O 12. Ne5 Rfe8 13. c4 Rac8 14. c5 Qd8 15. h3 Nxe5 16. Bxe5 Ne4 17. Rae1 Nxd2 18. Qxd2 Bxc5 19. Kh2 Bd6 20. Bxd6 Qxd6+ 21. g3 h5 22. h4 Re4 23. Kg2 Kg7 24. f3 Re6 25. Qc3 Rce8 26. f4 Rc8 27. Rc1 Re7 28. Kf2 Rec7 29. Rc2 b6 30. Rfc1 Qe7 31. b4 Kg8 32. a3 Qd6 33. Ke2 Re8 34. Kf2 Qe6 35. Qd3 Qd7 36. Rc3 Rcc8 37. Qc2 Qe6 38. Qd2 Re7 39. R1c2 Rec7 40. Qc1 Qd6 41. Kf3 Kf8 42. Kf2 Ke7 43. Ke2 Kd7 44. Kf2 Re8 45. Qd2 Re6 46. Qc1 Kc8 47. Qd2 Kb7 48. Qc1 Qd7 49. b5 Rd6 50. a4 Qe6 51. Qd2 Qe8 52. Qc1 Re6 53. Qd1 Rc8 54. Qc1 Qd7 55. Kf3 Rd6 56. Kf2 Qe6 57. Ke2 Qd7 58. Kf2 Re6 59. Kf1 Qe8 60. Kf2 f6 61. Qd2 g5 62. Qe2 gxh4 63. gxh4 Qg6 64. Qf3 Qg4 65. Qxg4 fxg4 66. f5 Rd6 67. Kg3 Rc7 68. Kf4 a6 69. Rc1 axb5 70. axb5 Rc8 71. R1c2 Re8 72. bxc6+ Kc7 73. Kg3 Ra8 74. Kf4 Rdd8 75. e4 dxe4 76. Kxe4 Ra4 77. Rd2 Ra5 78. d5 Ra4+ 79. Ke3 Re8+ 80. Kf2 Kd6 81. c7 Rc8 82. Rc6+ Ke5 83. d6 Rf4+ 84. Kg2 1-0,2682.0
 Bullet tournament ,AMADAN,penguingim1,1-0,2016.07.13,22:09:31,2517,2887,21.0,-25.0,C02,"French Defense: Advance Variation, Milner-Barry Gambit",30+0,Normal,1. e4 c5 2. c3 e6 3. d4 d5 4. e5 Nc6 5. Nf3 Qb6 6. Bd3 Bd7 7. O-O cxd4 8. cxd4 Nxd4 9. Ng5 h6 10. Qh5 hxg5 11. Qxh8 Nh6 12. Nc3 Ndf5 13. Bxg5 Rc8 14. Bxf5 exf5 15. Bxh6 Qxh6 16. Qxh6 gxh6 17. Nxd5 Bc6 18. Ne3 Ke7 19. Nxf5+ Ke6 20. Nd6 Rd8 21. Ne4 Kxe5 22. Rfe1 Bxe4 23. f3 f5 24. fxe4 fxe4 25. Rad1 Bc5+ 26. Kf1 Rf8+ 27. Ke2 Rf3 28. gxf3 e3 29. Rd3 Kf4 30. Red1 Bb6 31. Rd5 h5 32. R1d4+ Bxd4 33. Rxd4+ Kf5 34. Re4 Kg5 35. Kxe3 b5 36. h4+ Kf5 37. Rd4 Ke6 38. Ke4 b4 39. Rd5 b3 40. axb3 1-0,2702.0
 Bullet tournament ,gnejs,KyleKorver,1-0,2016.07.13,22:10:16,2755,2727,12.0,-13.0,A04,Zukertort Opening: Queen's Gambit Invitation,30+0,Normal,1. Nf3 e6 2. d4 d5 3. Nc3 Nf6 4. e4 Nbd7 5. e5 Ne4 6. Bd3 Nxc3 7. bxc3 c5 8. h4 c4 9. Be2 h6 10. h5 Qa5 11. Bd2 Be7 12. a4 Nb6 13. Rh3 Bd7 14. Rg3 Bf8 15. Nh2 O-O-O 16. f4 Kb8 17. Rf3 Nxa4 18. Nf1 Be7 19. g4 Qb6 20. Ne3 Qb2 21. Ng2 Bc6 22. Rb1 Qa3 23. Ra1 Qb2 24. f5 Qb6 25. Kf1 Nb2 26. Qc1 a5 27. Rb1 Ba3 28. Qe1 a4 29. Nf4 Bd7 30. fxe6 fxe6 31. Ng6 Rde8 32. Nxh8 Rxh8 33. Bc1 Re8 34. Kg2 Qb5 35. Rf7 Bc6 36. Rxg7 Qa5 37. g5 Qc7 38. Rxc7 hxg5 39. Rxb7+ Kxb7 40. Bxb2 Bb4 41. Ba3 Ka6 42. Bxb4 Bb5 43. Ba5 a3 44. Rxb5 Rf8 45. Qb1 a2 46. Qxa2 Ka7 47. Qa4 Ka8 48. Bb4# 1-0,2741.0
 Bullet tournament ,penguingim1,AstanehChess,1-0,2016.07.13,22:12:06,2844,2653,7.0,-7.0,E00,Amar Opening,30+0,Normal,1. Nh3 c6 2. g3 d5 3. Bg2 Bxh3 4. Bxh3 Nf6 5. Bg2 e6 6. O-O g6 7. d3 Bg7 8. e4 O-O 9. Qe2 dxe4 10. dxe4 e5 11. c3 Nbd7 12. Be3 Qc7 13. Nd2 Rae8 14. h3 b6 15. Rad1 Re7 16. Nb3 Re6 17. Nc1 Rfe8 18. Nd3 Rd6 19. f3 c5 20. Nf2 Nb8 21. f4 Red8 22. fxe5 Rxd1 23. Rxd1 Rxd1+ 24. Nxd1 Qxe5 25. Bf4 Qe6 26. g4 Nc6 27. Ne3 Nxe4 28. Qf3 f5 29. gxf5 gxf5 30. Nxf5 Qxf5 31. Qxe4 Qxe4 32. Bxe4 Na5 33. Bb8 Kf8 34. Bxa7 Nc4 35. b3 Nd6 36. Bf3 Nc8 37. Bb8 Bxc3 38. Bg4 Bd4+ 39. Kf1 Ne7 40. Bc7 Nd5 41. Bd6+ Kf7 42. Ke2 Nc3+ 43. Kd3 Nxa2 44. Kc4 Nb4 45. Kb5 Nc2 46. Kxb6 Ne3 47. Kb5 c4 48. bxc4 Nxc4 49. Kxc4 Bf6 50. Kd5 Kg6 51. Ke4 Kg5 52. Bf5 h5 53. Bf4+ Kh4 54. Kf3 Bg5 55. Bg3# 1-0,2748.5
 Bullet tournament ,AMADAN,gnejs,0-1,2016.07.13,22:15:44,2563,2777,-6.0,6.0,B02,Alekhine Defense: Mokele Mbembe,30+0,Normal,1. e4 Nf6 2. e5 Ne4 3. c4 Nxf2 4. Kxf2 d6 5. exd6 e5 6. Nf3 Bxd6 7. Nc3 Bc5+ 8. Ke2 Nc6 9. d3 Bg4 10. Be3 Qe7 11. Qd2 Nd4+ 12. Bxd4 exd4+ 13. Kf2 dxc3+ 14. d4 cxd2 15. dxc5 Bxf3 16. gxf3 O-O-O 17. Bd3 Rxd3 0-1,2670.0
 Bullet tournament ,gnejs,penguingim1,0-1,2016.07.13,22:16:31,2783,2863,-10.0,11.0,A04,Zukertort Opening: Ross Gambit,30+0,Normal,1. Nf3 { [%eval 0.18] } 1... e5?! { [%eval 0.69] } 2. h4? { [%eval -0.7] } 2... e4 { [%eval -0.55] } 3. h5? { [%eval -2.68] } 3... exf3 { [%eval -2.6] } 4. exf3 { [%eval -2.59] } 4... Nf6 { [%eval -2.44] } 5. d4 { [%eval -2.68] } 5... Qe7+ { [%eval -2.34] } 6. Be2 { [%eval -2.24] } 6... d5 { [%eval -2.35] } 7. h6 { [%eval -2.32] } 7... Be6 { [%eval -2.37] } 8. Nc3 { [%eval -2.27] } 8... Nbd7?! { [%eval -1.59] } 9. Bg5?! { [%eval -2.19] } 9... gxh6 { [%eval -2.12] } 10. Qd2?? { [%eval -6.37] } 10... hxg5 { [%eval -6.26] } 11. O-O-O?! { [%eval -7.05] } 11... Bg7? { [%eval -5.53] } 12. Rde1? { [%eval -6.84] } 12... h6 { [%eval -6.86] } 13. Qd1 { [%eval -7.23] } 13... O-O-O { [%eval -7.24] } 14. f4? { [%eval -8.78] } 14... Kb8?! { [%eval -7.79] } 15. Bf3?! { [%eval -8.37] } 15... gxf4 { [%eval -8.06] } 16. Qd2?! { [%eval -8.56] } 16... Qd6 { [%eval -8.08] } 17. Nb5?! { [%eval -8.82] } 17... Qb6 { [%eval -8.68] } 18. Nc3 { [%eval -8.82] } 18... a6?! { [%eval -8.27] } 19. Kb1?! { [%eval -8.79] } 19... Qd6?! { [%eval -7.86] } 20. Ka1?! { [%eval -8.75] } 20... c5? { [%eval -7.63] } 21. Na4? { [%eval -9.74] } 21... cxd4 { [%eval -9.47] } 22. Qxd4 { [%eval -9.34] } 22... Rhg8 { [%eval -9.16] } 23. Qd2 { [%eval -9.46] } 23... Nc5? { [%eval -8.18] } 24. Nc3? { [%eval -11.43] } 24... Nfe4 { [%eval -10.83] } 25. Nxe4 { [%eval -12.71] } 25... dxe4 { [%eval -12.51] } 26. Qxd6+ { [%eval -12.1] } 26... Rxd6 { [%eval -10.86] } 27. Be2 { [%eval -18.08] } 27... Rb6 { [%eval -17.43] } 28. c3 { [%eval -16.79] } 28... Na4 { [%eval -16.46] } 29. Rc1 { [%eval -25.93] } 29... Rd8 { [%eval -14.19] } 30. Bd1 { [%eval -19.74] } 30... Nxb2 { [%eval -17.59] } 31. Bb3 { [%eval -17.03] } 31... Nc4 { [%eval -15.65] } 32. Rc2 { [%eval -16.42] } 32... Nd2 { [%eval -12.93] } 33. Rhc1?! { [%eval #-10] } 33... Nxb3+ { [%eval #-9] } 34. axb3 { [%eval #-9] } 34... Rxb3 { [%eval #-8] } 35. Rb2 { [%eval #-7] } 35... Rd3 { [%eval #-14] } 36. Rxb3 { [%eval #-14] } 36... Bxb3 { [%eval #-14] } 37. Kb2 { [%eval #-20] } 37... Bd5 { [%eval -59.39] } 38. Rc2?! { [%eval #-12] } 38... e3 { [%eval -65.93] } 39. fxe3?! { [%eval #-10] } 39... fxe3 { [%eval #-9] } 40. Re2 { [%eval #-9] } 40... Rxc3 { [%eval #-8] } 41. Kb1 { [%eval #-7] } 41... Rb3+ { [%eval #-9] } 42. Ka2 { [%eval #-3] } 42... Rb2+?! { [%eval #-4] } 43. Ka1 { [%eval #-3] } 43... Rxe2+ { [%eval #-2] } 44. Kb1 { [%eval #-2] } 44... Rb2+?! { [%eval #-2] } 45. Kc1 { [%eval #-2] } 45... e2 { [%eval #-1] } 0-1,2823.0
 Bullet tournament ,penguingim1,avalongamemaster,1-0,2016.07.13,22:17:40,2874,2763,9.0,-10.0,D45,Semi-Slav Defense: Main Line,30+0,Normal,1. d4 { [%eval 0.17] } 1... c6 { [%eval 0.49] } 2. c4 { [%eval 0.25] } 2... d5 { [%eval 0.24] } 3. Nf3 { [%eval 0.36] } 3... e6 { [%eval 0.28] } 4. e3 { [%eval 0.32] } 4... Nf6 { [%eval 0.34] } 5. Nc3 { [%eval 0.32] } 5... Be7 { [%eval 0.32] } 6. Qc2 { [%eval 0.17] } 6... O-O { [%eval 0.17] } 7. Be2 { [%eval 0.14] } 7... Nbd7 { [%eval 0.18] } 8. O-O { [%eval 0.17] } 8... a6 { [%eval 0.27] } 9. b3 { [%eval 0.31] } 9... b5 { [%eval 0.44] } 10. Bb2 { [%eval 0.43] } 10... Bb7 { [%eval 0.49] } 11. e4?! { [%eval -0.09] } 11... dxe4 { [%eval 0.12] } 12. Nxe4 { [%eval 0.0] } 12... Nxe4 { [%eval 0.12] } 13. Qxe4 { [%eval 0.12] } 13... Nf6 { [%eval 0.2] } 14. Qh4 { [%eval -0.04] } 14... c5?! { [%eval 0.51] } 15. dxc5 { [%eval 0.58] } 15... Ne4 { [%eval 0.51] } 16. Qh3 { [%eval 0.06] } 16... Bxc5 { [%eval 0.0] } 17. Rad1 { [%eval -0.18] } 17... Qe7 { [%eval 0.06] } 18. Bd3?! { [%eval -0.59] } 18... Rad8 { [%eval -0.57] } 19. cxb5 { [%eval -0.56] } 19... axb5 { [%eval -0.57] } 20. Bxb5?? { [%eval -10.25] } 20... Rxd1?! { [%eval -9.32] } 21. Rxd1 { [%eval -9.21] } 21... Nxf2 { [%eval -9.02] } 22. Qh5?! { [%eval -11.84] } 22... Nxd1+ { [%eval -11.5] } 23. Kh1 { [%eval -13.74] } 23... Nxb2 { [%eval -13.08] } 24. h3 { [%eval -17.03] } 24... Qf6 { [%eval -11.03] } 25. Be2 { [%eval -20.34] } 25... Nd3 { [%eval -19.82] } 26. Bxd3?! { [%eval #-12] } 26... Qa1+ { [%eval #-11] } 27. Kh2 { [%eval #-11] } 27... Bd6+ { [%eval #-10] } 28. g3 { [%eval #-10] } 28... Qxa2+ { [%eval #-9] } 29. Kg1 { [%eval #-9] } 29... Bxg3?? { [%eval #1] } 30. Qxh7# 1-0,2818.5
 Bullet tournament ,penguingim1,ferrari9182,1-0,2016.07.13,22:18:45,2883,2488,3.0,-3.0,A00,Van't Kruijs Opening,30+0,Normal,1. e3 { [%eval 0.15] } 1... c5 { [%eval 0.09] } 2. d3 { [%eval -0.16] } 2... e6 { [%eval -0.13] } 3. Ne2 { [%eval -0.31] } 3... Nf6 { [%eval -0.29] } 4. Nd2 { [%eval -0.28] } 4... Be7 { [%eval -0.28] } 5. b3 { [%eval -0.44] } 5... O-O { [%eval -0.31] } 6. Bb2 { [%eval -0.44] } 6... d5 { [%eval -0.41] } 7. Bxf6?! { [%eval -0.93] } 7... Bxf6 { [%eval -1.1] } 8. Rb1 { [%eval -1.09] } 8... Re8 { [%eval -0.72] } 9. g3 { [%eval -0.82] } 9... Nc6 { [%eval -0.68] } 10. Bg2 { [%eval -0.8] } 10... e5 { [%eval -0.45] } 11. O-O { [%eval -0.49] } 11... Be6 { [%eval -0.18] } 12. h3?! { [%eval -0.85] } 12... Rc8 { [%eval -0.46] } 13. Kh2?! { [%eval -1.0] } 13... d4 { [%eval -0.93] } 14. f4 { [%eval -1.03] } 14... e4? { [%eval 0.05] } 15. Nxe4 { [%eval 0.02] } 15... dxe3 { [%eval 0.08] } 16. Qc1 { [%eval 0.01] } 16... Nd4 { [%eval 0.0] } 17. Qxe3 { [%eval 0.04] } 17... Nxc2 { [%eval -0.06] } 18. Qd2 { [%eval -0.05] } 18... Nd4 { [%eval 0.0] } 19. Nxd4?! { [%eval -0.54] } 19... cxd4?! { [%eval 0.02] } 20. Rbc1 { [%eval -0.09] } 20... Be7 { [%eval -0.18] } 21. f5 { [%eval -0.34] } 21... Bd5? { [%eval 0.74] } 22. f6 { [%eval 0.62] } 22... gxf6 { [%eval 0.59] } 23. Rxc8 { [%eval 0.87] } 23... Qxc8 { [%eval 0.82] } 24. Qh6 { [%eval 0.39] } 24... Bxe4?? { [%eval 15.3] } 25. Bxe4 { [%eval 14.86] } 25... f5 { [%eval 14.79] } 26. Bxf5 { [%eval 13.87] } 26... Qc2+?! { [%eval #9] } 27. Kh1?? { [%eval 0.83] } 27... Bc5?? { [%eval #3] } 28. Bxh7+ { [%eval #2] } 1-0,2685.5
 Bullet tournament ,gnejs,AstanehChess,0-1,2016.07.13,22:20:23,2778,2639,-18.0,17.0,D11,Slav Defense: Quiet Variation,30+0,Normal,1. Nf3 c6 2. c4 d5 3. e3 Nf6 4. d4 g6 5. Nc3 Bg7 6. Be2 O-O 7. O-O Bg4 8. h3 Bxf3 9. Bxf3 e6 10. Be2 Nbd7 11. Qc2 a6 12. Rd1 b5 13. b3 bxc4 14. bxc4 Rc8 15. Ba3 Re8 16. e4 dxe4 17. Nxe4 Nxe4 18. Qxe4 Qa5 19. Bb2 c5 20. a4 Rb8 21. Ra2 cxd4 22. Bxd4 Nc5 23. Qe3 Bxd4 24. Rxd4 Rec8 25. Rad2 Nb3 26. h4 Nxd2 27. Rxd2 Rb1+ 28. Kh2 Qc7+ 29. g3 Rb4 30. h5 Rbb8 31. h6 Qe7 32. Qe5 Qf8 33. Qg5 Re8 34. Qe3 f6 35. Rd4 e5 36. Re4 Qf7 37. c5 Re7 38. Bc4 Re6 39. f4 Rbe8 40. f5 gxf5 41. Rg4+ fxg4 42. Qe4 Qh5+ 43. Kg2 Qg6 44. Kf2 Qxe4 45. Bxe6+ Rxe6 46. Kg1 Qf3 47. Kh2 e4 48. Kg1 e3 49. Kh2 e2 50. c6 e1=Q 51. c7 Qee2+ 52. Kg1 Qff1# 0-1,2708.5
 Bullet tournament ,avalongamemaster,AstanehChess,1-0,2016.07.13,22:25:29,2752,2677,11.0,-10.0,A00,Hungarian Opening: Slav Formation,30+0,Normal,1. g3 { [%eval -0.19] } 1... c6 { [%eval 0.06] } 2. Bg2 { [%eval 0.07] } 2... d5 { [%eval 0.12] } 3. Nf3 { [%eval 0.06] } 3... Nf6 { [%eval 0.19] } 4. O-O { [%eval 0.11] } 4... g6 { [%eval 0.18] } 5. d3 { [%eval 0.22] } 5... Bg7 { [%eval 0.18] } 6. e4?! { [%eval -0.45] } 6... O-O?! { [%eval 0.19] } 7. e5 { [%eval 0.18] } 7... Nfd7 { [%eval 0.35] } 8. d4 { [%eval 0.28] } 8... f6 { [%eval 0.32] } 9. Re1 { [%eval 0.0] } 9... fxe5 { [%eval 0.0] } 10. dxe5 { [%eval 0.13] } 10... Nc5 { [%eval 0.39] } 11. c4? { [%eval -0.9] } 11... Ne4? { [%eval 0.73] } 12. cxd5 { [%eval 0.59] } 12... cxd5 { [%eval 0.39] } 13. Be3 { [%eval 0.19] } 13... Nc6 { [%eval 0.31] } 14. Nc3 { [%eval 0.25] } 14... Bg4?! { [%eval 1.15] } 15. Nxe4 { [%eval 0.96] } 15... dxe4 { [%eval 1.08] } 16. Qb3+ { [%eval 0.89] } 16... Kh8?! { [%eval 1.44] } 17. Ng5 { [%eval 1.51] } 17... e6?! { [%eval 2.41] } 18. Nxe6?! { [%eval 1.53] } 18... Bxe6 { [%eval 1.5] } 19. Qxe6 { [%eval 1.57] } 19... Nxe5 { [%eval 1.51] } 20. Bxe4 { [%eval 1.39] } 20... Qa5 { [%eval 1.33] } 21. Kg2?! { [%eval 0.71] } 21... Rae8 { [%eval 0.8] } 22. Qd5 { [%eval 0.65] } 22... Qa6? { [%eval 1.93] } 23. Rac1?! { [%eval 1.08] } 23... Nc6? { [%eval 2.08] } 24. Bd3? { [%eval 0.64] } 24... Qa4?! { [%eval 1.6] } 25. Bc5 { [%eval 1.18] } 25... Rd8?! { [%eval 1.87] } 26. Qc4?! { [%eval 1.25] } 26... Qxc4 { [%eval 1.24] } 27. Bxc4 { [%eval 1.21] } 27... Rfe8 { [%eval 1.43] } 28. Rxe8+ { [%eval 1.37] } 28... Rxe8 { [%eval 1.43] } 29. Rd1?! { [%eval 0.86] } 29... Ne5? { [%eval 2.31] } 30. Bb5 { [%eval 2.27] } 30... Rc8?! { [%eval 2.81] } 31. Bxa7 { [%eval 2.67] } 31... Ra8 { [%eval 3.08] } 32. Be3 { [%eval 2.91] } 32... h6 { [%eval 3.18] } 33. h3? { [%eval 1.92] } 33... Kh7? { [%eval 3.46] } 34. Rd5 { [%eval 3.49] } 34... Rxa2 { [%eval 3.54] } 35. Rd8? { [%eval 1.17] } 35... Rxb2 { [%eval 1.08] } 36. Ba4?! { [%eval 0.5] } 36... Nd3?? { [%eval 5.51] } 37. Rxd3 { [%eval 5.37] } 37... h5? { [%eval 6.54] } 38. Rd7 { [%eval 6.39] } 38... Re2?? { [%eval 47.06] } 39. Bd4 { [%eval 14.74] } 39... Re3?! { [%eval #6] } 40. Rxg7+ { [%eval #5] } 40... Kh6 { [%eval #5] } 41. fxe3 { [%eval #4] } 41... g5 { [%eval #3] } 42. Bc2 { [%eval #2] } 42... g4 { [%eval #2] } 43. Rh7+ { [%eval #1] } 43... Kg5 { [%eval #1] } 44. h4# 1-0,2714.5
 Blitz ,Peaudepailles,genodesis,1/2-1/2,2016.07.13,22:25:43,2701,2600,-3.0,3.0,D00,Blackmar-Diemer Gambit: Vienna Variation,180+0,Normal,1. d4 Nf6 2. f3 d5 3. e4 dxe4 4. Nc3 Bf5 5. fxe4 Nxe4 6. Qf3 Nxc3 7. bxc3 Bxc2 8. Qxb7 Nd7 9. Bb5 Bf5 10. Nf3 Rb8 11. Qc6 Rb6 12. Qc4 e6 13. Ne5 c6 14. Bxc6 Rxc6 15. Qxc6 Be7 16. O-O f6 17. Nxd7 Qxd7 18. Qa8+ Bd8 19. Ba3 Kf7 20. Qf3 Ba5 21. Bc5 Rc8 22. g4 Bg6 23. g5 Bf5 24. gxf6 gxf6 25. Qh5+ Bg6 26. Qh4 Bd8 27. Rf2 f5 28. Qg3 Bf6 29. Re1 Rg8 30. Qd6 Qxd6 31. Bxd6 Bh5+ 32. Kf1 Rc8 33. Bc5 Bh4 34. Rb2 Bxe1 35. Rb7+ Kg6 36. Kxe1 a6 37. Rb6 Re8 38. Rxa6 Kg5 39. Bd6 Bf3 40. Kf2 Bd5 41. a4 f4 42. Ra7 Rg8 43. a5 f3 44. Rf7 Ra8 45. Bb4 h5 46. Rf8 Kg4 47. Rxa8 Bxa8 48. Ke3 Kh3 49. Bd6 Kg2 50. Bg3 Bd5 51. a6 Kh3 52. c4 Ba8 53. Kf2 Kg4 54. Bd6 Kf5 55. Bc5 Ke4 56. a7 Kd3 57. d5 exd5 58. cxd5 Bxd5 59. h4 Ke4 60. Bd6 Kf5 61. Bb8 Kg4 62. Bc7 Kxh4 63. Bb8 Kg4 64. Bc7 Ba8 65. Bd8 h4 66. Bc7 h3 67. Bh2 Bb7 68. Bg3 Ba8 69. Bh2 Bb7 70. Bg3 Ba8 71. Bh2 1/2-1/2,2650.5
 Bullet tournament ,penguingim1,gnejs,1-0,2016.07.13,22:27:42,2890,2763,9.0,-9.0,A40,Queen's Pawn,30+0,Normal,1. d4 h5 2. c4 h4 3. Nc3 c5 4. d5 Nf6 5. e4 d6 6. f4 e6 7. Nf3 exd5 8. cxd5 h3 9. g3 a6 10. e5 Ng4 11. a4 Bf5 12. Bc4 Nd7 13. O-O Be7 14. Qe2 O-O 15. e6 Nb6 16. Bb3 Rc8 17. a5 c4 18. Ba2 Na8 19. Nd4 Bf6 20. Nxf5 Nh6 21. Nxh6+ gxh6 22. f5 Kh7 23. Qh5 Bg5 24. Ne4 Bxc1 25. Raxc1 Nc7 26. f6 Nxd5 27. Ng5+ Kg8 28. Qxh6 Nxf6 29. Rxf6 Qxf6 30. Qh7# 1-0,2826.5
 Bullet tournament ,KyleKorver,penguingim1,1-0,2016.07.13,22:28:53,2771,2899,19.0,-18.0,A07,King's Indian Attack: Omega-Delta Gambit,30+0,Normal,1. Nf3 d5 2. g3 e5 3. Bg2 e4 4. Nd4 c5 5. Nb3 Nc6 6. d3 exd3 7. exd3 Nf6 8. O-O Be7 9. Re1 O-O 10. Nc3 Be6 11. Bg5 Qd7 12. Bxf6 gxf6 13. Qf3 Rad8 14. Qh5 b6 15. Ne2 Ne5 16. Nf4 Rfe8 17. Nxe6 fxe6 18. Bh3 Bf8 19. f4 Nf7 20. Re2 Qd6 21. Rae1 e5 22. fxe5 Rxe5 23. Qf3 Rde8 24. Nd2 Bh6 25. Nf1 Kg7 26. Qg4+ Kh8 27. Rxe5 Nxe5 28. Qf5 d4 29. Re4 Re7 30. Bg2 Kg7 31. g4 Ng6 32. Ng3 Be3+ 33. Kh1 Rxe4 34. Nh5+ Kf7 35. Bxe4 Qe5 36. Bd5+ Kf8 37. Qc8+ Ke7 38. Qb7+ Kd8 39. Qa8+ Kd7 40. Qc6+ Kd8 41. Be4 Ke7 42. Qb7+ Qc7 43. Qxc7+ Ke6 44. Qxh7 Ke5 45. Qh6 Ne7 46. Qg7 Nd5 47. Qf7 Nf4 48. Qg6 Ne6 49. Qf5+ Kd6 50. Qxf6 Kd7 51. Bf5 Kc6 52. Bxe6 Kb5 53. Qf5 Ka5 54. Bc4 a6 55. Qe6 b5 56. Qc6 bxc4 57. Qxc5+ Ka4 58. Qc6+ Ka5 59. Qc5+ Ka4 60. Qxc4+ Ka5 61. Qb3 Bd2 62. a3 Bb4 63. Qxb4# 1-0,2835.0
 Bullet tournament ,AstanehChess,avalongamemaster,0-1,2016.07.13,22:29:34,2673,2770,-9.0,10.0,A00,Hungarian Opening: Slav Formation,30+0,Normal,1. g3 { [%eval -0.27] } 1... c6 { [%eval 0.12] } 2. Bg2 { [%eval 0.08] } 2... d5 { [%eval 0.03] } 3. Nf3 { [%eval 0.1] } 3... g6 { [%eval 0.1] } 4. O-O { [%eval 0.1] } 4... Bg7 { [%eval 0.08] } 5. d4 { [%eval 0.09] } 5... e6 { [%eval 0.53] } 6. c4 { [%eval 0.26] } 6... Ne7 { [%eval 0.37] } 7. cxd5 { [%eval 0.0] } 7... exd5 { [%eval 0.01] } 8. Nc3 { [%eval 0.05] } 8... O-O { [%eval -0.01] } 9. Re1 { [%eval -0.01] } 9... Re8 { [%eval 0.28] } 10. e3 { [%eval -0.03] } 10... Nf5 { [%eval 0.3] } 11. Bd2?! { [%eval -0.24] } 11... Nd6 { [%eval -0.24] } 12. Qe2 { [%eval -0.49] } 12... Nd7 { [%eval -0.35] } 13. Qf1 { [%eval -0.57] } 13... Nf6 { [%eval -0.4] } 14. Rad1 { [%eval -0.6] } 14... Nfe4 { [%eval -0.6] } 15. Bc1?! { [%eval -1.3] } 15... Nxc3 { [%eval -1.34] } 16. bxc3 { [%eval -1.2] } 16... b6?! { [%eval -0.32] } 17. Nd2 { [%eval -0.3] } 17... a5 { [%eval -0.39] } 18. c4?! { [%eval -1.3] } 18... Ba6 { [%eval -1.05] } 19. Qe2 { [%eval -1.42] } 19... Nxc4 { [%eval -1.37] } 20. Nxc4 { [%eval -1.36] } 20... Bxc4 { [%eval -1.48] } 21. Qc2 { [%eval -1.42] } 21... a4 { [%eval -1.05] } 22. Ba3 { [%eval -1.05] } 22... b5 { [%eval -1.05] } 23. Rb1 { [%eval -1.05] } 23... Bf8 { [%eval -1.05] } 24. Bc5? { [%eval -2.22] } 24... Bxc5 { [%eval -2.2] } 25. dxc5 { [%eval -2.2] } 25... Qe7 { [%eval -2.24] } 26. a3 { [%eval -2.45] } 26... Qxc5 { [%eval -2.36] } 27. Rec1? { [%eval -4.89] } 27... Qe7? { [%eval -2.48] } 28. Qc3 { [%eval -2.43] } 28... Rad8 { [%eval -2.37] } 29. Bf1 { [%eval -2.35] } 29... Qe5 { [%eval -2.32] } 30. Qd2 { [%eval -2.62] } 30... h5 { [%eval -2.54] } 31. Bg2 { [%eval -2.71] } 31... h4 { [%eval -2.67] } 32. Qd4 { [%eval -3.15] } 32... Qxd4 { [%eval -2.98] } 33. exd4 { [%eval -2.81] } 33... hxg3 { [%eval -3.01] } 34. hxg3 { [%eval -2.86] } 34... Kg7 { [%eval -2.8] } 35. Rd1?! { [%eval -3.34] } 35... Re2 { [%eval -3.23] } 36. Bf1 { [%eval -3.32] } 36... Ra2 { [%eval -3.12] } 37. Bg2?? { [%eval -6.39] } 37... Rxa3 { [%eval -6.0] } 38. Re1? { [%eval -7.34] } 38... Rb3 { [%eval -7.17] } 39. Rbd1? { [%eval -8.39] } 39... a3 { [%eval -8.21] } 40. Re7? { [%eval -11.6] } 40... a2 { [%eval -9.69] } 41. Ree1 { [%eval -9.42] } 41... Ra8 { [%eval -9.19] } 42. Ra1 { [%eval -8.68] } 42... Rba3 { [%eval -8.37] } 43. Re3? { [%eval -17.04] } 43... b4 { [%eval -15.72] } 44. Ree1 { [%eval -16.82] } 44... b3 { [%eval -15.15] } 45. Rec1 { [%eval -41.26] } 45... b2 { [%eval -25.55] } 0-1,2721.5
 Bullet tournament ,gnejs,KyleKorver,1-0,2016.07.13,22:31:40,2749,2792,14.0,-15.0,A13,English Opening: Agincourt Defense #2,30+0,Normal,1. Nf3 d5 2. c4 e6 3. e3 Nf6 4. d4 Nbd7 5. Be2 c6 6. O-O Bd6 7. Nc3 O-O 8. Qc2 dxc4 9. Rd1 e5 10. dxe5 Nxe5 11. Nxe5 Qc7 12. Nf3 Bg4 13. h3 Bh5 14. Bxc4 Bg6 15. Bd3 Rfd8 16. Bxg6 hxg6 17. Bd2 Be7 18. Be1 Qb6 19. Rxd8+ Rxd8 20. Rd1 Re8 21. Ne4 Nd5 22. Bc3 Bf8 23. Ng3 Qa6 24. b3 Qb6 25. Bb2 Qa5 26. e4 Nb4 27. Qb1 Qxa2 28. Qxa2 Nxa2 29. Ra1 Nb4 30. Rxa7 b5 31. Bd4 Nd3 32. Ne2 c5 33. Be3 Rxe4 34. Nc3 c4 35. Nxe4 cxb3 36. Nc3 b4 37. Nb1 b2 38. Ra8 Kh8 39. Rxf8+ Kh7 40. Rxf7 b3 41. Ng5+ Kg8 42. h4 Ne5 43. Ra7 Nd7 44. Ra8+ Nf8 45. Bc5 Kh8 46. Rxf8# 1-0,2770.5
 Bullet tournament ,AstanehChess,gnejs,1/2-1/2,2016.07.13,22:32:55,2657,2763,4.0,-4.0,A00,Lasker Simul Special,30+0,Normal,1. g3 h5 2. Bg2 h4 3. gxh4 e5 4. Nf3 e4 5. Nd4 d5 6. d3 c5 7. Nb3 exd3 8. cxd3 Nc6 9. Nc3 Be6 10. d4 c4 11. Nc5 Rxh4 12. Nxe6 fxe6 13. e3 Nf6 14. h3 Bb4 15. Qf3 Qa5 16. Bd2 O-O-O 17. a3 Bxc3 18. Bxc3 Qc7 19. Qg3 Rh7 20. Qxc7+ Kxc7 21. O-O-O Rdh8 22. Rdg1 g5 23. Bf1 g4 24. h4 Rxh4 25. Rxh4 Rxh4 26. Be1 Rh2 27. Kd1 Ne4 28. f3 gxf3 29. Bg3+ Nxg3 30. Rxg3 Rf2 31. Ke1 Rxb2 32. Rxf3 Kd6 33. Rf2 Rb1+ 34. Ke2 Rb2+ 35. Kf3 Rxf2+ 36. Kxf2 c3 37. Ke2 Nb4 38. axb4 c2 39. Kd2 c1=Q+ 40. Kxc1 a5 41. Kc2 axb4 42. Kb3 e5 43. Kxb4 exd4 44. exd4 Ke6 45. Bb5 Kf5 46. Kc5 Ke4 47. Bd7 b6+ 48. Kxb6 Kxd4 49. Bc6 Kc3 50. Bxd5 1/2-1/2,2710.0
 Bullet tournament ,KyleKorver,penguingim1,1/2-1/2,2016.07.13,22:35:30,2767,2876,4.0,-4.0,A40,"Englund Gambit Declined, Reversed Alekhine",30+0,Normal,1. d4 e5 2. Nf3 exd4 3. Nxd4 Nf6 4. Nb3 d5 5. g3 Be7 6. Bg2 c6 7. O-O O-O 8. Nc3 Bf5 9. e4 dxe4 10. Bg5 Nbd7 11. Re1 h6 12. Bxf6 Nxf6 13. Nxe4 Nxe4 14. Bxe4 Bxe4 15. Rxe4 Bf6 16. c3 Qxd1+ 17. Rxd1 Rfd8 18. Ree1 Kf8 19. Kf1 b6 20. Ke2 c5 21. Nd2 Rdb8 22. Ne4 Re8 23. Kf3 Be7 24. a4 Red8 25. Nd2 g6 26. Nc4 f6 27. Rxd8+ Rxd8 28. Ke2 Rd7 29. Rd1 Ke8 30. Rxd7 Kxd7 31. Kd3 Kc6 32. Ne3 a6 33. c4 Bd6 34. b3 Be5 35. Nd5 Bd4 36. f3 b5 37. h3 bxa4 38. bxa4 Kd6 39. g4 f5 40. gxf5 gxf5 41. f4 h5 42. Ke2 Ke6 43. Kf3 Bc3 44. Kg3 Bd4 45. Kh4 Bf6+ 46. Kxh5 Bd4 47. Kg6 Bf2 48. h4 Bxh4 49. Kh5 Bf2 50. Kg6 Bd4 51. Nc7+ Kd6 52. Nxa6 Kc6 53. Kxf5 Kb6 54. Ke6 Ka5 55. f5 Kxa6 56. Kd5 Bf6 57. Ke6 Ka5 58. Kxf6 Kxa4 59. Ke6 Kb4 60. Kd5 Kc3 61. f6 Kd3 62. f7 Kc3 63. f8=Q Kb4 64. Qxc5+ Kc3 65. Qd4+ Kb3 66. c5 Kc2 67. c6 Kb3 68. Qc4+ Ka3 69. c7 Kb2 70. c8=Q Ka1 71. Qb8 1/2-1/2,2821.5
 Bullet tournament ,avalongamemaster,gnejs,1-0,2016.07.13,22:36:04,2766,2743,13.0,-12.0,A00,Lasker Simul Special,30+0,Normal,1. g3 { [%eval -0.23] } 1... h5 { [%eval 0.23] } 2. Bg2 { [%eval 0.0] } 2... h4 { [%eval 0.2] } 3. Nf3 { [%eval -0.27] } 3... h3 { [%eval -0.27] } 4. Bf1 { [%eval -0.15] } 4... e5 { [%eval 0.32] } 5. d3?! { [%eval -0.32] } 5... Nc6 { [%eval -0.44] } 6. e4 { [%eval -0.45] } 6... Nf6 { [%eval -0.53] } 7. Be2 { [%eval -0.52] } 7... d5 { [%eval -0.46] } 8. Nc3 { [%eval -0.43] } 8... d4 { [%eval -0.48] } 9. Nb1 { [%eval -0.38] } 9... Be7 { [%eval -0.38] } 10. Nbd2 { [%eval -0.48] } 10... Be6 { [%eval -0.08] } 11. a3 { [%eval -0.55] } 11... a5 { [%eval -0.2] } 12. b3 { [%eval -0.66] } 12... a4 { [%eval -0.38] } 13. b4 { [%eval -0.49] } 13... b5 { [%eval -0.5] } 14. Bb2 { [%eval -0.51] } 14... Nd7 { [%eval -0.07] } 15. O-O { [%eval -0.14] } 15... f6?! { [%eval 0.5] } 16. c3 { [%eval 0.51] } 16... Nb6?! { [%eval 1.41] } 17. cxd4 { [%eval 1.48] } 17... Nxd4 { [%eval 1.4] } 18. Nxd4 { [%eval 1.37] } 18... exd4 { [%eval 1.18] } 19. Nf3 { [%eval 1.11] } 19... c5 { [%eval 1.09] } 20. bxc5 { [%eval 1.02] } 20... Bxc5 { [%eval 0.91] } 21. Rc1 { [%eval 0.59] } 21... Rc8 { [%eval 0.95] } 22. Rxc5 { [%eval 0.8] } 22... Rxc5 { [%eval 0.79] } 23. Nxd4 { [%eval 0.67] } 23... Bd7 { [%eval 0.7] } 24. Qd2 { [%eval 0.43] } 24... O-O?! { [%eval 1.29] } 25. Rc1? { [%eval -0.02] } 25... Qe7 { [%eval 0.36] } 26. Rxc5 { [%eval 0.0] } 26... Qxc5 { [%eval -0.06] } 27. Nf3? { [%eval -1.25] } 27... Rd8? { [%eval -0.21] } 28. Bf1 { [%eval -0.5] } 28... Be6 { [%eval -0.28] } 29. d4?! { [%eval -1.08] } 29... Qd6 { [%eval -0.72] } 30. d5 { [%eval -0.81] } 30... Bxd5? { [%eval 0.8] } 31. exd5 { [%eval 1.01] } 31... Qxd5 { [%eval 1.19] } 32. Qf4?! { [%eval 0.55] } 32... Nc4 { [%eval 0.61] } 33. Bc3 { [%eval 0.81] } 33... Ne5? { [%eval 3.32] } 34. Nxe5 { [%eval 3.01] } 34... fxe5 { [%eval 3.06] } 35. Bxe5 { [%eval 2.79] } 35... Rf8 { [%eval 2.8] } 36. Qg5 { [%eval 2.68] } 36... Qf7?! { [%eval 3.39] } 37. f4?? { [%eval 0.0] } 37... b4?? { [%eval 17.66] } 38. Bc4 { [%eval 14.89] } 38... bxa3?! { [%eval #1] } 39. Qxg7# 1-0,2754.5
 Bullet tournament ,penguingim1,AstanehChess,1-0,2016.07.13,22:37:43,2873,2651,6.0,-5.0,A00,Van't Kruijs Opening,30+0,Normal,1. e3 c5 2. d3 d5 3. Ne2 Nf6 4. b3 g6 5. Bb2 Nc6 6. Bxf6 exf6 7. g3 Bg7 8. Bg2 O-O 9. O-O Re8 10. Nd2 f5 11. Rb1 d4 12. exd4 cxd4 13. h3 Nb4 14. a3 Na2 15. Nc4 Nc3 16. Nxc3 dxc3 17. a4 Be6 18. Re1 Rb8 19. Qf3 Qc7 20. Na3 b6 21. Nc4 Qd6 22. Nxd6 Red8 23. Nc4 1-0,2762.0
 Bullet tournament ,KyleKorver,AstanehChess,1-0,2016.07.13,22:39:16,2749,2649,10.0,-9.0,A40,Queen's Pawn,30+0,Normal,1. d4 c6 2. Nf3 d5 3. g3 Nf6 4. Bg2 g6 5. O-O Bg7 6. Re1 O-O 7. Nc3 Bf5 8. Nh4 Be6 9. e4 dxe4 10. Nxe4 Nxe4 11. Bxe4 Bd5 12. Bxd5 cxd5 13. c3 Nc6 14. Nf3 e6 15. Qe2 Rc8 16. Bf4 a6 17. h4 Re8 18. h5 Qb6 19. h6 Bf6 20. Bg5 Qd8 21. Bxf6 Qe7 22. Bxe7 1-0,2699.0
 Bullet tournament ,KyleKorver,penguingim1,0-1,2016.07.13,22:39:49,2759,2862,-10.0,10.0,A40,Englund Gambit,30+0,Normal,1. d4 e5 2. dxe5 Nc6 3. Nf3 d6 4. g3 dxe5 5. Qxd8+ Kxd8 6. Nc3 Bd6 7. Bg2 f5 8. Bg5+ Nf6 9. O-O-O Be6 10. e4 fxe4 11. Nxe4 Ke7 12. Nxd6 cxd6 13. Rhe1 Rac8 14. Nd2 Nb4 15. c3 Nd3+ 16. Kb1 Nxe1 17. Rxe1 h6 18. Be3 b6 19. Kc1 Bd5 20. f4 Bxg2 21. fxe5 dxe5 22. Bf4 Bd5 23. Bxe5 Kf7 24. Bd4 Rhe8 25. Rf1 Re6 26. Kc2 Bxa2 27. b3 Re2 28. Kd3 Rxh2 29. Ra1 Rxd2+ 30. Kxd2 Bxb3 31. Rxa7+ Kg6 32. Bxb6 Be6 33. Bd4 Rc6 34. Ra5 Bf5 35. Ke3 Ne4 36. Kf4 Nf6 37. Rxf5 Nh5+ 38. Kg4 Nf6+ 39. Kf4 Re6 40. Bxf6 gxf6 41. g4 Rc6 42. c4 Rxc4+ 43. Kg3 Rc3+ 44. Rf3 Rxf3+ 45. Kxf3 Kg5 46. Kg3 h5 47. Kh3 hxg4+ 48. Kg3 f5 49. Kg2 f4 50. Kf2 Kh4 51. Kg2 f3+ 52. Kh2 g3+ 53. Kg1 Kh3 54. Kf1 g2+ 55. Ke1 Kh2 56. Kf2 g1=Q+ 57. Kxf3 Qg2+ 58. Kf4 Kh3 59. Ke5 Qg4 60. Kd6 Kg3 61. Kc6 Qf4 62. Kb6 Kg4 63. Ka6 Kf5 64. Ka7 Qe5 65. Ka8 Ke6 66. Ka7 Qd6 67. Ka8 Kd5 68. Ka7 Kc5 69. Ka8 Kb5 70. Kb7 Qd7+ 71. Ka8 Kb6 72. Kb8 Qd8# 0-1,2810.5
 Bullet tournament ,avalongamemaster,KyleKorver,1-0,2016.07.13,22:41:10,2783,2749,12.0,-12.0,A00,Hungarian Opening: Slav Formation,30+0,Normal,1. g3 { [%eval -0.2] } 1... c6 { [%eval 0.03] } 2. Bg2 { [%eval 0.05] } 2... d5 { [%eval 0.04] } 3. Nf3 { [%eval 0.05] } 3... Nf6 { [%eval 0.05] } 4. O-O { [%eval 0.15] } 4... h5 { [%eval 0.26] } 5. Re1 { [%eval 0.39] } 5... h4 { [%eval 0.42] } 6. Nxh4 { [%eval 0.29] } 6... g5?! { [%eval 1.12] } 7. Nf3 { [%eval 1.15] } 7... g4 { [%eval 1.14] } 8. Nh4 { [%eval 1.1] } 8... Bh6 { [%eval 1.28] } 9. d4 { [%eval 1.22] } 9... Bxc1 { [%eval 1.29] } 10. Qxc1 { [%eval 1.32] } 10... Qd6 { [%eval 1.36] } 11. Nc3 { [%eval 1.41] } 11... Nbd7? { [%eval 3.03] } 12. e4 { [%eval 3.05] } 12... dxe4? { [%eval 4.72] } 13. Nxe4?? { [%eval 1.35] } 13... Nxe4 { [%eval 1.37] } 14. Nf5 { [%eval 1.42] } 14... Ndf6?? { [%eval 5.14] } 15. Nxd6+ { [%eval 5.37] } 15... Nxd6 { [%eval 5.31] } 16. Qf4 { [%eval 5.27] } 16... Be6 { [%eval 5.15] } 17. c4 { [%eval 4.96] } 17... O-O-O? { [%eval 6.22] } 18. d5 { [%eval 6.08] } 18... cxd5 { [%eval 6.09] } 19. cxd5 { [%eval 6.13] } 19... Nxd5 { [%eval 5.84] } 20. Rac1+?! { [%eval 5.17] } 20... Kb8?! { [%eval 5.93] } 21. Bxd5 { [%eval 5.98] } 21... Bxd5 { [%eval 5.97] } 22. Rxe7 { [%eval 5.67] } 22... Bc6? { [%eval 7.28] } 23. Rxc6 { [%eval 7.16] } 23... bxc6 { [%eval 6.91] } 24. Qb4+ { [%eval 6.51] } 24... Kc8?? { [%eval #5] } 25. Qa5?? { [%eval 5.06] } 25... Nb5?? { [%eval #2] } 26. Qa6+ { [%eval #1] } 26... Kb8 { [%eval #1] } 27. Qb7# 1-0,2766.0
 Bullet tournament ,avalongamemaster,penguingim1,1-0,2016.07.13,22:43:10,2797,2851,15.0,-14.0,A00,Hungarian Opening: Catalan Formation,30+0,Normal,1. g3 { [%eval -0.21] } 1... d5 { [%eval 0.0] } 2. Bg2 { [%eval -0.2] } 2... e6 { [%eval 0.0] } 3. d3 { [%eval -0.2] } 3... Nf6 { [%eval -0.16] } 4. Nd2 { [%eval -0.22] } 4... Be7 { [%eval -0.15] } 5. e4 { [%eval -0.21] } 5... O-O { [%eval -0.21] } 6. e5 { [%eval -0.23] } 6... Nfd7 { [%eval -0.15] } 7. f4 { [%eval -0.15] } 7... c5 { [%eval -0.14] } 8. Ngf3 { [%eval -0.15] } 8... f6 { [%eval 0.24] } 9. O-O?! { [%eval -0.33] } 9... fxe5 { [%eval -0.23] } 10. fxe5 { [%eval -0.21] } 10... Nc6 { [%eval -0.3] } 11. Re1 { [%eval -0.52] } 11... Qc7 { [%eval -0.44] } 12. c3 { [%eval -0.87] } 12... Ndxe5 { [%eval -0.77] } 13. Nxe5 { [%eval -0.81] } 13... Nxe5 { [%eval -0.81] } 14. Nf3 { [%eval -0.86] } 14... Nxf3+ { [%eval -0.89] } 15. Bxf3 { [%eval -0.9] } 15... Bd6 { [%eval -0.88] } 16. Bg2 { [%eval -0.88] } 16... Bd7 { [%eval -0.91] } 17. d4 { [%eval -1.27] } 17... Rae8 { [%eval -0.85] } 18. Be3 { [%eval -0.91] } 18... cxd4 { [%eval -0.97] } 19. Bxd4 { [%eval -0.98] } 19... a6 { [%eval -0.93] } 20. Qg4?? { [%eval -4.0] } 20... Bc6?? { [%eval 0.82] } 21. Qh4? { [%eval -1.36] } 21... e5 { [%eval -1.58] } 22. Be3 { [%eval -1.39] } 22... d4?! { [%eval -0.86] } 23. cxd4?! { [%eval -1.42] } 23... exd4?! { [%eval -0.72] } 24. Qxd4? { [%eval -3.16] } 24... Bxg2 { [%eval -2.9] } 25. Kxg2 { [%eval -3.12] } 25... Qc6+ { [%eval -3.05] } 26. Kg1 { [%eval -3.07] } 26... Be5? { [%eval -0.23] } 27. Qd3?! { [%eval -0.89] } 27... Bxb2?? { [%eval 2.62] } 28. Qb3+ { [%eval 2.63] } 28... Kh8 { [%eval 2.79] } 29. Qxb2 { [%eval 2.77] } 29... h6 { [%eval 2.96] } 30. Bd4 { [%eval 2.84] } 30... Qg6? { [%eval 3.87] } 31. Rad1? { [%eval 2.61] } 31... Kh7? { [%eval 3.68] } 32. Qxb7 { [%eval 3.67] } 32... Rxe1+ { [%eval 4.1] } 33. Rxe1 { [%eval 4.04] } 33... Rf7 { [%eval 4.05] } 34. Qe4 { [%eval 4.02] } 34... Qxe4 { [%eval 3.89] } 35. Rxe4 { [%eval 3.89] } 35... Rd7 { [%eval 4.24] } 36. Rf4?! { [%eval 3.51] } 36... a5?! { [%eval 4.18] } 37. Kf2 { [%eval 4.06] } 37... Kg6 { [%eval 4.52] } 38. h4 { [%eval 4.39] } 38... h5 { [%eval 4.53] } 39. Kf3 { [%eval 4.46] } 39... Rb7 { [%eval 4.56] } 40. g4 { [%eval 4.45] } 40... Rd7? { [%eval 5.76] } 41. g5 { [%eval 5.7] } 41... Kh7?! { [%eval 6.41] } 42. Ke4 { [%eval 6.25] } 42... Kg6?! { [%eval 6.92] } 43. Be5? { [%eval 5.73] } 43... a4 { [%eval 5.67] } 44. Rf3 { [%eval 5.44] } 44... Rb7?? { [%eval 9.8] } 45. Rd3 { [%eval 8.93] } 45... Rb4+? { [%eval 11.84] } 46. Rd4 { [%eval 11.0] } 46... Rb7 { [%eval 10.92] } 47. Rd6+ { [%eval 10.15] } 47... Kh7?! { [%eval #2] } 48. g6+ { [%eval #1] } 48... Kg8 { [%eval #1] } 49. Rd8# 1-0,2824.0
 Bullet tournament ,gnejs,avalongamemaster,0-1,2016.07.13,22:44:24,2760,2812,-11.0,12.0,E62,"King's Indian Defense: Fianchetto Variation, Uhlmann-Szabo System",30+0,Normal,1. Nf3 { [%eval 0.17] } 1... d6 { [%eval 0.38] } 2. d4 { [%eval 0.45] } 2... g6 { [%eval 0.63] } 3. c4 { [%eval 0.47] } 3... Bg7 { [%eval 0.46] } 4. Nc3 { [%eval 0.48] } 4... Nf6 { [%eval 0.43] } 5. g3 { [%eval 0.41] } 5... O-O { [%eval 0.4] } 6. Bg2 { [%eval 0.37] } 6... Nc6 { [%eval 0.39] } 7. O-O { [%eval 0.42] } 7... e5 { [%eval 0.52] } 8. d5 { [%eval 0.59] } 8... Ne7 { [%eval 0.65] } 9. e4 { [%eval 0.52] } 9... Nd7 { [%eval 0.63] } 10. Ne1 { [%eval 0.43] } 10... a5 { [%eval 0.47] } 11. Nd3 { [%eval 0.42] } 11... f5 { [%eval 0.48] } 12. f4 { [%eval 0.22] } 12... exf4 { [%eval 0.31] } 13. Nxf4 { [%eval -0.17] } 13... Nc5 { [%eval 0.05] } 14. Kh1 { [%eval -0.34] } 14... fxe4 { [%eval 0.04] } 15. Nxe4 { [%eval 0.06] } 15... Nxe4 { [%eval 0.32] } 16. Bxe4 { [%eval 0.19] } 16... Nf5 { [%eval 0.23] } 17. Rb1 { [%eval 0.31] } 17... Bd7 { [%eval 0.26] } 18. b3 { [%eval -0.02] } 18... Qe7 { [%eval 0.01] } 19. Bg2 { [%eval -0.23] } 19... Rae8 { [%eval -0.18] } 20. Qd2 { [%eval -0.15] } 20... Ne3 { [%eval -0.2] } 21. Re1?! { [%eval -1.1] } 21... Bf5 { [%eval -1.13] } 22. Rb2 { [%eval -0.99] } 22... Nxc4? { [%eval 1.19] } 23. Rxe7 { [%eval 1.18] } 23... Nxd2 { [%eval 1.2] } 24. Rxg7+ { [%eval 1.05] } 24... Kxg7 { [%eval 1.12] } 25. Bxd2 { [%eval 1.02] } 25... g5?! { [%eval 1.7] } 26. Ne6+ { [%eval 1.73] } 26... Bxe6 { [%eval 1.74] } 27. dxe6 { [%eval 1.85] } 27... Rxe6 { [%eval 2.15] } 28. Bc3+ { [%eval 1.99] } 28... Kg6 { [%eval 1.97] } 29. h3? { [%eval 0.0] } 29... c6 { [%eval 0.39] } 30. Kh2 { [%eval 0.42] } 30... d5 { [%eval 0.37] } 31. Bd2?? { [%eval -3.13] } 31... Re2 { [%eval -2.9] } 32. Rb1?? { [%eval -8.2] } 32... Rxd2 { [%eval -8.11] } 33. Rf1? { [%eval #-7] } 33... Rxf1 { [%eval #-6] } 34. h4 { [%eval #-6] } 34... Rff2 { [%eval #-5] } 35. Kh3 { [%eval #-4] } 35... h5?! { [%eval #-4] } 36. hxg5 { [%eval #-4] } 36... Rxg2 { [%eval #-3] } 37. g4 { [%eval #-3] } 37... Rh2+?! { [%eval #-3] } 38. Kg3 { [%eval #-3] } 38... h4+ { [%eval #-2] } 39. Kf3 { [%eval #-2] } 39... Rhf2+?! { [%eval #-3] } 40. Ke3 { [%eval #-3] } 40... Rde2+?! { [%eval #-5] } 41. Kd4 { [%eval #-5] } 41... h3?! { [%eval #-6] } 42. Kc5 { [%eval #-6] } 42... h2 { [%eval #-5] } 43. Kb6 { [%eval #-5] } 43... h1=Q?! { [%eval #-5] } 44. b4 { [%eval #-4] } 44... Qe4?! { [%eval #-4] } 45. bxa5 { [%eval #-3] } 45... Qb4+?! { [%eval #-3] } 46. Kc7 { [%eval #-2] } 46... Re7+?! { [%eval #-2] } 47. Kc8 { [%eval #-1] } 47... Rf8# 0-1,2786.0
 Bullet tournament ,avalongamemaster,penguingim1,1-0,2016.07.13,22:45:34,2824,2846,14.0,-13.0,A00,Lasker Simul Special,30+0,Normal,1. g3 { [%eval -0.22] } 1... h5 { [%eval 0.22] } 2. Bg2 { [%eval 0.17] } 2... h4 { [%eval 0.22] } 3. d4 { [%eval 0.18] } 3... hxg3 { [%eval 0.32] } 4. hxg3 { [%eval 0.38] } 4... Nf6?? { [%eval 6.41] } 5. Rxh8 { [%eval 6.46] } 5... e6? { [%eval 7.65] } 6. e4 { [%eval 7.58] } 6... d6 { [%eval 7.72] } 7. Nc3 { [%eval 7.87] } 7... Nc6 { [%eval 7.88] } 8. Bg5 { [%eval 7.47] } 8... Qe7? { [%eval 8.58] } 9. Nf3 { [%eval 8.46] } 9... e5? { [%eval 10.53] } 10. Nd5 { [%eval 10.31] } 10... Nxd5 { [%eval 11.53] } 11. exd5 { [%eval 11.48] } 11... f6 { [%eval 11.3] } 12. dxc6 { [%eval 11.18] } 12... fxg5 { [%eval 11.14] } 13. dxe5 { [%eval 10.82] } 13... bxc6 { [%eval 11.62] } 14. Qd3 { [%eval 11.29] } 14... Be6 { [%eval 12.86] } 15. Qg6+?! { [%eval 9.42] } 15... Bf7 { [%eval 9.2] } 16. Qxg5 { [%eval 8.79] } 16... Qe6? { [%eval 13.33] } 17. Nd4 { [%eval 13.23] } 17... Qc4 { [%eval 29.33] } 18. Bxc6+ { [%eval 28.51] } 18... Qxc6 { [%eval 26.91] } 19. Nxc6 { [%eval 25.43] } 19... Kd7 { [%eval 21.47] } 20. Qf5+ { [%eval 25.07] } 20... Be6 { [%eval 21.25] } 21. Qf3 { [%eval 25.04] } 21... d5 { [%eval 30.27] } 22. Rxf8 { [%eval 29.69] } 22... Rxf8 { [%eval 29.52] } 23. Qxf8 { [%eval 20.07] } 23... Kxc6 { [%eval 24.83] } 24. Kd2 { [%eval 20.32] } 24... d4 { [%eval 30.43] } 25. Re1 { [%eval 27.07] } 25... Kd5?! { [%eval #12] } 26. Qd8+ { [%eval 67.61] } 26... Kc6 { [%eval 31.17] } 27. Re4 { [%eval 20.36] } 27... Bd7?! { [%eval #8] } 28. Rxd4 { [%eval #7] } 28... Bf5 { [%eval #3] } 29. c4?! { [%eval #6] } 29... Be6 { [%eval #5] } 30. b4?! { [%eval #6] } 30... a6 { [%eval #4] } 31. Qb8?! { [%eval #4] } 31... Bd7 { [%eval #3] } 32. a4?! { [%eval #3] } 32... Be6 { [%eval #2] } 33. Kc3?! { [%eval #3] } 33... g6 { [%eval #2] } 34. b5+ { [%eval #1] } 34... Kc5 { [%eval #1] } 35. Qxc7# 1-0,2835.0
 Bullet tournament ,KyleKorver,AMADAN,1-0,2016.07.13,22:48:39,2745,2574,8.0,-7.0,A49,Indian Game: Przepiorka Variation,30+0,Normal,1. d4 Nf6 2. Nf3 g6 3. g3 Bg7 4. Bg2 O-O 5. O-O d5 6. a4 c5 7. a5 cxd4 8. Nxd4 Nc6 9. Nxc6 bxc6 10. a6 Rb8 11. Be3 Qc7 12. Qd4 e5 13. Qxa7 Qd6 14. Qc5 Qe6 15. a7 Nd7 16. axb8=Q Nxc5 17. Bxc5 Re8 18. Qd6 Qf5 19. Qxc6 e4 20. Qxe8+ 1-0,2659.5
 Bullet tournament ,KyleKorver,avalongamemaster,0-1,2016.07.13,22:49:15,2753,2841,-10.0,10.0,A40,Modern Defense,30+0,Normal,1. d4 { [%eval 0.15] } 1... g6 { [%eval 0.63] } 2. Nf3 { [%eval 0.46] } 2... Bg7 { [%eval 0.68] } 3. g3?! { [%eval 0.06] } 3... d6 { [%eval 0.37] } 4. Bg2 { [%eval 0.37] } 4... Nf6 { [%eval 0.26] } 5. O-O { [%eval 0.24] } 5... O-O { [%eval 0.34] } 6. Nc3 { [%eval 0.12] } 6... Nc6 { [%eval 0.24] } 7. e4 { [%eval 0.34] } 7... e5 { [%eval 0.32] } 8. dxe5 { [%eval 0.17] } 8... Nxe5 { [%eval 0.17] } 9. Nxe5 { [%eval 0.1] } 9... dxe5 { [%eval 0.1] } 10. Qxd8 { [%eval 0.11] } 10... Rxd8 { [%eval 0.1] } 11. Bg5 { [%eval 0.13] } 11... c6 { [%eval 0.08] } 12. Rad1 { [%eval 0.11] } 12... Be6 { [%eval 0.16] } 13. Rxd8+ { [%eval 0.05] } 13... Rxd8 { [%eval 0.01] } 14. Rd1?! { [%eval -0.98] } 14... Rxd1+ { [%eval -0.98] } 15. Nxd1 { [%eval -0.98] } 15... h6? { [%eval 0.06] } 16. Bxf6?! { [%eval -0.53] } 16... Bxf6 { [%eval -0.56] } 17. a3 { [%eval -0.61] } 17... Be7 { [%eval -0.62] } 18. Nc3 { [%eval -0.7] } 18... Kg7 { [%eval -0.67] } 19. Bf1 { [%eval -0.78] } 19... f5 { [%eval -0.71] } 20. Bd3 { [%eval -0.7] } 20... Kf6 { [%eval -0.71] } 21. exf5 { [%eval -0.76] } 21... gxf5 { [%eval -0.71] } 22. f3 { [%eval -0.77] } 22... Bc5+ { [%eval -0.68] } 23. Kf1 { [%eval -0.74] } 23... b5 { [%eval -0.36] } 24. Nd1 { [%eval -0.84] } 24... a6 { [%eval -0.53] } 25. Ke2 { [%eval -0.61] } 25... Bb6 { [%eval -0.55] } 26. Nf2 { [%eval -0.71] } 26... c5 { [%eval -0.72] } 27. b4?? { [%eval -3.96] } 27... c4 { [%eval -3.48] } 28. Bxf5? { [%eval -4.96] } 28... Bxf5 { [%eval -3.77] } 29. Ne4+?? { [%eval -9.29] } 29... Bxe4 { [%eval -9.08] } 30. fxe4 { [%eval -9.15] } 30... Kg5 { [%eval -8.12] } 31. Kf3 { [%eval -8.36] } 31... h5 { [%eval -7.72] } 32. h4+? { [%eval -9.03] } 32... Kg6 { [%eval -8.06] } 33. g4? { [%eval -11.12] } 33... Bd8? { [%eval -8.73] } 34. g5? { [%eval -53.03] } 34... Bxg5 { [%eval -52.95] } 35. hxg5 { [%eval -120.0] } 35... Kxg5 { [%eval -61.8] } 36. Kg3?! { [%eval #-45] } 36... h4+ { [%eval #-31] } 37. Kf3 { [%eval #-33] } 37... h3 { [%eval #-25] } 38. Kg3 { [%eval #-26] } 38... h2 { [%eval #-29] } 39. Kxh2 { [%eval #-25] } 39... Kf4 { [%eval -58.96] } 40. Kg2?! { [%eval #-21] } 40... Kxe4 { [%eval #-20] } 41. Kf2 { [%eval #-20] } 41... Kd4 { [%eval #-20] } 42. Ke2 { [%eval #-21] } 42... Kc3 { [%eval #-20] } 43. Ke3 { [%eval #-17] } 43... Kxc2 { [%eval #-16] } 44. Ke4 { [%eval #-17] } 44... Kb3 { [%eval -59.65] } 0-1,2797.0
 Bullet tournament ,avalongamemaster,penguingim1,1-0,2016.07.13,22:50:00,2851,2845,13.0,-12.0,A00,Hungarian Opening,30+0,Normal,1. g3 { [%eval -0.21] } 1... d5 { [%eval 0.0] } 2. Bg2 { [%eval -0.29] } 2... Nf6 { [%eval -0.04] } 3. d3 { [%eval -0.24] } 3... e6 { [%eval -0.12] } 4. f4 { [%eval -0.21] } 4... Be7 { [%eval -0.2] } 5. Nf3 { [%eval -0.17] } 5... O-O { [%eval -0.24] } 6. e3 { [%eval -0.26] } 6... c5 { [%eval -0.19] } 7. O-O { [%eval -0.33] } 7... b5 { [%eval -0.29] } 8. b3 { [%eval -0.25] } 8... Bb7 { [%eval -0.34] } 9. Bb2 { [%eval -0.31] } 9... a5 { [%eval -0.22] } 10. Nbd2 { [%eval -0.25] } 10... a4 { [%eval -0.43] } 11. c4 { [%eval -0.7] } 11... Qb6?! { [%eval -0.05] } 12. cxb5?! { [%eval -0.57] } 12... Qxb5 { [%eval -0.48] } 13. Qc2?! { [%eval -1.2] } 13... axb3?! { [%eval -0.68] } 14. axb3?! { [%eval -1.2] } 14... Nc6 { [%eval -1.27] } 15. Bc3? { [%eval -2.34] } 15... Nb4? { [%eval -0.84] } 16. Bxb4 { [%eval -0.9] } 16... cxb4 { [%eval -0.85] } 17. Ne5 { [%eval -1.01] } 17... Qb6 { [%eval -0.73] } 18. d4 { [%eval -1.0] } 18... Rfc8?! { [%eval -0.45] } 19. Rxa8 { [%eval -0.45] } 19... Rxa8 { [%eval -0.45] } 20. Rc1 { [%eval -0.45] } 20... h6?? { [%eval 2.6] } 21. Bf1?? { [%eval -0.45] } 21... Rc8 { [%eval -0.45] } 22. Qxc8+ { [%eval -0.92] } 22... Bxc8 { [%eval -0.92] } 23. Rxc8+ { [%eval -0.88] } 23... Kh7? { [%eval 0.2] } 24. Bd3+ { [%eval 0.0] } 24... g6 { [%eval -0.1] } 25. Nxf7 { [%eval 0.0] } 25... Qb7 { [%eval 0.0] } 26. Rc1 { [%eval 0.0] } 26... Kg7 { [%eval 0.07] } 27. Ne5 { [%eval 0.23] } 27... g5?! { [%eval 0.76] } 28. Ndf3?! { [%eval 0.18] } 28... Ng4?? { [%eval 4.5] } 29. Nxg4 { [%eval 4.37] } 29... h5? { [%eval 5.56] } 30. Nge5 { [%eval 5.15] } 30... g4 { [%eval 5.56] } 31. Nd2? { [%eval 4.15] } 31... Kf6? { [%eval 5.82] } 32. Kf2? { [%eval 4.51] } 32... Qa7? { [%eval 5.95] } 33. Ke2? { [%eval 4.75] } 33... Qa2? { [%eval 7.63] } 34. Rc6? { [%eval 6.09] } 34... Qa8? { [%eval 7.63] } 35. Rc7 { [%eval 7.55] } 35... Qd8 { [%eval 7.49] } 36. Rd7 { [%eval 7.04] } 36... Qc8 { [%eval 7.39] } 37. e4 { [%eval 6.66] } 37... dxe4?? { [%eval #6] } 38. Nxe4+ { [%eval #5] } 38... Kg7 { [%eval #5] } 39. Rxe7+ { [%eval #4] } 39... Kf8 { [%eval #2] } 40. Rf7+?! { [%eval #4] } 40... Ke8 { [%eval #4] } 41. Nd6+ { [%eval #3] } 41... Kd8 { [%eval #3] } 42. Nxc8 { [%eval #2] } 42... Kxc8 { [%eval #2] } 43. Nc6 { [%eval #1] } 43... e5 { [%eval #1] } 44. Ba6# 1-0,2848.0
 Bullet tournament ,penguingim1,gnejs,1-0,2016.07.13,22:51:09,2833,2753,9.0,-10.0,A40,Englund Gambit,30+0,Normal,1. d4 e5 2. dxe5 Nc6 3. Nf3 d6 4. exd6 Bxd6 5. Nc3 Nf6 6. e4 Bg4 7. Bd3 Ne5 8. Be2 Ng6 9. h3 Be6 10. Bd3 Qe7 11. Qe2 O-O-O 12. e5 Nxe5 13. Nxe5 Bxe5 14. Qxe5 Rhe8 15. Be3 Qb4 16. a3 Qxb2 17. Rb1 Qxa3 18. Nb5 Qa5+ 19. Kf1 Bc4 20. Nxa7+ Qxa7 21. Qf5+ Be6 22. Bxa7 Bxf5 23. Bxf5+ Nd7 24. Be3 g6 25. Bxd7+ Rxd7 26. Ke2 f5 27. Rhd1 f4 28. Rxd7 Kxd7 29. Rxb7 Kc6 30. Rb3 fxe3 31. Rxe3 Ra8 32. Rc3+ Kb7 33. Rd3 Ra6 34. Rb3+ Kc8 35. Rc3 Re6+ 36. Re3 Rd6 37. c3 Rb6 38. f4 Ra6 39. g4 Rc6 40. Kf3 Kb7 41. f5 Rf6 42. Kf4 gxf5 43. gxf5 Rf7 44. Kg5 Rf8 45. f6 Rd8 46. f7 Rf8 47. Kf6 Rd8 48. Kg7 Rd7 49. Kg8 Rd6 50. f8=Q Rg6+ 51. Kxh7 Rd6 52. Qf3+ Kb6 53. Re4 Rd7+ 54. Kg6 Rd6+ 55. Kf5 Kc5 56. Rc4+ Kxc4 57. Qe4+ Kc5 58. Qe5+ Rd5 59. h4 c6 60. Qxd5+ Kxd5 61. h5 Kc4 62. h6 Kxc3 63. h7 Kc4 64. h8=Q Kb4 65. Ke4 c5 66. Qb2+ Kc4 67. Qc2+ Kb5 68. Kd5 Kb6 69. Qc4 Kb7 70. Qxc5 Kb8 71. Qc6 Ka7 72. Kd6 Kb8 73. Kc5 Ka7 74. Kb5 Kb8 75. Qd7 Ka8 76. Kb6 Kb8 77. Qd8# 1-0,2793.0
 Bullet tournament ,avalongamemaster,AMADAN,1-0,2016.07.13,22:51:09,2864,2554,4.0,-4.0,A01,Nimzo-Larsen Attack: Classical Variation,30+0,Normal,1. b3 { [%eval -0.19] } 1... d5 { [%eval -0.03] } 2. Bb2 { [%eval 0.0] } 2... c5 { [%eval 0.04] } 3. e3 { [%eval 0.01] } 3... Nc6 { [%eval 0.0] } 4. Nf3 { [%eval 0.01] } 4... d4?! { [%eval 0.77] } 5. Bb5 { [%eval 0.79] } 5... e5?! { [%eval 1.61] } 6. Nxe5 { [%eval 1.75] } 6... Qc7? { [%eval 3.0] } 7. Nxc6? { [%eval 1.67] } 7... bxc6 { [%eval 1.82] } 8. Bc4 { [%eval 1.41] } 8... Nf6 { [%eval 1.51] } 9. O-O { [%eval 1.29] } 9... Bd6 { [%eval 1.63] } 10. f4?! { [%eval 1.02] } 10... O-O { [%eval 1.2] } 11. Qf3 { [%eval 1.11] } 11... Bg4 { [%eval 1.28] } 12. Qg3 { [%eval 1.15] } 12... h5?! { [%eval 1.72] } 13. Bd3 { [%eval 1.71] } 13... Ne4?? { [%eval 5.24] } 14. Bxe4 { [%eval 5.14] } 14... f5? { [%eval 6.18] } 15. Bd3 { [%eval 6.12] } 15... Rae8? { [%eval 8.42] } 16. Bc4+?! { [%eval 7.65] } 16... Kh8 { [%eval 7.94] } 17. h3 { [%eval 7.84] } 17... g5 { [%eval 8.26] } 18. hxg4 { [%eval 8.09] } 18... gxf4?! { [%eval 8.98] } 19. Qh3 { [%eval 9.01] } 19... fxg4 { [%eval 9.15] } 20. Qxh5+ { [%eval 9.01] } 20... Qh7 { [%eval 8.73] } 21. Qxh7+ { [%eval 8.83] } 21... Kxh7 { [%eval 8.71] } 22. exd4 { [%eval 8.6] } 22... f3?! { [%eval 9.56] } 23. gxf3 { [%eval 9.44] } 23... gxf3?! { [%eval 10.51] } 24. Kf2 { [%eval 9.64] } 24... Rg8 { [%eval 13.97] } 25. Rh1+ { [%eval 13.35] } 25... Kg7 { [%eval 22.09] } 26. dxc5+ { [%eval 19.51] } 26... Kf8 { [%eval 54.59] } 27. cxd6 { [%eval 30.39] } 27... Rg2+?! { [%eval #13] } 28. Kxf3 { [%eval #14] } 28... Ree2 { [%eval #2] } 29. Rh8+ { [%eval #1] } 29... Rg8 { [%eval #1] } 30. Rxg8# 1-0,2709.0
 Bullet tournament ,AstanehChess,penguingim1,1-0,2016.07.13,22:52:50,2629,2842,19.0,-19.0,D05,Colle System,30+0,Normal,1. Nf3 { [%eval 0.11] } 1... d5 { [%eval 0.15] } 2. e3 { [%eval 0.07] } 2... e6 { [%eval 0.12] } 3. d4 { [%eval 0.06] } 3... Nf6 { [%eval 0.13] } 4. c4 { [%eval 0.05] } 4... Be7 { [%eval 0.07] } 5. cxd5 { [%eval 0.03] } 5... exd5 { [%eval 0.0] } 6. Nc3 { [%eval 0.02] } 6... c6 { [%eval 0.2] } 7. Bd3 { [%eval 0.16] } 7... O-O { [%eval 0.08] } 8. O-O { [%eval 0.08] } 8... g6 { [%eval 0.19] } 9. h3 { [%eval 0.24] } 9... Nh5 { [%eval 0.67] } 10. Re1 { [%eval 0.39] } 10... Ng7 { [%eval 0.85] } 11. e4 { [%eval 0.77] } 11... Bf5?? { [%eval 5.01] } 12. exf5 { [%eval 4.99] } 12... Nd7 { [%eval 4.98] } 13. fxg6?! { [%eval 4.32] } 13... hxg6 { [%eval 4.79] } 14. Bh6?! { [%eval 4.28] } 14... Bd6 { [%eval 4.47] } 15. Ne5?! { [%eval 3.68] } 15... Qf6?? { [%eval 8.26] } 16. Qg4?? { [%eval 2.88] } 16... Nxe5 { [%eval 2.93] } 17. dxe5 { [%eval 2.79] } 17... Bxe5 { [%eval 2.69] } 18. Bg5 { [%eval 2.7] } 18... Qd6 { [%eval 2.75] } 19. Rad1 { [%eval 2.65] } 19... Rfe8 { [%eval 2.65] } 20. Bc2 { [%eval 2.46] } 20... Qc5 { [%eval 2.89] } 21. Be3 { [%eval 2.79] } 21... d4? { [%eval 3.83] } 22. Bxd4 { [%eval 3.8] } 22... Bxd4 { [%eval 3.79] } 23. Rxe8+ { [%eval 3.7] } 23... Rxe8 { [%eval 3.7] } 24. Qxd4 { [%eval 3.67] } 24... Qa5? { [%eval 6.39] } 25. a3? { [%eval 5.0] } 25... Ne6?! { [%eval 5.84] } 26. Qf6 { [%eval 5.41] } 26... Qb6?? { [%eval 61.31] } 27. b4?? { [%eval 5.59] } 27... Ng7?? { [%eval #9] } 28. Bb3? { [%eval 7.14] } 28... Rf8? { [%eval 22.08] } 29. Qxg6 { [%eval 13.12] } 29... Qc7?! { [%eval #12] } 30. Ne4 { [%eval #13] } 30... Kh8 { [%eval #2] } 31. Qh6+ { [%eval #1] } 31... Kg8 { [%eval #1] } 32. Nf6# 1-0,2735.5
 Bullet tournament ,avalongamemaster,JaffaCakes,1-0,2016.07.13,22:54:24,2864,2481,3.0,-3.0,A00,Hungarian Opening,30+0,Normal,1. g3 e6 2. Bg2 Nf6 3. Nf3 d5 4. O-O Be7 5. d3 c5 6. Nc3 d4 7. e4 dxe3 8. fxe3 Nc6 9. Qe1 c4 10. Bd2 cxd3 11. cxd3 Qxd3 12. Rc1 Qa6 13. e4 Bd7 14. e5 Nd5 15. Nxd5 exd5 16. Ng5 Be6 17. Nxe6 fxe6 18. Rf3 O-O-O 19. Rb3 Kb8 20. Bf1 Qa4 21. Bb5 Qd4+ 22. Be3 Qxe5 23. Bxc6 b6 24. Qd2 d4 25. Bf4 Bd6 26. Bxe5 Bxe5 27. Qa5 Bc7 28. Qa6 1-0,2672.5
 Bullet tournament ,penguingim1,gnejs,0-1,2016.07.13,22:54:41,2826,2746,-15.0,15.0,A00,Van't Kruijs Opening,30+0,Normal,1. e3 e5 2. d3 Nf6 3. Ne2 h5 4. Nd2 h4 5. h3 d5 6. c4 Nc6 7. cxd5 Nxd5 8. Nc3 Nb6 9. Qc2 Be6 10. Nc4 Nb4 11. Qb3 Nxd3+ 12. Bxd3 Qxd3 13. Nxe5 Qd6 14. Qb5+ c6 15. Qa5 O-O-O 16. O-O Kb8 17. Nf3 Nc4 18. Qa4 f6 19. Qc2 g6 20. e4 Ne5 21. Nxe5 fxe5 22. Be3 Qc7 23. Rad1 Bh6 24. Bxh6 Rxh6 25. Rxd8+ Qxd8 26. Rd1 Qc7 27. f3 Rh8 28. Qf2 Rd8 29. Rxd8+ Qxd8 30. Qe3 g5 31. a3 b6 32. Kf2 Kc7 33. Ne2 c5 34. Qc3 Qd6 35. Nc1 Qd4+ 36. Qxd4 exd4 37. Nd3 Kd6 38. b4 c4 39. Nc1 Ke5 40. Ne2 d3 41. Ng1 Kd4 42. f4 gxf4 43. Nf3+ Kxe4 44. Ke1 c3 45. Kd1 Ke3 46. Kc1 Bb3 47. Kb1 d2 48. Nxd2 cxd2 49. Kb2 d1=Q 50. Kc3 Qc2# 0-1,2786.0
 Bullet tournament ,KyleKorver,avalongamemaster,0-1,2016.07.13,22:55:25,2712,2867,-7.0,8.0,A40,Modern Defense,30+0,Normal,1. d4 { [%eval 0.15] } 1... g6 { [%eval 0.62] } 2. Nf3 { [%eval 0.46] } 2... Bg7 { [%eval 0.63] } 3. g3 { [%eval 0.17] } 3... d6 { [%eval 0.36] } 4. Bg2 { [%eval 0.34] } 4... Nf6 { [%eval 0.34] } 5. O-O { [%eval 0.35] } 5... O-O { [%eval 0.36] } 6. a4 { [%eval -0.07] } 6... Nc6 { [%eval -0.05] } 7. a5 { [%eval 0.0] } 7... e5 { [%eval 0.0] } 8. d5 { [%eval -0.05] } 8... Ne7 { [%eval 0.35] } 9. Nc3 { [%eval 0.0] } 9... Nd7 { [%eval 0.45] } 10. e4 { [%eval 0.4] } 10... f5 { [%eval 0.63] } 11. Nd2?! { [%eval 0.03] } 11... f4 { [%eval 0.27] } 12. Nb3 { [%eval -0.15] } 12... g5 { [%eval -0.08] } 13. gxf4? { [%eval -1.24] } 13... exf4 { [%eval -0.7] } 14. Re1? { [%eval -2.1] } 14... Ne5 { [%eval -2.0] } 15. Nd4 { [%eval -1.88] } 15... N7g6 { [%eval -1.74] } 16. Ne6 { [%eval -1.94] } 16... Qe7? { [%eval -0.78] } 17. Nd4? { [%eval -3.29] } 17... g4 { [%eval -3.21] } 18. Nf5?! { [%eval -3.95] } 18... Qg5? { [%eval -2.34] } 19. Kh1 { [%eval -2.25] } 19... Qh5 { [%eval -2.16] } 20. Rg1?! { [%eval -3.03] } 20... f3? { [%eval -1.7] } 21. Bf1 { [%eval -1.73] } 21... Bxf5 { [%eval -1.68] } 22. exf5 { [%eval -1.73] } 22... Rxf5 { [%eval -1.82] } 23. Ne4 { [%eval -1.75] } 23... Rff8 { [%eval -1.38] } 24. Ng3 { [%eval -1.35] } 24... Qh4 { [%eval -1.35] } 25. Be3?! { [%eval -2.06] } 25... Rae8? { [%eval -0.46] } 26. c4? { [%eval -2.21] } 26... Bh6 { [%eval -2.14] } 27. Qd2? { [%eval -3.49] } 27... Bxe3 { [%eval -3.36] } 28. Qxe3 { [%eval -3.28] } 28... Nf4 { [%eval -3.29] } 29. Qxf4?? { [%eval -13.87] } 29... Rxf4 { [%eval -13.41] } 30. c5 { [%eval -13.66] } 30... Rf6 { [%eval -13.17] } 31. Ra3?! { [%eval #-9] } 31... Rh6 { [%eval #-8] } 32. Ra4 { [%eval #-1] } 32... Qxh2# 0-1,2789.5
 Bullet tournament ,avalongamemaster,AstanehChess,1-0,2016.07.13,22:56:25,2875,2631,5.0,-5.0,A00,Hungarian Opening: Slav Formation,30+0,Normal,1. g3 { [%eval -0.34] } 1... c6 { [%eval 0.09] } 2. Bg2 { [%eval 0.03] } 2... d5 { [%eval 0.03] } 3. Nf3 { [%eval 0.05] } 3... Nf6 { [%eval 0.05] } 4. O-O { [%eval 0.08] } 4... g6 { [%eval 0.12] } 5. d3 { [%eval 0.12] } 5... Bg7 { [%eval 0.12] } 6. b3 { [%eval -0.12] } 6... O-O { [%eval 0.13] } 7. Bb2 { [%eval 0.14] } 7... Re8 { [%eval 0.15] } 8. e3 { [%eval -0.03] } 8... Nbd7 { [%eval 0.0] } 9. Nbd2 { [%eval -0.06] } 9... e5 { [%eval -0.06] } 10. c4 { [%eval -0.16] } 10... e4 { [%eval -0.06] } 11. dxe4 { [%eval -0.06] } 11... dxe4 { [%eval -0.06] } 12. Nd4 { [%eval -0.14] } 12... Nc5 { [%eval 0.06] } 13. Qc2 { [%eval -0.29] } 13... Bg4 { [%eval 0.06] } 14. h3 { [%eval 0.21] } 14... Bf5 { [%eval 0.17] } 15. Nxf5 { [%eval 0.0] } 15... gxf5 { [%eval -0.08] } 16. Rfd1 { [%eval -0.1] } 16... Qd3 { [%eval 0.04] } 17. Qxd3 { [%eval -0.05] } 17... Nxd3 { [%eval -0.18] } 18. Bc3 { [%eval -0.13] } 18... Rad8 { [%eval -0.08] } 19. Nf1 { [%eval -0.4] } 19... Rd7?! { [%eval 0.13] } 20. h4?! { [%eval -0.77] } 20... Red8 { [%eval -0.74] } 21. Bh3? { [%eval -2.0] } 21... Ng4?! { [%eval -1.45] } 22. Bxg7 { [%eval -1.45] } 22... Kxg7 { [%eval -1.45] } 23. Rd2 { [%eval -1.45] } 23... Nde5 { [%eval -1.45] } 24. Rxd7 { [%eval -1.45] } 24... Rxd7 { [%eval -1.45] } 25. Kg2 { [%eval -1.5] } 25... Rd3 { [%eval -1.5] } 26. Bxg4 { [%eval -1.5] } 26... Nxg4 { [%eval -1.15] } 27. Nh2 { [%eval -1.25] } 27... h5?! { [%eval -0.51] } 28. Nxg4 { [%eval -0.5] } 28... hxg4 { [%eval -0.37] } 29. Kf1 { [%eval -0.4] } 29... Rd2 { [%eval -0.39] } 30. Ke1 { [%eval -0.4] } 30... Rb2 { [%eval -0.43] } 31. Rd1 { [%eval -0.43] } 31... Rxa2 { [%eval -0.57] } 32. Rd7 { [%eval -0.68] } 32... b6 { [%eval -0.87] } 33. Rb7 { [%eval -0.94] } 33... c5 { [%eval -0.94] } 34. h5 { [%eval -1.33] } 34... Ra3 { [%eval -1.34] } 35. h6+ { [%eval -1.34] } 35... Kxh6 { [%eval -1.34] } 36. Rxf7 { [%eval -1.34] } 36... Rxb3 { [%eval -1.14] } 37. Rxf5? { [%eval -2.14] } 37... a5 { [%eval -2.13] } 38. Rf4?! { [%eval -2.94] } 38... a4 { [%eval -2.41] } 39. Kd2? { [%eval -5.34] } 39... a3 { [%eval -4.78] } 40. Kc2?? { [%eval -19.37] } 40... Rb2+ { [%eval -18.14] } 41. Kc1 { [%eval -16.84] } 41... Re2?? { [%eval -2.01] } 42. Kb1 { [%eval -1.36] } 42... a2+?! { [%eval -0.44] } 43. Ka1 { [%eval -0.59] } 43... Rc2?! { [%eval -0.07] } 44. Rxe4 { [%eval -0.12] } 44... Rxc4?? { [%eval 55.8] } 45. Rxc4 { [%eval 54.84] } 45... Kg5 { [%eval 47.34] } 46. Rf4 { [%eval 47.34] } 46... c4 { [%eval 47.26] } 47. Kxa2 { [%eval 47.22] } 47... c3?! { [%eval #11] } 48. Kb3 { [%eval #10] } 48... c2 { [%eval #10] } 49. Kxc2 { [%eval #9] } 49... Kh5 { [%eval #9] } 50. Kb3 { [%eval #8] } 50... Kg5 { [%eval #8] } 51. Kb4 { [%eval #8] } 51... Kg6 { [%eval #8] } 52. Kb5 { [%eval #8] } 52... Kg5 { [%eval #8] } 53. Kxb6 { [%eval #8] } 53... Kg6 { [%eval #8] } 54. e4 { [%eval #7] } 54... Kh5 { [%eval #7] } 55. e5 { [%eval #6] } 1-0,2753.0
 Bullet tournament ,gnejs,KyleKorver,1-0,2016.07.13,22:58:23,2772,2687,10.0,-10.0,D45,Semi-Slav Defense: Stoltz Variation,30+0,Normal,1. Nf3 c6 2. d4 d5 3. c4 Nf6 4. Nc3 e6 5. e3 Nbd7 6. Qc2 Bd6 7. Bd3 O-O 8. O-O dxc4 9. Bxc4 e5 10. Rd1 Qc7 11. Bf1 exd4 12. exd4 Rd8 13. Bg5 Nf8 14. Rac1 Ng4 15. h3 Nf6 16. Bxf6 gxf6 17. Ne4 Be7 18. d5 Qd7 19. dxc6 Qe8 20. c7 Rxd1 21. Rxd1 Be6 22. Ng3 Ng6 23. Nd4 f5 24. Ndxf5 Bf6 25. Nd6 Qe7 26. Ngf5 Bxf5 27. Nxf5 Qe6 28. Nh6+ Kg7 29. Bc4 Qe5 30. Nf5+ Kg8 31. Bxf7+ Kxf7 32. c8=Q Rb8 33. Rd7+ Ke6 34. Qxb8 Ne7 35. Rd6+ Qxd6 36. Qxd6+ Kf7 37. Qcc7 Kg6 38. Qcxe7 Kxf5 39. Qdxf6# 1-0,2729.5
 Blitz ,Peaudepailles,gnejs,1-0,2016.07.13,23:31:00,2669,2675,12.0,-12.0,D00,"Blackmar-Diemer Gambit Declined, Elbert Countergambit",180+0,Normal,1. d4 { [%eval 0.19] } 1... Nf6 { [%eval 0.2] } 2. f3?! { [%eval -0.43] } 2... d5 { [%eval -0.22] } 3. e4 { [%eval -0.48] } 3... dxe4 { [%eval -0.47] } 4. Nc3 { [%eval -0.44] } 4... e5? { [%eval 0.73] } 5. dxe5 { [%eval 0.93] } 5... Qxd1+ { [%eval 0.94] } 6. Kxd1 { [%eval 0.79] } 6... Nfd7 { [%eval 1.04] } 7. Nd5 { [%eval 1.08] } 7... Kd8 { [%eval 1.18] } 8. Bg5+ { [%eval 1.01] } 8... f6 { [%eval 1.17] } 9. exf6 { [%eval 1.12] } 9... gxf6 { [%eval 1.16] } 10. Nxf6 { [%eval 0.99] } 10... Be7? { [%eval 2.11] } 11. Nxe4 { [%eval 2.22] } 11... Nc6 { [%eval 2.31] } 12. Ke1?! { [%eval 1.76] } 12... Bxg5 { [%eval 1.74] } 13. Nxg5 { [%eval 1.68] } 13... Re8+ { [%eval 2.11] } 14. Kf2 { [%eval 2.04] } 14... Nb6? { [%eval 3.08] } 15. Rd1+ { [%eval 3.01] } 15... Bd7 { [%eval 3.46] } 16. Nxh7 { [%eval 3.34] } 16... a5?! { [%eval 3.94] } 17. Nf6 { [%eval 4.01] } 17... Re6 { [%eval 4.32] } 18. Nxd7 { [%eval 4.11] } 18... Nxd7 { [%eval 4.1] } 19. Bc4 { [%eval 4.01] } 19... Re7 { [%eval 4.08] } 20. Nh3 { [%eval 4.01] } 20... Kc8?! { [%eval 4.56] } 21. Rhe1 { [%eval 4.42] } 1-0,2672.0
 Blitz ,gnejs,Peaudepailles,0-1,2016.07.13,23:32:40,2663,2681,-11.0,11.0,B42,"Sicilian Defense: Kan Variation, Polugaevsky Variation",180+0,Normal,1. e4 c5 2. Nf3 e6 3. d4 cxd4 4. Nxd4 a6 5. Bd3 Bc5 6. Nb3 Be7 7. Be3 d6 8. Qg4 g6 9. Qe2 Nd7 10. N1d2 b6 11. O-O-O Qc7 12. f4 Ngf6 13. g4 Bb7 14. g5 Nh5 15. Rhf1 O-O 16. f5 Rfe8 17. Kb1 b5 18. c4 b4 19. Nd4 Bf8 20. fxe6 fxe6 21. Qg4 Ne5 22. Qe2 Nxd3 23. Qxd3 Bg7 24. Ne2 d5 25. c5 dxe4 26. Qc2 Qxh2 27. Nc4 Bd5 28. Nd6 Rf8 29. c6 Qxd6 0-1,2672.0
 Blitz ,Peaudepailles,gnejs,1-0,2016.07.13,23:35:32,2692,2652,10.0,-11.0,D00,"Blackmar-Diemer Gambit Declined, Weinsbach Declination",180+0,Normal,1. d4 { [%eval 0.15] } 1... Nf6 { [%eval 0.22] } 2. f3?! { [%eval -0.29] } 2... d5 { [%eval -0.38] } 3. e4 { [%eval -0.29] } 3... dxe4 { [%eval -0.41] } 4. Nc3 { [%eval -0.48] } 4... e6 { [%eval -0.1] } 5. fxe4 { [%eval -0.2] } 5... Bb4 { [%eval 0.01] } 6. Bd3 { [%eval -0.46] } 6... c5 { [%eval -0.32] } 7. a3 { [%eval -0.32] } 7... Ba5 { [%eval -0.34] } 8. e5 { [%eval -0.23] } 8... Nd5 { [%eval -0.32] } 9. Qg4 { [%eval -0.37] } 9... Nxc3?! { [%eval 0.37] } 10. Qxg7 { [%eval 0.71] } 10... Ne4+? { [%eval 2.39] } 11. b4 { [%eval 1.83] } 11... Qxd4?? { [%eval 5.34] } 12. Qxh8+ { [%eval 5.82] } 12... Kd7 { [%eval 6.08] } 13. Ne2 { [%eval 6.14] } 13... Qf2+ { [%eval 5.94] } 14. Kd1 { [%eval 5.64] } 14... Qxg2 { [%eval 5.95] } 15. Rg1 { [%eval 5.82] } 15... Nf2+ { [%eval 6.1] } 16. Kd2 { [%eval 5.58] } 16... Ne4+?! { [%eval 6.18] } 17. Ke3 { [%eval 5.6] } 1-0,2672.0
 Blitz ,fortresspieces,indolive,1-0,2016.07.14,08:08:28,2698,2615,9.0,-10.0,D02,Queen's Pawn Game: London System,180+0,Normal,1. d4 d5 2. Nf3 Nf6 3. Bf4 c6 4. e3 Bf5 5. c3 e6 6. Nbd2 Nbd7 7. h3 h6 8. Bh2 Be7 9. Qb3 Qb6 10. Ne5 O-O 11. Be2 Nxe5 12. Bxe5 Nd7 13. Bh2 c5 14. Qxb6 Nxb6 15. dxc5 Bxc5 16. Be5 f6 17. Bd4 Bd6 18. c4 Rac8 19. cxd5 Nxd5 20. Bxa7 Bb4 21. Rd1 Bc2 22. Rc1 Rfd8 23. a3 Nf4 24. axb4 Nxg2+ 25. Kf1 Rxd2 26. Rg1 Nh4 27. Bd4 1-0,2656.5
 Blitz ,fortresspieces,indolive,0-1,2016.07.14,08:19:28,2693,2621,-14.0,15.0,D48,Semi-Slav Defense: Meran Variation,180+0,Normal,1. d4 d5 2. c4 c6 3. Nc3 Nf6 4. e3 e6 5. Nf3 Nbd7 6. Bd3 dxc4 7. Bxc4 b5 8. Bd3 a6 9. O-O c5 10. Qe2 Bb7 11. Rd1 cxd4 12. exd4 Bd6 13. Ne4 Nxe4 14. Bxe4 Bxe4 15. Qxe4 O-O 16. Bg5 Be7 17. Bxe7 Qxe7 18. d5 Nf6 19. Qe5 Rfd8 20. d6 Qb7 21. Rac1 Rac8 22. Rxc8 Qxc8 23. a4 Qc2 24. Re1 Qxa4 25. Ng5 Qb4 26. Nxf7 Kxf7 27. Qxe6+ Kg6 28. Re3 h6 29. Qe7 Rg8 30. Qe5 Kh7 31. h3 Kh8 32. f3 Re8 33. Qxe8+ Nxe8 34. Rxe8+ Kh7 35. d7 Qd4+ 36. Kf1 Qxd7 0-1,2657.0
 Blitz ,fischerz,Riplus,0-1,2016.07.14,12:22:28,2582,2732,-7.0,7.0,A46,"Torre Attack: Classical Defense, Nimzowitsch Variation",180+0,Normal,1. d4 Nf6 2. Nf3 e6 3. Bg5 h6 4. Bh4 b6 5. Nbd2 Bb7 6. c3 Be7 7. e3 d5 8. Bd3 Nbd7 9. O-O O-O 10. Qe2 c5 11. Ne5 Nxe5 12. dxe5 Nd7 13. Bg3 f5 14. exf6 Bxf6 15. Qg4 Qe7 16. Qg6 Ne5 17. Bxe5 Bxe5 18. Qh7+ Kf7 19. Nf3 Qf6 20. Nxe5+ Qxe5 21. Bg6+ Ke7 22. f4 Qf6 23. Bh5 e5 24. fxe5 Qxe5 25. Bf3 Rad8 26. Rad1 Rd7 27. e4 dxe4 28. Rxd7+ Kxd7 29. Re1 Rf4 30. Qg8 Kc7 31. Rd1 Qe7 32. Bh5 Rf8 33. Qc4 Qg5 34. Qe6 Qf4 35. h3 e3 36. Rd7+ Kb8 37. Qe7 Qf2+ 38. Kh2 Qxg2# 0-1,2657.0
 Blitz ,Riplus,Stouf,1-0,2016.07.14,12:28:36,2739,2687,10.0,-9.0,C41,Philidor Defense: Lion Variation,180+0,Normal,1. Nf3 d6 2. e4 Nf6 3. Nc3 e5 4. d4 Nbd7 5. g3 c6 6. a4 d5 7. Nxe5 Nxe5 8. dxe5 Nxe4 9. Nxe4 dxe4 10. Qxd8+ Kxd8 11. Bg2 Bf5 12. Be3 Be7 13. O-O-O+ Kc8 14. h3 h5 15. Rd4 Rd8 16. Bxe4 Bxe4 17. Rxe4 Kc7 18. g4 h4 19. g5 Rd5 20. c4 Ra5 21. b3 Rh8 22. Rd1 Rh5 23. e6 fxe6 24. Bf4+ Kb6 25. Be3+ Bc5 26. Bxc5+ Rxc5 27. f4 e5 28. b4 Rxc4+ 29. Rxc4 exf4 30. Rc5 f3 31. a5+ Ka6 32. Rd7 b6 33. axb6 axb6 34. Re5 Rxg5 35. Rxg5 g6 36. Rf7 f2 37. Kc2 c5 38. Kb3 b5 39. bxc5 f1=Q 40. Rxf1 b4 41. Kc4 b3 42. Rf7 b2 43. Rxg6+ Ka5 44. Ra7# 1-0,2713.0
 Blitz ,Stouf,Riplus,1-0,2016.07.14,12:34:20,2678,2749,13.0,-14.0,C41,"Philidor Defense: Lion Variation, Shirov Gambit",180+0,Normal,1. e4 d6 2. d4 Nf6 3. Nc3 e5 4. Nf3 Nbd7 5. g4 h6 6. g5 hxg5 7. Nxg5 Be7 8. Bc4 Rf8 9. Bxf7+ Rxf7 10. Ne6 exd4 11. Nxd8 Bxd8 12. Qxd4 Ne5 13. Qa4+ Bd7 14. Qb3 Bc6 15. Be3 Nf3+ 16. Ke2 Nxe4 17. Nxe4 Bxe4 18. h4 Ne5 19. Rhg1 Bf3+ 20. Kd2 Bc6 21. Rgf1 Bxh4 22. f4 Ng4 23. Bd4 Nf6 24. Rad1 Bd5 25. Qa4+ Bc6 26. Qb3 Bd5 27. Qh3 Ne4+ 28. Kc1 Bf6 29. Bxf6 Nxf6 30. Rfe1+ Kf8 31. Qh8+ 1-0,2713.5
 Bullet ,gnejs,Ghostqiuyu,1-0,2016.07.14,20:59:01,2782,2627,7.0,-10.0,A04,Zukertort Opening: Kingside Fianchetto,30+0,Normal,1. Nf3 g6 2. c4 Bg7 3. g3 c5 4. Bg2 Bxb2 5. O-O Bxa1 6. Nc3 Bxc3 7. dxc3 Nf6 8. Bh6 d6 9. Qc1 Nbd7 10. Re1 Nb6 11. h3 Be6 12. Ng5 Qd7 13. Nxe6 fxe6 14. Qc2 O-O-O 15. Rb1 Kb8 16. Qb3 d5 17. a4 dxc4 18. Qb2 Nxa4 19. Bf4+ e5 20. Bxe5+ Ka8 21. Qxb7+ Qxb7 22. Bxb7# 1-0,2704.5
 Bullet ,hatembenarfa,UnVieuxMonsieur,1-0,2016.07.15,02:13:20,2620,3080,25.0,-37.0,A01,Nimzo-Larsen Attack,45+0,Normal,1. b3 { [%eval -0.13] } 1... g6 { [%eval 0.22] } 2. Bb2 { [%eval 0.27] } 2... f6 { [%eval 0.72] } 3. Nf3 { [%eval 0.74] } 3... Bg7 { [%eval 0.7] } 4. e4 { [%eval 0.72] } 4... Nh6 { [%eval 0.69] } 5. d4 { [%eval 0.74] } 5... Nf7 { [%eval 0.88] } 6. e5? { [%eval -0.22] } 6... O-O { [%eval 0.04] } 7. c4?! { [%eval -0.79] } 7... d6? { [%eval 0.3] } 8. exf6 { [%eval 0.32] } 8... exf6 { [%eval 0.25] } 9. Nc3 { [%eval 0.3] } 9... c6 { [%eval 0.3] } 10. Be2 { [%eval 0.28] } 10... Re8 { [%eval 0.34] } 11. O-O { [%eval 0.38] } 11... Nd7 { [%eval 0.42] } 12. Re1 { [%eval 0.53] } 12... Nf8 { [%eval 0.45] } 13. d5 { [%eval 0.48] } 13... Bd7 { [%eval 0.76] } 14. dxc6?! { [%eval 0.21] } 14... bxc6 { [%eval 0.24] } 15. Nd4 { [%eval 0.02] } 15... Qc7 { [%eval 0.22] } 16. Bf3 { [%eval 0.22] } 16... a6 { [%eval 0.43] } 17. Qd3 { [%eval 0.22] } 17... Ne5 { [%eval 0.44] } 18. Qe2 { [%eval 0.0] } 18... Re7?? { [%eval 3.03] } 19. Rad1? { [%eval 0.12] } 19... Rae8 { [%eval 0.16] } 20. Ne4?? { [%eval -3.48] } 20... f5 { [%eval -3.26] } 21. Nxd6?? { [%eval -7.68] } 21... Nxf3+ { [%eval -7.62] } 22. gxf3 { [%eval -7.68] } 22... Rxe2 { [%eval -7.68] } 23. Nxe2 { [%eval -7.5] } 23... Bxb2 { [%eval -7.56] } 24. Nxe8 { [%eval -7.53] } 24... Bxe8 { [%eval -7.32] } 25. Rd2?! { [%eval -7.98] } 25... Ba3 { [%eval -7.71] } 26. Nd4?! { [%eval -8.47] } 26... Bb4 { [%eval -8.31] } 27. Rxe8 { [%eval -8.15] } 27... Qf7?? { [%eval -3.39] } 28. Rde2 { [%eval -3.31] } 28... Bc5? { [%eval -1.82] } 29. Nxc6 { [%eval -1.8] } 29... Kg7?? { [%eval 2.3] } 30. R2e7 { [%eval 2.27] } 30... Bxe7 { [%eval 2.25] } 31. Rxe7 { [%eval 2.24] } 31... Kf6?! { [%eval 3.05] } 32. Rxf7+ { [%eval 2.9] } 32... Kxf7 { [%eval 3.04] } 33. Nb4 { [%eval 2.88] } 33... a5 { [%eval 2.8] } 34. Nc6 { [%eval 2.79] } 34... a4 { [%eval 2.75] } 35. bxa4 { [%eval 2.5] } 35... Nd7? { [%eval 3.53] } 36. a5 { [%eval 3.31] } 36... Nc5? { [%eval 4.49] } 37. a6? { [%eval 1.69] } 37... Nxa6 { [%eval 1.84] } 38. Kf1 { [%eval 1.71] } 38... Nc5?! { [%eval 2.46] } 39. Ke2 { [%eval 2.33] } 39... Ke6 { [%eval 2.1] } 40. Nd4+ { [%eval 1.87] } 40... Ke5 { [%eval 1.7] } 41. Nb3 { [%eval 1.7] } 41... Kf4?? { [%eval 8.21] } 42. Nxc5 { [%eval 7.74] } 42... g5? { [%eval #1] } 43. Nd3# 1-0,2850.0
 Bullet ,UnVieuxMonsieur,hatembenarfa,1-0,2016.07.15,02:17:09,3051,2639,3.0,-2.0,A04,Zukertort Opening: Kingside Fianchetto,45+0,Normal,1. Nf3 { [%eval 0.13] } 1... g6 { [%eval 0.61] } 2. g3 { [%eval 0.13] } 2... Bg7 { [%eval 0.18] } 3. Bg2 { [%eval 0.08] } 3... Nc6 { [%eval 0.22] } 4. O-O { [%eval 0.01] } 4... d5 { [%eval 0.11] } 5. c4 { [%eval -0.1] } 5... dxc4 { [%eval -0.14] } 6. Na3 { [%eval -0.48] } 6... Be6?! { [%eval 0.43] } 7. Ng5 { [%eval 0.35] } 7... Bd5 { [%eval 0.34] } 8. e4 { [%eval 0.33] } 8... Be6 { [%eval 0.62] } 9. Nxe6 { [%eval 0.43] } 9... fxe6 { [%eval 0.3] } 10. Nxc4 { [%eval 0.17] } 10... Nd4? { [%eval 1.23] } 11. d3 { [%eval 1.02] } 11... Nf6 { [%eval 1.27] } 12. a3 { [%eval 1.1] } 12... O-O { [%eval 1.03] } 13. h3?! { [%eval 0.51] } 13... e5 { [%eval 0.83] } 14. Be3 { [%eval 0.58] } 14... c5?! { [%eval 1.29] } 15. Rc1?! { [%eval 0.74] } 15... Nh5 { [%eval 0.79] } 16. Kh2 { [%eval 0.43] } 16... Nf4? { [%eval 2.31] } 17. gxf4 { [%eval 1.9] } 17... exf4 { [%eval 2.12] } 18. Bd2?? { [%eval -1.84] } 18... f3 { [%eval -1.89] } 19. Bh1?? { [%eval -5.75] } 19... Rc8?? { [%eval -1.64] } 20. Rg1 { [%eval -1.94] } 20... b5 { [%eval -1.76] } 21. Ne3 { [%eval -1.36] } 21... Qb6?! { [%eval -0.43] } 22. Rg3 { [%eval -0.17] } 22... c4?! { [%eval 0.75] } 23. Nd5 { [%eval 0.78] } 23... Qd6? { [%eval 3.25] } 24. Bb4 { [%eval 3.13] } 24... Rc5 { [%eval 2.97] } 25. Bxc5? { [%eval 1.83] } 25... Qxc5 { [%eval 1.14] } 26. dxc4? { [%eval -0.07] } 26... bxc4?? { [%eval 4.06] } 27. Qd2?? { [%eval -1.41] } 27... Be5?? { [%eval 1.94] } 28. Qe3? { [%eval 0.51] } 28... Bxg3+? { [%eval 3.11] } 29. fxg3 { [%eval 2.99] } 29... f2?! { [%eval 3.5] } 30. Rf1? { [%eval 2.43] } 30... c3? { [%eval 4.3] } 31. bxc3 { [%eval 4.05] } 31... Ne6?! { [%eval 4.74] } 32. Qxc5 { [%eval 4.68] } 32... Nxc5 { [%eval 4.61] } 33. Nxe7+ { [%eval 4.65] } 33... Kf7 { [%eval 4.69] } 34. Nd5 { [%eval 4.67] } 34... Nd3 { [%eval 4.89] } 35. Kg2 { [%eval 4.83] } 35... Kg7 { [%eval 4.92] } 36. Nf4?! { [%eval 4.36] } 36... Ne1+? { [%eval 7.06] } 37. Kxf2 { [%eval 6.85] } 37... Nd3+ { [%eval 6.86] } 38. Ke3 { [%eval 6.69] } 38... Ne5?? { [%eval #12] } 39. Kd4?? { [%eval 6.68] } 39... Nc4?? { [%eval #8] } 40. Kxc4?! { [%eval 11.1] } 1-0,2845.0
 Bullet ,UnVieuxMonsieur,hatembenarfa,1-0,2016.07.15,02:19:42,3058,2634,3.0,-2.0,A00,Van Geet Opening,45+0,Normal,1. Nc3 c6 2. b3 d5 3. Bb2 Qc7 4. e3 e6 5. Nf3 Nf6 6. Be2 Bd6 7. O-O O-O 8. d4 b6 9. Re1 c5 10. Bf1 c4 11. bxc4 dxc4 12. e4 a6 13. e5 Be7 14. exf6 Bxf6 15. Ne4 1-0,2846.0
 Bullet ,hatembenarfa,UnVieuxMonsieur,0-1,2016.07.15,02:22:53,2627,3067,-2.0,3.0,E90,"King's Indian Defense: Normal Variation, Rare Defenses",45+0,Normal,1. Nf3 { [%eval 0.14] } 1... d6 { [%eval 0.41] } 2. d4 { [%eval 0.31] } 2... g6 { [%eval 0.7] } 3. c4 { [%eval 0.43] } 3... Bg7 { [%eval 0.39] } 4. Nc3 { [%eval 0.47] } 4... Nf6 { [%eval 0.46] } 5. e4 { [%eval 0.5] } 5... O-O { [%eval 0.56] } 6. e5? { [%eval -0.54] } 6... dxe5 { [%eval -0.7] } 7. dxe5 { [%eval -0.91] } 7... Qxd1+ { [%eval -1.01] } 8. Nxd1 { [%eval -0.89] } 8... Ng4 { [%eval -0.99] } 9. h3 { [%eval -1.35] } 9... Nxe5 { [%eval -1.36] } 10. Nxe5 { [%eval -1.46] } 10... Bxe5 { [%eval -1.46] } 11. Be2 { [%eval -1.47] } 11... Nc6 { [%eval -1.43] } 12. O-O { [%eval -1.7] } 12... Be6 { [%eval -1.62] } 13. f4 { [%eval -1.89] } 13... Bg7 { [%eval -1.84] } 14. Nc3 { [%eval -1.91] } 14... Rfd8 { [%eval -1.84] } 15. Be3 { [%eval -1.82] } 15... Nd4 { [%eval -1.66] } 16. Bd3?! { [%eval -2.31] } 16... c5?! { [%eval -1.59] } 17. Rad1 { [%eval -1.57] } 17... b6 { [%eval -1.54] } 18. b3 { [%eval -1.88] } 18... Rd7 { [%eval -1.55] } 19. Bxg6?? { [%eval -5.25] } 19... hxg6 { [%eval -5.19] } 20. Ne4 { [%eval -5.01] } 20... Rad8 { [%eval -5.16] } 21. Ng5?? { [%eval -8.58] } 21... Ne2+ { [%eval -8.32] } 22. Kf2 { [%eval -8.46] } 22... Rxd1 { [%eval -8.29] } 23. Kxe2 { [%eval -8.35] } 0-1,2847.0
 Bullet ,UnVieuxMonsieur,hatembenarfa,1-0,2016.07.15,02:23:27,3070,2625,3.0,-2.0,A01,Nimzo-Larsen Attack,45+0,Normal,1. b3 { [%eval -0.14] } 1... a5 { [%eval 0.28] } 2. Bb2 { [%eval 0.2] } 2... a4 { [%eval 0.36] } 3. bxa4 { [%eval 0.26] } 3... Rxa4 { [%eval 0.33] } 4. c4?! { [%eval -0.19] } 4... b5? { [%eval 0.99] } 5. cxb5 { [%eval 0.83] } 5... Rh4? { [%eval 2.32] } 6. g3? { [%eval 0.59] } 6... Rh5? { [%eval 2.35] } 7. d4? { [%eval 0.38] } 7... Rxb5 { [%eval 0.41] } 8. Qd2 { [%eval 0.06] } 8... e5 { [%eval 0.52] } 9. Nc3 { [%eval 0.29] } 9... Rb6?! { [%eval 1.09] } 10. dxe5 { [%eval 1.01] } 10... Nc6 { [%eval 1.06] } 11. Nf3 { [%eval 1.05] } 11... Nge7?! { [%eval 1.75] } 12. Bg2 { [%eval 1.56] } 12... Ng6 { [%eval 1.81] } 13. O-O { [%eval 1.73] } 13... Bb4 { [%eval 1.84] } 14. Qc2 { [%eval 1.68] } 14... Ngxe5?? { [%eval 4.68] } 15. Nxe5 { [%eval 4.63] } 15... Nxe5 { [%eval 4.53] } 16. Nd5 { [%eval 4.35] } 16... Rc6?! { [%eval 4.94] } 17. Qe4 { [%eval 4.97] } 17... Bb7?? { [%eval 8.89] } 18. Qxb4 { [%eval 8.96] } 18... Ba8? { [%eval 13.82] } 19. Bxe5 { [%eval 13.53] } 19... Re6 { [%eval 25.04] } 20. Nxc7+ { [%eval 23.8] } 1-0,2847.5
 Bullet ,hatembenarfa,UnVieuxMonsieur,0-1,2016.07.15,02:24:18,2623,3073,-3.0,3.0,A00,Van Geet Opening,45+0,Normal,1. Nc3 d6 2. b3 g6 3. Bb2 Bg7 4. Nf3 Nf6 5. e4 O-O 6. d4 c6 7. Bd3 Bg4 8. O-O Bxf3 9. Qxf3 Nbd7 10. Rae1 e5 11. Ba3 exd4 12. Ne2 Ne5 13. Qg3 c5 14. f4 Nxd3 15. cxd3 Re8 16. e5 dxe5 17. fxe5 Nd5 18. Bxc5 Ne3 19. Rf2 Bxe5 20. Qf3 Qd7 21. Nxd4 Bxd4 22. Bxd4 Qxd4 23. Qxf7+ Kh8 24. Qxb7 Ng4 25. Re2 Nxf2 26. Qb6 Qxb6 0-1,2848.0
 Bullet ,UnVieuxMonsieur,hatembenarfa,1-0,2016.07.15,02:28:01,3082,2616,3.0,-2.0,A01,Nimzo-Larsen Attack: Indian Variation,45+0,Normal,1. b3 { [%eval -0.12] } 1... Nf6 { [%eval 0.08] } 2. Bb2 { [%eval 0.17] } 2... Nc6 { [%eval 0.21] } 3. e3 { [%eval -0.08] } 3... d5 { [%eval 0.2] } 4. Nf3 { [%eval 0.26] } 4... e5 { [%eval 0.68] } 5. Bb5 { [%eval 0.31] } 5... e4 { [%eval 0.23] } 6. Ne5 { [%eval 0.24] } 6... Bd7 { [%eval 0.35] } 7. Nxd7 { [%eval 0.17] } 7... Qxd7 { [%eval 0.18] } 8. O-O { [%eval 0.21] } 8... a6 { [%eval 0.39] } 9. Bxc6 { [%eval 0.04] } 9... Qxc6 { [%eval 0.03] } 10. d3 { [%eval -0.04] } 10... Bd6 { [%eval 0.15] } 11. Bxf6 { [%eval 0.08] } 11... gxf6 { [%eval 0.02] } 12. Nd2 { [%eval 0.07] } 12... O-O? { [%eval 1.32] } 13. Qg4+ { [%eval 1.02] } 13... Kh8 { [%eval 1.27] } 14. dxe4 { [%eval 1.24] } 14... Rg8 { [%eval 1.65] } 15. Qf3 { [%eval 1.54] } 15... Be5 { [%eval 1.53] } 16. exd5 { [%eval 1.26] } 16... Qxc2 { [%eval 1.31] } 17. Nc4? { [%eval -0.4] } 17... Bxa1 { [%eval -0.43] } 18. Rxa1 { [%eval -0.36] } 18... Qc3 { [%eval 0.0] } 19. Rd1 { [%eval 0.0] } 19... Rg6? { [%eval 1.34] } 20. d6 { [%eval 1.45] } 20... cxd6 { [%eval 1.44] } 21. Nxd6?! { [%eval 0.71] } 21... Rf8?! { [%eval 1.36] } 22. h4?! { [%eval 0.84] } 22... Kg7? { [%eval 2.18] } 23. h5 { [%eval 2.25] } 23... Rg5 { [%eval 2.29] } 24. Ne4 { [%eval 2.34] } 24... Qc2?? { [%eval #9] } 25. Qxf6+ { [%eval #15] } 1-0,2849.0
 Bullet ,UnVieuxMonsieur,hatembenarfa,1-0,2016.07.15,02:33:31,3092,2608,3.0,-2.0,A01,Nimzo-Larsen Attack: Symmetrical Variation,45+0,Normal,1. b3 { [%eval -0.31] } 1... b6?! { [%eval 0.22] } 2. Bb2 { [%eval 0.09] } 2... Bb7 { [%eval 0.12] } 3. e3 { [%eval 0.14] } 3... Nc6 { [%eval 0.42] } 4. Nf3 { [%eval 0.33] } 4... d5 { [%eval 0.31] } 5. d4 { [%eval 0.27] } 5... Qd7?! { [%eval 0.97] } 6. Nbd2 { [%eval 0.81] } 6... Nf6 { [%eval 0.7] } 7. Bb5 { [%eval 0.72] } 7... e6? { [%eval 2.85] } 8. Ne5 { [%eval 2.79] } 8... Qd6 { [%eval 3.27] } 9. Ba3?? { [%eval -0.17] } 9... Qxa3 { [%eval -0.14] } 10. Nxc6? { [%eval -2.78] } 10... Bxc6?? { [%eval 3.65] } 11. Bxc6+ { [%eval 3.58] } 11... Kd8 { [%eval 3.67] } 12. Bxa8 { [%eval 3.58] } 12... Bd6? { [%eval 4.58] } 13. Bc6 { [%eval 4.47] } 13... Bb4? { [%eval 5.58] } 14. O-O { [%eval 5.5] } 14... Bxd2 { [%eval 5.69] } 15. Qxd2 { [%eval 5.66] } 15... Qd6 { [%eval 5.67] } 16. Bb5 { [%eval 5.56] } 1-0,2850.0
 Bullet ,hatembenarfa,UnVieuxMonsieur,0-1,2016.07.15,02:33:55,2606,3095,-2.0,2.0,A01,Nimzo-Larsen Attack,45+0,Normal,1. b3 { [%eval -0.13] } 1... g6 { [%eval 0.27] } 2. Bb2 { [%eval 0.22] } 2... f6?! { [%eval 0.92] } 3. h4 { [%eval 0.43] } 3... Bg7 { [%eval 0.65] } 4. h5 { [%eval 0.53] } 4... Nh6 { [%eval 0.7] } 5. hxg6 { [%eval 0.63] } 5... hxg6 { [%eval 0.53] } 6. Nf3 { [%eval 0.53] } 6... e5 { [%eval 0.45] } 7. e3 { [%eval 0.33] } 7... d5 { [%eval 0.24] } 8. Bd3? { [%eval -1.88] } 8... e4 { [%eval -1.96] } 9. Bb5+?! { [%eval -2.56] } 9... c6 { [%eval -2.47] } 10. Be2 { [%eval -2.64] } 10... exf3 { [%eval -2.65] } 11. Bxf3 { [%eval -2.51] } 11... Be6 { [%eval -2.69] } 12. c4 { [%eval -2.82] } 12... Nd7 { [%eval -2.37] } 13. Qc2?! { [%eval -3.17] } 13... Kf7 { [%eval -2.79] } 14. cxd5 { [%eval -2.83] } 14... Bxd5?! { [%eval -2.14] } 15. Nc3 { [%eval -2.06] } 15... Bxf3 { [%eval -2.13] } 16. gxf3 { [%eval -2.16] } 16... Ne5 { [%eval -2.0] } 17. Rg1?? { [%eval -6.09] } 17... Nxf3+ { [%eval -6.03] } 18. Ke2 { [%eval -5.8] } 18... Nxg1+ { [%eval -5.84] } 19. Rxg1 { [%eval -5.68] } 19... Nf5 { [%eval -5.33] } 20. Ne4 { [%eval -5.78] } 20... Qe7? { [%eval -4.43] } 21. Qc4+ { [%eval -4.41] } 21... Qe6 { [%eval -4.38] } 22. Qb4? { [%eval -5.81] } 22... b6 { [%eval -5.78] } 23. f3? { [%eval -7.17] } 23... Rad8?! { [%eval -6.36] } 24. Nf2? { [%eval -8.13] } 24... Rh2 { [%eval -7.91] } 25. e4? { [%eval -13.07] } 25... Nd4+?? { [%eval -6.97] } 26. Bxd4 { [%eval -6.98] } 26... c5 { [%eval -6.83] } 27. Bxc5 { [%eval -6.75] } 27... bxc5 { [%eval -6.58] } 28. Qb7+? { [%eval -8.77] } 28... Rd7 { [%eval -8.42] } 29. Qb8? { [%eval -11.16] } 29... Rxf2+ { [%eval -11.0] } 30. Kxf2 { [%eval -10.77] } 30... Rxd2+ { [%eval -10.06] } 31. Ke3?! { [%eval #-11] } 31... Qd6?? { [%eval -3.78] } 32. Qb7+ { [%eval -4.14] } 32... Qd7 { [%eval -4.11] } 33. Qxd7+ { [%eval -4.05] } 33... Rxd7 { [%eval -3.93] } 34. f4 { [%eval -3.86] } 34... Bh6 { [%eval -3.68] } 35. Rc1? { [%eval -5.02] } 35... g5 { [%eval -4.95] } 36. Rxc5 { [%eval -4.87] } 36... gxf4+ { [%eval -4.6] } 37. Kf3?! { [%eval -5.19] } 37... Rd3+ { [%eval -4.66] } 38. Kg4?? { [%eval #-4] } 38... Rg3+? { [%eval -8.93] } 39. Kf5? { [%eval #-15] } 39... Rg5+ { [%eval #-14] } 40. Kxf4 { [%eval #-19] } 40... Rxc5+ { [%eval #-54] } 41. Kg4 { [%eval -49.5] } 41... Bg5 { [%eval -49.5] } 0-1,2850.5
 Bullet ,UnVieuxMonsieur,hatembenarfa,1-0,2016.07.15,02:35:03,3097,2604,2.0,-2.0,A01,Nimzo-Larsen Attack,45+0,Normal,1. b3 { [%eval -0.07] } 1... a6 { [%eval 0.15] } 2. Bb2 { [%eval 0.16] } 2... b5 { [%eval 0.45] } 3. e3 { [%eval 0.37] } 3... Bb7 { [%eval 0.38] } 4. Nf3 { [%eval 0.49] } 4... Nf6 { [%eval 0.43] } 5. Be2 { [%eval 0.43] } 5... c5 { [%eval 0.39] } 6. O-O { [%eval 0.34] } 6... Nc6 { [%eval 0.37] } 7. c4 { [%eval 0.42] } 7... d6?! { [%eval 1.31] } 8. cxb5 { [%eval 1.39] } 8... axb5 { [%eval 1.48] } 9. d4 { [%eval 1.23] } 9... cxd4 { [%eval 1.15] } 10. Nxd4 { [%eval 1.11] } 10... Nxd4 { [%eval 1.14] } 11. Qxd4 { [%eval 1.1] } 11... b4? { [%eval 2.2] } 12. Qxb4 { [%eval 2.11] } 12... Bc6 { [%eval 2.18] } 13. Bb5 { [%eval 1.79] } 13... Bxb5 { [%eval 1.95] } 14. Qxb5+ { [%eval 1.86] } 14... Qd7 { [%eval 1.89] } 15. Qxd7+ { [%eval 1.57] } 15... Nxd7 { [%eval 1.63] } 16. Nc3 { [%eval 1.7] } 16... e6 { [%eval 1.82] } 17. a3? { [%eval 0.82] } 17... Be7 { [%eval 1.15] } 18. b4 { [%eval 1.06] } 18... O-O { [%eval 1.03] } 19. Rfd1?! { [%eval 0.51] } 19... Rac8? { [%eval 1.83] } 20. Nb5?! { [%eval 1.14] } 20... Rfd8? { [%eval 2.22] } 21. Nxd6 { [%eval 2.24] } 21... Bxd6? { [%eval 3.39] } 22. Rxd6 { [%eval 3.36] } 22... Rc2 { [%eval 3.12] } 23. Bd4 { [%eval 2.95] } 23... Kf8? { [%eval 4.18] } 24. h4? { [%eval 2.28] } 24... Ke7 { [%eval 2.18] } 25. Ra6 { [%eval 2.17] } 25... Nf6?! { [%eval 3.02] } 26. b5 { [%eval 3.25] } 26... Rd7? { [%eval 4.34] } 27. b6 { [%eval 4.06] } 27... Nd5?! { [%eval 4.96] } 28. Ra7?! { [%eval 4.42] } 28... Rxa7? { [%eval 5.74] } 29. bxa7 { [%eval 5.45] } 29... Nc7? { [%eval 8.08] } 30. a4? { [%eval 5.15] } 30... Rc6 { [%eval 5.28] } 31. Rb1? { [%eval 3.92] } 31... Ra6 { [%eval 3.92] } 32. Rb7 { [%eval 3.91] } 32... Kd6 { [%eval 3.84] } 33. Be5+? { [%eval 2.7] } 33... Kxe5 { [%eval 2.96] } 34. Rxc7 { [%eval 2.96] } 34... Rxa4? { [%eval 5.07] } 35. Rxf7 { [%eval 5.02] } 35... h5 { [%eval 5.0] } 36. Rxg7 { [%eval 5.0] } 36... Kf5 { [%eval 5.0] } 37. Rg5+ { [%eval 4.52] } 37... Kf6?! { [%eval 5.2] } 38. Rxh5 { [%eval 4.81] } 38... Rxa7 { [%eval 4.98] } 39. Rh6+ { [%eval 5.06] } 39... Kf5 { [%eval 5.03] } 40. f3 { [%eval 4.81] } 40... e5?? { [%eval #1] } 41. g4# 1-0,2850.5
 Bullet ,UnVieuxMonsieur,hatembenarfa,1-0,2016.07.15,02:37:27,3102,2600,2.0,-2.0,A01,Nimzo-Larsen Attack: English Variation,45+0,Normal,1. b3 { [%eval -0.11] } 1... c5 { [%eval 0.15] } 2. Bb2 { [%eval 0.01] } 2... Nc6 { [%eval 0.12] } 3. e3 { [%eval 0.0] } 3... d5 { [%eval 0.0] } 4. Nf3 { [%eval 0.02] } 4... f6 { [%eval 0.47] } 5. Bb5 { [%eval -0.01] } 5... Bd7 { [%eval 0.45] } 6. O-O { [%eval 0.25] } 6... Rc8?! { [%eval 0.75] } 7. d4?! { [%eval 0.21] } 7... e6 { [%eval 0.6] } 8. c4 { [%eval 0.5] } 8... cxd4 { [%eval 0.52] } 9. Nxd4 { [%eval 0.27] } 9... Nxd4 { [%eval 0.18] } 10. Bxd7+ { [%eval 0.34] } 10... Qxd7 { [%eval 0.37] } 11. Qxd4 { [%eval 0.32] } 11... Ne7 { [%eval 0.74] } 12. Rd1 { [%eval 0.87] } 12... Nc6 { [%eval 0.82] } 13. Qd3 { [%eval 0.64] } 13... Nb4 { [%eval 0.84] } 14. Qd2 { [%eval 0.96] } 14... Bd6 { [%eval 0.97] } 15. a3 { [%eval 1.03] } 15... Nc6 { [%eval 1.06] } 16. cxd5 { [%eval 1.08] } 16... exd5 { [%eval 0.99] } 17. Qxd5 { [%eval 1.07] } 17... Rd8 { [%eval 1.01] } 18. Nc3?! { [%eval 0.09] } 18... Be5? { [%eval 1.54] } 19. Qxd7+?! { [%eval 1.0] } 19... Rxd7 { [%eval 1.07] } 20. Rxd7 { [%eval 1.01] } 20... Kxd7 { [%eval 0.98] } 21. f4 { [%eval 1.01] } 21... Bd6 { [%eval 1.15] } 22. Rd1 { [%eval 1.16] } 22... Ke6 { [%eval 1.13] } 23. Ne4 { [%eval 1.1] } 23... Bb8? { [%eval 2.37] } 24. Nc5+ { [%eval 2.27] } 24... Ke7? { [%eval 4.86] } 25. Rd7+ { [%eval 4.78] } 25... Ke8 { [%eval 4.68] } 26. Rxb7 { [%eval 4.55] } 26... Nd8?? { [%eval 8.03] } 27. Rxb8 { [%eval 7.87] } 1-0,2851.0
 Bullet ,UnVieuxMonsieur,hatembenarfa,1-0,2016.07.15,02:42:39,3110,2593,3.0,-2.0,A04,Zukertort Opening: Kingside Fianchetto,45+0,Normal,1. Nf3 { [%eval 0.15] } 1... g6 { [%eval 0.61] } 2. g3?! { [%eval 0.0] } 2... Bg7 { [%eval 0.03] } 3. Bg2 { [%eval 0.02] } 3... Nc6 { [%eval 0.17] } 4. O-O { [%eval 0.02] } 4... d5 { [%eval 0.15] } 5. d3 { [%eval -0.03] } 5... e5 { [%eval 0.01] } 6. Nbd2 { [%eval -0.18] } 6... f5?! { [%eval 0.35] } 7. e4 { [%eval 0.47] } 7... fxe4 { [%eval 0.41] } 8. dxe4 { [%eval 0.51] } 8... Nf6?! { [%eval 1.17] } 9. exd5 { [%eval 1.22] } 9... e4?? { [%eval 4.77] } 10. Ng5?? { [%eval 1.53] } 10... Ne7? { [%eval 2.86] } 11. Ndxe4 { [%eval 2.86] } 11... Nxe4 { [%eval 2.85] } 12. Nxe4 { [%eval 2.84] } 12... Nxd5?? { [%eval 6.0] } 13. Re1 { [%eval 5.64] } 13... O-O { [%eval 5.75] } 14. c3?? { [%eval 2.07] } 14... Bf5? { [%eval 4.84] } 15. Qb3? { [%eval 2.11] } 15... c6 { [%eval 2.03] } 16. Nc5 { [%eval 1.54] } 16... Qb6?! { [%eval 2.15] } 17. Be3? { [%eval 1.12] } 17... Kh8 { [%eval 1.58] } 18. Nxb7 { [%eval 1.64] } 18... Qxb3? { [%eval 2.66] } 19. axb3 { [%eval 2.75] } 19... Nxe3 { [%eval 2.69] } 20. Rxe3 { [%eval 2.76] } 20... Rab8 { [%eval 3.08] } 21. Bxc6 { [%eval 3.06] } 21... Rbc8 { [%eval 3.18] } 22. Be4 { [%eval 2.98] } 22... Bxe4?! { [%eval 3.6] } 23. Rxe4 { [%eval 3.6] } 23... Rc7 { [%eval 3.53] } 24. Nd6 { [%eval 3.55] } 24... Rd7 { [%eval 3.56] } 25. Nc4 { [%eval 3.58] } 25... Bh6 { [%eval 3.68] } 26. Rae1 { [%eval 3.64] } 26... Rdf7 { [%eval 3.79] } 27. f4 { [%eval 3.74] } 27... g5 { [%eval 4.06] } 28. Nd6?! { [%eval 3.39] } 28... Rf6 { [%eval 3.34] } 29. Re6 { [%eval 3.01] } 29... gxf4 { [%eval 2.91] } 30. Rxf6?! { [%eval 2.24] } 30... Rxf6 { [%eval 2.32] } 31. Ne4?! { [%eval 1.82] } 31... fxg3?? { [%eval 8.84] } 32. Nxf6 { [%eval 8.44] } 1-0,2851.5
 Bullet ,penguingim1,bam_bam_po_gubam,1-0,2016.07.15,20:24:32,2822,2598,5.0,-8.0,A41,Old Indian Defense,60+0,Normal,1. d4 { [%eval 0.08] } 1... d6 { [%eval 0.5] } 2. c4 { [%eval 0.27] } 2... e6 { [%eval 0.42] } 3. Nc3 { [%eval 0.37] } 3... Nf6 { [%eval 0.58] } 4. e4 { [%eval 0.61] } 4... Be7 { [%eval 0.52] } 5. g4?! { [%eval 0.0] } 5... e5 { [%eval 0.13] } 6. g5 { [%eval 0.25] } 6... Nfd7 { [%eval 0.12] } 7. Nf3 { [%eval -0.17] } 7... exd4 { [%eval -0.01] } 8. Qxd4 { [%eval 0.0] } 8... O-O { [%eval -0.3] } 9. Nd5 { [%eval -0.41] } 9... Nc6 { [%eval -0.24] } 10. Qc3 { [%eval -0.6] } 10... Nde5 { [%eval -0.51] } 11. Nxe5 { [%eval -0.54] } 11... dxe5 { [%eval -0.42] } 12. Be3 { [%eval -0.46] } 12... Be6 { [%eval -0.26] } 13. h4? { [%eval -2.14] } 13... Bxd5 { [%eval -2.1] } 14. cxd5? { [%eval -3.6] } 14... Bb4 { [%eval -3.49] } 15. dxc6 { [%eval -3.52] } 15... Bxc3+ { [%eval -3.61] } 16. bxc3 { [%eval -3.7] } 16... bxc6 { [%eval -3.61] } 17. Bc4 { [%eval -3.67] } 17... Qd6 { [%eval -3.53] } 18. Ke2 { [%eval -3.99] } 18... Qa3 { [%eval -3.94] } 19. Bb3 { [%eval -3.81] } 19... Qb2+ { [%eval -3.65] } 20. Kf3 { [%eval -3.63] } 20... Qxc3?! { [%eval -2.91] } 21. Rac1 { [%eval -3.22] } 21... Qb4?! { [%eval -2.62] } 22. Rxc6 { [%eval -2.57] } 22... a5 { [%eval -2.28] } 23. Rxc7 { [%eval -2.53] } 23... a4 { [%eval -2.16] } 24. Bd5 { [%eval -2.26] } 24... Rac8 { [%eval -2.24] } 25. Rb7 { [%eval -2.22] } 25... Qd6 { [%eval -2.25] } 26. h5 { [%eval -2.41] } 26... Rb8?! { [%eval -1.87] } 27. Ra7 { [%eval -2.08] } 27... a3?! { [%eval -1.36] } 28. Rg1?! { [%eval -2.15] } 28... g6?! { [%eval -1.44] } 29. hxg6 { [%eval -1.62] } 29... hxg6 { [%eval -1.7] } 30. Rh1 { [%eval -2.06] } 30... Kg7 { [%eval -1.61] } 31. Rc1 { [%eval -1.51] } 31... Rbc8?! { [%eval -0.95] } 32. Rb1? { [%eval -1.98] } 32... Rb8?! { [%eval -1.06] } 33. Rd1?! { [%eval -2.02] } 33... Rbd8?! { [%eval -1.2] } 34. Rb7? { [%eval -2.21] } 34... Rd7? { [%eval -0.77] } 35. Rb6? { [%eval -3.05] } 35... Qe7 { [%eval -3.1] } 36. Rc1 { [%eval -3.03] } 36... Rfd8 { [%eval -2.79] } 37. Bb3? { [%eval -5.08] } 37... Rd3 { [%eval -4.68] } 38. Rf6 { [%eval -4.95] } 38... Rh8?? { [%eval 0.0] } 39. Rxf7+ { [%eval 0.0] } 39... Qxf7+ { [%eval -0.04] } 40. Bxf7 { [%eval -0.08] } 40... Kxf7 { [%eval -0.07] } 41. Rc7+ { [%eval 0.0] } 41... Ke6 { [%eval 0.07] } 42. Rc6+?! { [%eval -0.62] } 42... Rd6 { [%eval -0.6] } 43. Rc3 { [%eval -0.7] } 43... Rf8+ { [%eval -0.67] } 44. Ke2 { [%eval -0.84] } 44... Rd7?! { [%eval 0.0] } 45. Rxa3 { [%eval 0.0] } 45... Ke7?? { [%eval 6.93] } 46. Bc5+ { [%eval 4.2] } 46... Kf7?? { [%eval 7.53] } 47. Rg3?? { [%eval -0.77] } 47... Re8?! { [%eval 0.07] } 48. Rf3+ { [%eval -0.08] } 48... Ke6?? { [%eval #1] } 49. Rf6# 1-0,2710.0
 Blitz ,Peaudepailles,alsasan1987,0-1,2016.07.15,23:44:09,2709,2618,-15.0,16.0,C00,French Defense: Alapin Gambit,180+0,Normal,1. d4 { [%eval 0.23] } 1... e6 { [%eval 0.19] } 2. e4 { [%eval 0.18] } 2... d5 { [%eval 0.3] } 3. Be3?! { [%eval -0.29] } 3... dxe4 { [%eval -0.39] } 4. Nd2 { [%eval -0.26] } 4... f5 { [%eval -0.2] } 5. f3 { [%eval -0.12] } 5... Nf6 { [%eval -0.07] } 6. fxe4 { [%eval -0.1] } 6... c5?! { [%eval 0.47] } 7. dxc5 { [%eval 0.13] } 7... e5? { [%eval 1.15] } 8. Ngf3 { [%eval 1.2] } 8... Qc7 { [%eval 1.27] } 9. Bb5+ { [%eval 0.79] } 9... Nc6?! { [%eval 1.39] } 10. O-O { [%eval 1.0] } 10... Ng4 { [%eval 1.01] } 11. Bf2? { [%eval -1.1] } 11... Nxf2 { [%eval -1.0] } 12. Kxf2 { [%eval -1.09] } 12... Bxc5+ { [%eval -1.04] } 13. Ke1 { [%eval -1.0] } 13... O-O { [%eval -0.79] } 14. Qe2 { [%eval -0.79] } 14... Nb4 { [%eval -0.5] } 15. Qc4+ { [%eval -0.87] } 15... Kh8 { [%eval -0.94] } 16. a3 { [%eval -0.91] } 16... a6 { [%eval -0.5] } 17. Be8? { [%eval -2.98] } 17... Be6 { [%eval -2.57] } 18. Qxe6? { [%eval -4.78] } 18... Nxc2+ { [%eval -4.45] } 19. Kd1? { [%eval -6.84] } 19... Nxa1? { [%eval -5.04] } 20. Ba4?! { [%eval -5.81] } 20... b5 { [%eval -5.41] } 21. Ke2? { [%eval -7.11] } 21... bxa4 { [%eval -6.34] } 22. Rxa1? { [%eval -9.03] } 22... fxe4 { [%eval -8.7] } 23. Nxe4 { [%eval -8.5] } 23... Qb7 { [%eval -7.89] } 24. Ned2? { [%eval -10.18] } 24... Rad8 { [%eval -9.71] } 25. Rc1 { [%eval -11.16] } 25... e4 { [%eval -11.06] } 26. Ng5?! { [%eval #-6] } 26... Qxb2 { [%eval #-6] } 27. Rd1 { [%eval #-3] } 27... Rxd2+ { [%eval #-2] } 28. Rxd2 { [%eval #-2] } 28... Rf2+ { [%eval #-1] } 29. Ke1 { [%eval #-1] } 29... Qxd2# 0-1,2663.5
 Blitz ,alsasan1987,Peaudepailles,1/2-1/2,2016.07.15,23:50:22,2634,2694,2.0,-2.0,B22,"Sicilian Defense: Alapin Variation, Smith-Morra Declined",180+0,Normal,1. e4 c5 2. d4 cxd4 3. c3 Nf6 4. e5 Nd5 5. Bc4 e6 6. Bxd5 exd5 7. Nf3 Nc6 8. O-O d6 9. Re1 Be7 10. exd6 Qxd6 11. Nxd4 O-O 12. Na3 Nxd4 13. cxd4 a6 14. Bf4 Qd8 15. Rc1 Be6 16. Rc7 b5 17. Qd3 Re8 18. Qd2 Bf8 19. Nc2 a5 20. Rc1 b4 21. Ne3 Qf6 22. Bg3 h5 23. Qd3 h4 24. Be5 Qg5 25. R7c6 f6 26. Bc7 Bf7 27. h3 Re4 28. Re1 f5 29. Be5 f4 30. Nc2 Bg6 31. Qd2 Re8 32. b3 Bh5 33. Rxe4 dxe4 34. Qxf4 Qxf4 35. Bxf4 Bf7 36. Rb6 Rc8 37. Na1 Rc3 38. Bg5 a4 39. Rb8 g6 40. Kf1 a3 41. Bh6 Kh7 42. Bd2 Kg7 43. Bxc3 bxc3 44. Rc8 Bb4 45. Nc2 Bd6 46. Rxc3 Bf4 47. g3 Kh6 48. gxf4 Kh5 49. Re3 Be6 50. Rxe4 Bxh3+ 51. Kg1 Bf5 52. Re5 Kg4 53. Rxf5 Kxf5 54. Nxa3 Kxf4 55. Nc4 Ke4 56. a4 Kxd4 57. a5 Kc5 58. Kg2 Kb5 59. Kh3 g5 60. Kg4 Ka6 61. f4 h3 62. Kxh3 gxf4 63. Kg4 f3 64. Kxf3 Kb5 65. Ke4 Ka6 66. Kd3 Kb5 67. Kc3 Ka6 68. b4 Kb5 69. Kb3 Ka6 70. Nd6 Ka7 71. Ka4 Ka6 72. b5+ Ka7 73. b6+ Ka6 74. Nc4 Kb7 75. Kb5 Ka8 76. a6 Kb8 77. Nd6 Ka8 78. Kc6 Kb8 79. Nb5 Ka8 80. a7 1/2-1/2,2664.0
 Blitz ,alsasan1987,Peaudepailles,1-0,2016.07.15,23:57:21,2636,2692,15.0,-14.0,B22,"Sicilian Defense: Alapin Variation, Smith-Morra Declined",180+0,Normal,1. e4 { [%eval 0.34] } 1... c5 { [%eval 0.36] } 2. d4 { [%eval 0.08] } 2... cxd4 { [%eval 0.12] } 3. c3 { [%eval 0.12] } 3... Nf6 { [%eval 0.11] } 4. e5 { [%eval 0.08] } 4... Nd5 { [%eval 0.16] } 5. cxd4 { [%eval 0.08] } 5... e6 { [%eval 0.13] } 6. Bc4 { [%eval 0.06] } 6... d6 { [%eval 0.14] } 7. Nf3 { [%eval 0.1] } 7... Be7 { [%eval 0.07] } 8. exd6 { [%eval 0.0] } 8... Qxd6 { [%eval 0.0] } 9. Bd2 { [%eval -0.01] } 9... O-O { [%eval -0.01] } 10. Nc3 { [%eval -0.07] } 10... Nc6 { [%eval 0.03] } 11. O-O { [%eval -0.03] } 11... Nb6 { [%eval -0.08] } 12. Nb5 { [%eval -0.07] } 12... Qd8 { [%eval -0.06] } 13. Bd3 { [%eval -0.12] } 13... Bf6 { [%eval -0.08] } 14. Be3 { [%eval -0.05] } 14... a6 { [%eval 0.26] } 15. Nc3 { [%eval 0.22] } 15... Nd5 { [%eval 0.29] } 16. Qb3 { [%eval 0.2] } 16... Nxe3 { [%eval 0.37] } 17. fxe3 { [%eval 0.3] } 17... e5 { [%eval 0.54] } 18. d5 { [%eval 0.52] } 18... Ne7 { [%eval 0.49] } 19. Rad1 { [%eval 0.46] } 19... g6?! { [%eval 1.32] } 20. d6 { [%eval 1.13] } 20... Nc6?! { [%eval 1.95] } 21. Be4 { [%eval 1.53] } 21... Na5 { [%eval 1.91] } 22. Qa3?! { [%eval 1.05] } 22... Be6?! { [%eval 2.02] } 23. Nd5 { [%eval 1.88] } 23... Bg7? { [%eval 3.07] } 24. Nc7 { [%eval 2.83] } 24... Nc4 { [%eval 3.27] } 25. Nxe6 { [%eval 3.1] } 25... fxe6? { [%eval 4.12] } 26. Qb3 { [%eval 4.04] } 26... Rc8 { [%eval 4.12] } 27. Bxb7 { [%eval 4.12] } 27... Rc5 { [%eval 4.03] } 28. Bxa6 { [%eval 3.93] } 28... Nb6?? { [%eval 8.89] } 29. Qxe6+ { [%eval 8.59] } 29... Kh8 { [%eval 8.25] } 30. b4 { [%eval 8.07] } 30... Rc2? { [%eval 10.62] } 31. Nxe5 { [%eval 10.1] } 31... Rxf1+?! { [%eval #36] } 32. Rxf1 { [%eval 57.19] } 32... Qa8?! { [%eval #4] } 33. Nf7+ { [%eval #3] } 33... Kg8 { [%eval #3] } 34. Nh6+?! { [%eval #4] } 34... Kh8 { [%eval #4] } 35. Nf7+ { [%eval #3] } 35... Kg8 { [%eval #3] } 36. Nd8+ { [%eval #2] } 36... Kh8 { [%eval #2] } 37. Qe8+ { [%eval #1] } 37... Bf8 { [%eval #1] } 38. Qxf8# 1-0,2664.0
 Blitz ,Peaudepailles,alsasan1987,1/2-1/2,2016.07.16,00:02:36,2678,2651,-1.0,1.0,C00,French Defense: Alapin Gambit,180+0,Normal,1. d4 e6 2. e4 d5 3. Be3 Qd6 4. e5 Qb6 5. Nc3 Bd7 6. Rb1 Nh6 7. Bxh6 gxh6 8. Nf3 Rg8 9. Qd2 c5 10. a3 cxd4 11. Nxd4 Rg4 12. Nf3 a6 13. h3 Rg8 14. g4 Nc6 15. Bd3 Qc7 16. Qf4 f6 17. Qxf6 Bg7 18. Qh4 Rf8 19. Qh5+ Kd8 20. g5 Nxe5 21. Nxe5 Qxe5+ 22. Kd1 Rxf2 23. Rg1 Qe3 24. Ne2 Rxe2 25. Bxe2 Qxg1+ 26. Kd2 Qxb1 27. gxh6 Bxb2 28. Qg5+ Kc8 1/2-1/2,2664.5
 Bullet ,jimakos,hiimgosu,1-0,2016.07.16,01:12:06,2616,2755,14.0,-18.0,A00,Hungarian Opening,0+1,Normal,1. g3 { [%eval -0.17] } 1... Nc6 { [%eval -0.02] } 2. Bg2 { [%eval -0.08] } 2... d5 { [%eval 0.0] } 3. Nf3 { [%eval 0.0] } 3... e5 { [%eval 0.07] } 4. O-O { [%eval -0.24] } 4... e4 { [%eval -0.32] } 5. Ne1 { [%eval -0.32] } 5... f5 { [%eval -0.32] } 6. d3 { [%eval -0.37] } 6... Nf6 { [%eval -0.04] } 7. c3 { [%eval -0.24] } 7... Bd6 { [%eval -0.23] } 8. Bg5 { [%eval -0.32] } 8... h6 { [%eval -0.29] } 9. Bxf6 { [%eval -0.67] } 9... Qxf6 { [%eval -0.46] } 10. Nd2 { [%eval -0.57] } 10... O-O?! { [%eval -0.04] } 11. d4? { [%eval -1.57] } 11... f4 { [%eval -1.39] } 12. Qb3 { [%eval -1.49] } 12... Be6 { [%eval -1.61] } 13. Nxe4? { [%eval -3.2] } 13... dxe4 { [%eval -3.09] } 14. d5 { [%eval -3.02] } 14... Bf7 { [%eval -3.0] } 15. Qxb7? { [%eval -4.17] } 15... Ne5 { [%eval -4.87] } 16. Bxe4 { [%eval -4.67] } 16... Rab8 { [%eval -4.5] } 17. Qa6 { [%eval -4.81] } 17... Rxb2? { [%eval -3.67] } 18. Nd3?! { [%eval -4.4] } 18... fxg3?! { [%eval -3.69] } 19. Nxb2?! { [%eval -4.36] } 19... gxh2+?? { [%eval 0.28] } 20. Kh1 { [%eval 0.23] } 20... Ng4 { [%eval 0.16] } 21. Bf3 { [%eval 0.0] } 21... Ne5 { [%eval 0.25] } 22. Bg2 { [%eval -0.2] } 22... Ng6 { [%eval -0.24] } 23. Nd3?! { [%eval -0.88] } 23... Nh4 { [%eval -0.84] } 24. Qxa7?? { [%eval -4.7] } 24... Nxg2 { [%eval -4.61] } 25. Kxg2?? { [%eval #-14] } 25... Bxd5+ { [%eval #-13] } 26. f3 { [%eval #-13] } 26... Qg5+?? { [%eval -1.25] } 27. Kh1 { [%eval -0.06] } 27... Re8 { [%eval 0.11] } 28. Qf2 { [%eval 0.29] } 28... Qe7? { [%eval 1.3] } 29. Rae1?! { [%eval 0.45] } 29... Bc4 { [%eval 0.55] } 30. Nc1 { [%eval 0.09] } 30... Bc5 { [%eval 0.16] } 31. Qxh2 { [%eval -0.13] } 31... Be3 { [%eval 0.0] } 32. Qg3?! { [%eval -0.79] } 32... Qf6?! { [%eval 0.0] } 33. Rg1?? { [%eval -3.53] } 33... Bxg1? { [%eval -1.42] } 34. Rxg1 { [%eval -1.41] } 34... Qxc3? { [%eval 0.0] } 35. Qg6?! { [%eval -0.9] } 35... Rf8?! { [%eval 0.0] } 36. Qg4?! { [%eval -0.54] } 36... Rf6?? { [%eval #1] } 37. Qg3?? { [%eval -0.75] } 37... Rf7 { [%eval -0.68] } 38. Qh4 { [%eval -0.7] } 38... Kf8?? { [%eval #1] } 39. Qd8# 1-0,2685.5
 Bullet ,hiimgosu,jimakos,1-0,2016.07.16,01:16:14,2754,2616,8.0,-6.0,A46,Indian Game: Wade-Tartakower Defense,0+1,Normal,1. d4 Nf6 2. Nf3 d6 3. g3 Nbd7 4. Bg2 e5 5. O-O g6 6. dxe5 dxe5 7. Nc3 Bg7 8. Nd2 O-O 9. Nc4 Qe7 10. e4 c6 11. Qd6 Qxd6 12. Nxd6 Rd8 13. Nxc8 Raxc8 14. Be3 a6 15. Rfd1 Bf8 16. Bh3 Bc5 17. Bxc5 Nxc5 18. Bxc8 Rxc8 19. f3 Kf8 20. b4 Ne6 21. Ne2 Ke7 22. a4 h5 23. Kf2 g5 24. Ke3 g4 25. f4 exf4+ 26. gxf4 Ng7 27. f5 Nd7 28. Kf4 f6 29. Rd4 c5 30. bxc5 Rxc5 31. Rb1 b5 32. axb5 axb5 33. c4 bxc4 34. Rb7 Ne6+ 35. fxe6 Kxe6 36. Rbxd7 c3 37. R4d6# 1-0,2685.0
 Bullet ,jimakos,hiimgosu,0-1,2016.07.16,01:17:50,2610,2762,-6.0,7.0,D13,Slav Defense: Exchange Variation,0+1,Normal,1. Nf3 d5 2. d4 c6 3. c4 Nf6 4. cxd5 cxd5 5. Nc3 Nc6 6. Bg5 Bf5 7. Bxf6 gxf6 8. e3 Qb6 9. Qb3 Qxb3 10. axb3 e6 11. Kd2 a6 12. Bb5 Rc8 13. Bd3 Bxd3 14. Kxd3 Bb4 15. Kd2 Rg8 16. Rac1 Na5 17. Kc2 Rxg2 18. Rcf1 Ke7 19. Rhg1 Rcg8 20. Rxg2 Rxg2 21. h4 Bd6 22. Ne2 Nc6 23. Kd2 h6 24. Rg1 Rxg1 25. Nexg1 f5 26. Nh3 Kf6 27. Kd3 Kg6 28. Nd2 Kh5 29. Nf3 Kg4 30. Nhg1 f4 31. e4 dxe4+ 32. Kxe4 f5+ 33. Kd3 Nb4+ 34. Kc4 b5+ 35. Kc3 Nd5+ 36. Kd3 h5 37. Ke2 Be7 38. Ne5+ Kxh4 39. Ng6+ Kg5 40. Nxe7 Nxe7 41. Kf3 Nd5 42. Nh3+ Kf6 43. Nxf4 Nxf4 44. Kxf4 b4 45. f3 a5 46. Kg3 e5 47. d5 Ke7 48. Kh4 Kd6 49. Kxh5 Kxd5 50. Kg5 f4 51. Kf5 Kd4 52. Ke6 Ke3 0-1,2686.0
 Bullet ,jimakos,hiimgosu,0-1,2016.07.16,01:22:21,2587,2789,-5.0,6.0,A04,Zukertort Opening: Queenside Fianchetto Variation,0+1,Normal,1. Nf3 b6 2. d4 Bb7 3. c4 e6 4. Nc3 Nf6 5. d5 Bb4 6. Bd2 O-O 7. e4 Bxc3 8. Bxc3 Nxe4 9. Bd4 c5 10. Be5 d6 11. Bf4 exd5 12. cxd5 Re8 13. Be2 Qf6 14. Be3 Qxb2 15. O-O Nc3 16. Qe1 Nxe2+ 0-1,2688.0
 Bullet ,jimakos,hiimgosu,0-1,2016.07.16,01:23:38,2577,2801,-4.0,5.0,D15,Slav Defense: Three Knights Variation,0+1,Normal,1. Nf3 d5 2. d4 c6 3. c4 Nf6 4. Nc3 Bf5 5. Qb3 Qb6 6. c5 Qxb3 7. axb3 Na6 8. Bg5 Nb4 9. Bxf6 Nc2+ 10. Kd2 Nxa1 0-1,2689.0
 Bullet ,hiimgosu,jimakos,1-0,2016.07.16,01:24:00,2806,2573,5.0,-5.0,E81,"King's Indian Defense: Saemisch Variation, Normal Defense",0+1,Normal,1. d4 d6 2. c4 Nf6 3. Nc3 g6 4. e4 Bg7 5. f3 O-O 6. Be3 c5 7. dxc5 dxc5 8. Qxd8 Rxd8 9. Bxc5 Nc6 10. Nd5 Nxd5 11. cxd5 Bxb2 12. Rb1 Bd4 13. Bxd4 Nxd4 14. Ne2 Nxe2 15. Bxe2 b6 16. Kf2 e6 17. Bc4 exd5 18. Bxd5 Rb8 19. Rhc1 Bd7 20. Rc7 a5 21. Ke3 Kf8 22. f4 Ke7 23. Kd4 f6 24. g3 Rdc8 25. Rbc1 Rxc7 26. Rxc7 Kd6 27. Ra7 b5 28. e5+ fxe5+ 29. fxe5+ 1-0,2689.5
 Bullet ,jimakos,hiimgosu,0-1,2016.07.16,01:25:02,2568,2811,-4.0,5.0,C16,"French Defense: Winawer Variation, Advance Variation",0+1,Normal,1. e4 { [%eval 0.16] } 1... e6 { [%eval 0.22] } 2. d4 { [%eval 0.32] } 2... d5 { [%eval 0.24] } 3. Nc3 { [%eval 0.28] } 3... Bb4 { [%eval 0.18] } 4. e5 { [%eval 0.07] } 4... Ne7 { [%eval 0.02] } 5. Ne2 { [%eval -0.3] } 5... b6 { [%eval -0.1] } 6. a3 { [%eval -0.15] } 6... Bxc3+ { [%eval 0.01] } 7. Nxc3 { [%eval -0.01] } 7... Ba6 { [%eval 0.19] } 8. Bd3 { [%eval -0.29] } 8... Bxd3 { [%eval -0.26] } 9. Qxd3 { [%eval -0.24] } 9... c5 { [%eval -0.29] } 10. Ne2 { [%eval -0.41] } 10... Nbc6 { [%eval -0.35] } 11. Be3 { [%eval -0.34] } 11... Qc8 { [%eval -0.22] } 12. f4 { [%eval -0.32] } 12... h5 { [%eval -0.13] } 13. dxc5 { [%eval -0.05] } 13... bxc5 { [%eval -0.08] } 14. Bxc5 { [%eval -0.22] } 14... a5?! { [%eval 0.74] } 15. Bxe7 { [%eval 0.75] } 15... Nxe7 { [%eval 0.73] } 16. Nd4 { [%eval 0.72] } 16... g6 { [%eval 0.76] } 17. O-O { [%eval 0.7] } 17... a4 { [%eval 1.18] } 18. Rac1 { [%eval 0.82] } 18... Qa6 { [%eval 0.76] } 19. Qxa6 { [%eval 0.96] } 19... Rxa6 { [%eval 0.92] } 20. c4 { [%eval 0.84] } 20... dxc4 { [%eval 0.84] } 21. Rxc4 { [%eval 0.8] } 21... O-O { [%eval 0.72] } 22. Rfc1 { [%eval 0.36] } 22... Nd5 { [%eval 0.4] } 23. g3 { [%eval 0.33] } 23... Rb8?! { [%eval 1.0] } 24. Nc6? { [%eval 0.0] } 24... Rxb2 { [%eval 0.0] } 25. Nb4 { [%eval 0.0] } 25... Nxb4 { [%eval 0.0] } 26. Rxb4 { [%eval 0.0] } 26... Rxb4 { [%eval 0.0] } 27. axb4 { [%eval 0.0] } 27... Rb6 { [%eval 0.0] } 28. Rc4 { [%eval -0.06] } 28... a3 { [%eval 0.0] } 29. Rc3 { [%eval -0.06] } 29... Ra6 { [%eval -0.07] } 30. Rc1 { [%eval -0.07] } 30... Kf8 { [%eval 0.0] } 31. b5 { [%eval 0.0] } 31... Ra5 { [%eval 0.0] } 32. b6 { [%eval 0.0] } 32... a2 { [%eval 0.0] } 33. b7 { [%eval 0.0] } 33... Rb5 { [%eval 0.0] } 34. Rc8+ { [%eval 0.0] } 34... Kg7 { [%eval 0.0] } 35. b8=Q?? { [%eval -52.87] } 35... Rxb8?? { [%eval -6.94] } 0-1,2689.5
 Bullet ,jimakos,hiimgosu,1-0,2016.07.16,01:27:23,2560,2821,17.0,-20.0,A00,Van't Kruijs Opening,0+1,Normal,1. e3 b6 2. f4 Bb7 3. Nf3 c5 4. b3 Nf6 5. Bb2 g6 6. Be2 Bg7 7. O-O O-O 8. Qe1 d6 9. d3 Ng4 10. Bxg7 Kxg7 11. Qc3+ Kg8 12. Qd2 f5 13. h3 Nf6 14. Nc3 Nc6 15. Rae1 e5 16. fxe5 dxe5 17. Ng5 Qe7 18. Bf3 Rad8 19. Qf2 h6 20. Qh4 hxg5 21. Qxg5 Qg7 22. g4 Nh7 23. Qh4 g5 24. Qg3 f4 25. Qg2 Na5 26. Ne4 Bxe4 27. Bxe4 Nf6 28. Bf5 Nb7 29. h4 Nd6 30. exf4 Nxf5 31. hxg5 Nd4 32. gxf6 Rxf6 33. Rxe5 Rdf8 34. Rg5 Rg6 35. Qd5+ Rf7 36. Qd8+ Kh7 37. Rh5+ Rh6 38. Rxh6+ Qxh6 39. Kg2 Qc6+ 40. Kg3 Ne2+ 41. Kf2 Rxf4+ 42. Kxe2 Qg2+ 43. Ke3 Qxf1 44. Qh4+ Kg6 45. Qh5+ Kf6 46. Qh6+ Ke5 47. Qg5+ Rf5 48. Qe7+ Kd5 49. Qd7+ Ke5 50. Qxf5+ Qxf5 51. gxf5 Kxf5 52. d4 cxd4+ 53. Kxd4 Ke6 54. Kc4 Kd6 55. Kb5 Kc7 56. Ka6 Kb8 57. c4 Ka8 58. b4 Kb8 59. a4 Ka8 60. a5 bxa5 61. Kxa5 Kb7 62. b5 Kc7 63. c5 Kb8 64. c6 Ka8 65. Ka6 Kb8 66. c7+ Ka8 67. c8=R# 1-0,2690.5
 Bullet ,hiimgosu,jimakos,1-0,2016.07.16,01:29:43,2801,2577,5.0,-5.0,A00,Hungarian Opening,0+1,Normal,1. g3 e6 2. Bg2 f6 3. c4 Ne7 4. Nc3 c6 5. d4 d5 6. e4 dxc4 7. Nf3 b5 8. O-O Bb7 9. a4 a6 10. Re1 Nd7 11. e5 f5 12. Ng5 Nb6 13. Nxe6 Qc8 14. Nxf8 Rxf8 15. axb5 cxb5 16. d5 Qb8 17. d6 Nc6 18. e6 Rf6 19. Bg5 Rg6 20. h4 Nb4 21. Bh3 Nd3 22. Bxf5 Nxe1 23. d7+ Kf8 24. e7+ Kf7 25. Qxe1 Rxg5 26. e8=Q+ Qxe8 27. dxe8=Q+ Rxe8 28. Qxe8+ Kxe8 29. hxg5 b4 30. Na4 Nd5 31. Nc5 Bc6 32. Be4 Bb5 1-0,2689.0
 Bullet ,jimakos,hiimgosu,1-0,2016.07.16,01:30:53,2572,2806,18.0,-19.0,D00,Queen's Pawn Game #2,0+1,Normal,1. e3 d5 2. d4 Nc6 3. Nf3 Bg4 4. Bd3 e5 5. dxe5 Nxe5 6. Be2 Bxf3 7. Bxf3 Nf6 8. Nc3 c6 9. O-O Bb4 10. Bd2 Nc4 11. Qc1 Nxd2 12. Qxd2 Qa5 13. Be2 Bxc3 14. Qxc3 Qxc3 15. bxc3 O-O-O 16. c4 dxc4 17. Bxc4 Rd7 18. Rfd1 Rhd8 19. Rxd7 Rxd7 20. Kf1 Kc7 21. Ke2 Ne4 22. Bd3 Nc3+ 23. Kd2 Nd5 24. a3 g6 25. Rd1 b6 26. Ke1 Nc3 27. Rd2 c5 28. Bc4 Rxd2 29. Kxd2 Ne4+ 30. Ke2 f6 31. Bg8 Nc3+ 32. Kd3 Nb5 33. a4 Nd6 34. Bxh7 g5 35. g3 a6 36. h4 gxh4 37. gxh4 b5 38. axb5 axb5 39. h5 Nf7 40. Bg6 Nh6 41. f4 Kd6 42. Be8 b4 43. Ke4 Ke6 44. Bb5 f5+ 45. Kd3 Kd5 46. Bc4+ Kd6 47. e4 Ke7 48. e5 Ng4 49. Ke2 Nh6 50. Bd3 Ke6 51. Bc4+ Ke7 52. Kf3 Nf7 53. Bxf7 Kxf7 54. Ke3 Ke6 55. Kd3 Kd5 56. h6 c4+ 57. Kd2 Kd4 58. c3+ bxc3+ 59. Kc2 1-0,2689.0
 Bullet ,hiimgosu,jimakos,1-0,2016.07.16,01:33:06,2787,2590,6.0,-6.0,B02,Alekhine Defense: Maroczy Variation,0+1,Normal,1. e4 Nf6 2. d3 d5 3. Nd2 dxe4 4. Nxe4 c5 5. Nf3 Nxe4 6. dxe4 Qxd1+ 7. Kxd1 Nc6 8. c3 Bg4 9. Be2 O-O-O+ 10. Kc2 e6 11. Be3 Be7 12. h3 Bh5 13. Rhe1 Bg6 14. Nd2 Rhe8 15. f4 f5 16. e5 Bf7 17. g4 g6 18. Bf3 Kc7 19. a4 b6 20. Nc4 Nb8 21. Rh1 Rc8 22. g5 Red8 23. h4 Be8 24. h5 Bc6 25. Bxc6 Nxc6 26. hxg6 hxg6 27. Rh6 Rg8 28. Rah1 Bf8 29. Rh7+ Rg7 30. Rxg7+ Bxg7 31. Rh7 Rg8 32. Nd6 Kd7 33. Kd3 Ne7 34. Kc4 Nd5 35. Bd2 Nc7 36. b4 cxb4 37. cxb4 Ne8 38. Nxe8 Kxe8 39. Kb5 Kf7 40. Ka6 Rd8 41. Be3 Rd3 42. Bxb6 axb6 43. Kxb6 Rd4 44. Kb5 Rxf4 45. a5 Kg8 46. Rh1 Bxe5 47. a6 Bc3 48. Rb1 Bd4 49. Kc6 e5 50. b5 Rf2 51. b6 Rc2+ 52. Kb7 Ra2 53. a7 Bxb6 54. Rxb6 e4 55. Rxg6+ Kf7 56. Rf6+ Ke7 57. Rxf5 Ke6 58. Rf6+ Ke5 59. a8=Q Rxa8 60. Kxa8 e3 61. Rf8 1-0,2688.5
 Bullet ,hiimgosu,jimakos,1-0,2016.07.16,01:36:47,2799,2579,5.0,-5.0,D06,Queen's Gambit Refused: Marshall Defense,0+1,Normal,1. d4 Nf6 2. c4 d5 3. Nc3 dxc4 4. e4 c5 5. d5 e6 6. Bxc4 exd5 7. Nxd5 Nxe4 8. Qe2 Bf5 9. f3 Nd7 10. fxe4 Bg6 11. Nf3 Bd6 12. e5 Bb8 13. e6 fxe6 14. Qxe6+ Kf8 15. O-O 1-0,2689.0
 Bullet ,jimakos,hiimgosu,0-1,2016.07.16,01:37:20,2574,2804,-5.0,5.0,A00,Hungarian Opening,0+1,Normal,1. g3 e5 2. Bg2 Nc6 3. c4 Bc5 4. Nc3 d6 5. e3 a6 6. Nge2 Ba7 7. O-O h5 8. d4 h4 9. d5 Nce7 10. h3 hxg3 11. Nxg3 Bxh3 12. Bxh3 Rxh3 13. Qg4 Rh7 14. e4 Nf6 15. Qf3 Qd7 16. Be3 Bxe3 17. fxe3 Qh3 18. Qg2 Ng4 19. Rae1 Ng6 20. Qxh3 Rxh3 21. Kg2 Rh2+ 22. Kf3 Nf6 23. Nf5 Nh4+ 24. Kg3 Nxf5+ 25. Kxh2 Nh6 26. Kg3 b6 27. Kf3 Ke7 28. Rg1 g6 29. Rh1 Nh5 30. Reg1 Ng8 31. Ne2 Ngf6 32. Ng3 Nxg3 33. Rxg3 Nh5 34. Rg5 a5 35. a3 a4 36. Rgg1 Ra5 37. Rb1 Rc5 38. Rhc1 Nf6 39. b4 axb3 40. Rxb3 Ra5 41. Rcc3 Nd7 42. Rb5 Ra4 43. Rb4 Ra6 44. Rb1 Nc5 45. Rg1 Ra4 46. Rh1 Nb7 47. Rh8 Na5 48. Rc8 Kd7 49. Rf8 Ke7 50. Rc8 Kd7 51. Rf8 Nxc4 52. Rxf7+ Kc8 53. Rg7 b5 54. Rxg6 Rxa3 55. Rxa3 Nxa3 56. Rg1 Kb7 57. Ke2 Kb6 58. Kd3 Kc5 59. Rc1+ Nc4 60. Rg1 Nb2+ 61. Kc2 Nc4 62. Kd3 Nb2+ 63. Ke2 Na4 64. Rg7 Kb6 65. Kd3 Nc5+ 66. Kc2 Nxe4 67. Rg4 Nf6 0-1,2689.0
 Bullet ,hiimgosu,jimakos,0-1,2016.07.16,01:39:47,2809,2569,-19.0,18.0,A84,Dutch Defense: Rubinstein Variation,0+1,Normal,1. d4 e6 2. c4 f5 3. Nc3 Nf6 4. g3 Bb4 5. Bg2 d6 6. Bd2 Bxc3 7. Bxc3 Bd7 8. Bxb7 Bc6 9. Bxc6+ Nxc6 10. Qa4 Qd7 11. Nf3 O-O 12. Rc1 Nxd4 13. Qxd7 Nxf3+ 14. exf3 Nxd7 15. O-O Rfe8 16. f4 Kf7 17. Kg2 g6 18. b4 Rab8 19. a4 Nb6 20. Bd4 Nxa4 21. Bxa7 Rxb4 22. Be3 Nb6 23. c5 Nd5 24. cxd6 cxd6 25. Kf3 Rb3 26. Rb1 Rxb1 27. Rxb1 e5 28. fxe5 dxe5 29. h4 e4+ 30. Ke2 Nc3+ 31. Kd2 Nxb1+ 32. Kc2 Na3+ 33. Kb3 Nb5 34. Kc4 Nd6+ 35. Kd5 Rd8 36. Bg5 Rd7 37. Kc6 Ke6 0-1,2689.0
 Bullet ,universe64,hiimgosu,0-1,2016.07.16,03:13:25,2502,2803,-5.0,3.0,A40,English Defense #2,60+0,Normal,1. d4 b6 2. Nf3 Bb7 3. Bf4 f5 4. e3 Nf6 5. Bc4 e6 6. O-O g6 7. Nbd2 Bg7 8. c3 O-O 9. Bd3 Nh5 10. Bg5 Qe8 11. Qe2 h6 12. Bf4 Nxf4 13. exf4 Qf7 14. Ne5 Bxe5 15. fxe5 Nc6 16. f4 Ne7 17. Bc4 g5 18. g3 Kh7 19. Kf2 Rg8 20. Nf3 gxf4 21. gxf4 Rg4 22. Qe3 Rag8 23. Rg1 Qh5 24. Rxg4 fxg4 25. Bd3+ Nf5 0-1,2652.5
 Bullet ,hiimgosu,universe64,1-0,2016.07.16,03:14:35,2806,2497,4.0,-4.0,A40,Queen's Pawn,60+0,Normal,1. d4 c6 2. Nf3 d5 3. Bf4 Nf6 4. e3 e5 5. Nxe5 Bd6 6. Bd3 O-O 7. c4 Qe7 8. Nc3 dxc4 9. Bxc4 Nbd7 10. Nxd7 Bxd7 11. Bxd6 Qxd6 12. O-O c5 13. d5 a6 14. a4 b6 15. Qd3 a5 16. b3 Rfe8 17. e4 Ng4 18. f4 Qh6 19. h3 Nf6 20. e5 Nh5 21. Ne2 g6 22. g4 Ng7 23. Kg2 Kh8 24. Rae1 Rad8 25. Ng3 Bc8 26. Ne4 f5 27. exf6 Bxg4 1-0,2651.5
 Bullet ,universe64,hiimgosu,0-1,2016.07.16,03:16:02,2493,2810,-4.0,4.0,B00,Owen Defense,60+0,Normal,1. e4 b6 2. Bc4 Bb7 3. Bd5 Bxd5 4. exd5 e6 5. dxe6 dxe6 6. Nf3 Nf6 7. O-O c5 8. d4 Nc6 9. Be3 Rc8 10. dxc5 Qxd1 11. Rxd1 Bxc5 12. Nc3 Bxe3 13. fxe3 Ke7 14. Nd4 Ne5 15. b3 Rxc3 0-1,2651.5
 Bullet ,hiimgosu,universe64,1-0,2016.07.16,03:16:38,2814,2489,3.0,-5.0,A43,Queen's Pawn Game: Liedmann Gambit,60+0,Normal,1. d4 c5 2. c4 cxd4 3. e3 dxe3 4. Bxe3 Nf6 5. Nc3 d6 6. Nf3 Ng4 7. Bf4 Qb6 8. Qd2 e5 9. Nd5 Qd8 10. Bg5 f6 11. Bh4 Be6 12. h3 Nh6 13. g4 Nc6 14. Bg2 Ne7 15. Ne3 d5 16. cxd5 Nxd5 17. Nxd5 Qxd5 18. O-O Qxd2 19. Nxd2 O-O-O 20. Rac1+ Kb8 21. Ne4 Be7 22. a3 Rc8 23. Rcd1 Rhd8 24. Rfe1 Nf7 25. f3 Rxd1 26. Rxd1 Rd8 27. Rxd8+ Nxd8 28. Be1 Nc6 29. Bf1 g6 30. Kf2 f5 31. Nc3 Bh4+ 32. Ke2 Bc4+ 33. Kd1 Bxe1 34. Bxc4 Bxc3 35. bxc3 fxg4 36. hxg4 g5 37. Bg8 h6 38. Kc2 Kc7 39. Kd3 Kd6 40. Ke4 Ne7 41. Bb3 b6 42. Ba2 a5 43. Bb3 Nc6 44. Kf5 b5 45. Kg6 e4 46. fxe4 Ke5 47. Kxh6 Kxe4 48. Kxg5 Kd3 49. Bd5 Ne7 50. Be6 Kxc3 51. Kf6 b4 52. axb4 axb4 53. Kxe7 b3 54. Bxb3 Kd4 55. g5 Ke5 56. g6 1-0,2651.5
 Blitz ,GodofBasketball,zsoltik,1-0,2016.07.16,15:55:49,2735,2631,46.0,-7.0,A04,Zukertort Opening: Sicilian Invitation,180+0,Normal,1. Nf3 { [%eval 0.18] } 1... c5 { [%eval 0.32] } 2. g3 { [%eval -0.05] } 2... g6 { [%eval 0.16] } 3. d4 { [%eval -0.01] } 3... cxd4 { [%eval 0.0] } 4. Nxd4 { [%eval 0.01] } 4... Bg7 { [%eval 0.02] } 5. Bg2 { [%eval 0.0] } 5... Nc6 { [%eval 0.08] } 6. c3 { [%eval 0.0] } 6... Nf6 { [%eval 0.12] } 7. Nd2 { [%eval -0.16] } 7... O-O { [%eval -0.13] } 8. O-O { [%eval -0.12] } 8... Qb6 { [%eval 0.0] } 9. Nc4 { [%eval -0.18] } 9... Qa6 { [%eval -0.16] } 10. Ne3 { [%eval -0.17] } 10... e6 { [%eval 0.0] } 11. c4 { [%eval 0.0] } 11... Nxd4 { [%eval 0.18] } 12. Qxd4 { [%eval 0.0] } 12... d5 { [%eval 0.22] } 13. Qh4 { [%eval 0.4] } 13... dxc4 { [%eval 0.31] } 14. Bd2 { [%eval 0.15] } 14... Bd7 { [%eval 0.53] } 15. Bc3 { [%eval 0.55] } 15... Nd5 { [%eval 0.81] } 16. Bxd5 { [%eval 0.79] } 16... exd5 { [%eval 0.82] } 17. Nxd5 { [%eval 0.75] } 17... Bxc3 { [%eval 0.8] } 18. bxc3 { [%eval 0.79] } 18... Rad8 { [%eval 0.83] } 19. Rad1 { [%eval 0.76] } 19... Kg7 { [%eval 0.77] } 20. e4 { [%eval 0.44] } 20... f6 { [%eval 0.86] } 21. e5 { [%eval 0.76] } 21... Bf5?? { [%eval 4.72] } 22. Nxf6 { [%eval 4.65] } 22... h6 { [%eval 4.64] } 23. Rxd8 { [%eval 4.6] } 23... Rxd8 { [%eval 4.59] } 24. Nh5+ { [%eval 4.34] } 24... gxh5 { [%eval 4.71] } 25. Qxd8 { [%eval 4.31] } 25... Bd3?? { [%eval 14.48] } 26. Qe7+ { [%eval 13.47] } 26... Kg6 { [%eval 19.71] } 27. Re1 { [%eval 19.01] } 27... Qc6 { [%eval 53.95] } 28. e6 { [%eval 53.95] } 28... Qf3 { [%eval 53.95] } 29. Qe8+ { [%eval 53.95] } 29... Kg7 { [%eval 53.87] } 30. Qd7+ { [%eval 53.84] } 1-0,2683.0
 Blitz ,l3OOM,GodofBasketball,0-1,2016.07.16,16:30:27,2654,2781,-8.0,36.0,C99,"Ruy Lopez: Morphy Defense, Chigorin Defense, Panov System",240+0,Normal,1. e4 { [%eval 0.19] } 1... e5 { [%eval 0.22] } 2. Nf3 { [%eval 0.22] } 2... Nc6 { [%eval 0.22] } 3. Bb5 { [%eval 0.12] } 3... a6 { [%eval 0.24] } 4. Ba4 { [%eval 0.17] } 4... Nf6 { [%eval 0.16] } 5. O-O { [%eval 0.16] } 5... Be7 { [%eval 0.15] } 6. Re1 { [%eval 0.1] } 6... b5 { [%eval 0.12] } 7. Bb3 { [%eval 0.17] } 7... O-O { [%eval 0.2] } 8. h3 { [%eval 0.21] } 8... d6 { [%eval 0.18] } 9. c3 { [%eval 0.19] } 9... Na5 { [%eval 0.17] } 10. Bc2 { [%eval 0.16] } 10... c5 { [%eval 0.25] } 11. d4 { [%eval 0.24] } 11... cxd4 { [%eval 0.34] } 12. cxd4 { [%eval 0.31] } 12... Qc7 { [%eval 0.38] } 13. Nbd2 { [%eval 0.34] } 13... Bb7 { [%eval 0.35] } 14. d5 { [%eval 0.32] } 14... Rac8 { [%eval 0.25] } 15. Bb1 { [%eval 0.15] } 15... Nh5 { [%eval 0.3] } 16. Nb3 { [%eval 0.25] } 16... Nxb3 { [%eval 0.31] } 17. Qxb3 { [%eval 0.18] } 17... f5 { [%eval 0.12] } 18. Nxe5 { [%eval -0.16] } 18... Bh4 { [%eval -0.07] } 19. g3 { [%eval -0.08] } 19... dxe5 { [%eval -0.15] } 20. d6+ { [%eval -0.25] } 20... Qf7 { [%eval -0.16] } 21. Qxf7+ { [%eval -0.16] } 21... Kxf7 { [%eval -0.14] } 22. gxh4 { [%eval -0.27] } 22... Bxe4 { [%eval -0.2] } 23. Bxe4 { [%eval -0.2] } 23... fxe4 { [%eval -0.25] } 24. Bg5 { [%eval -0.41] } 24... Ke6 { [%eval -0.59] } 25. Be7 { [%eval -1.0] } 25... Rf5 { [%eval -0.93] } 26. Rad1 { [%eval -0.95] } 26... Kd7 { [%eval -0.89] } 27. Rd2 { [%eval -0.91] } 27... Rc4 { [%eval -0.87] } 28. b3 { [%eval -0.72] } 28... Rd4 { [%eval -0.66] } 29. Rxd4 { [%eval -0.65] } 29... exd4 { [%eval -0.66] } 30. Rxe4 { [%eval -0.55] } 30... Nf4 { [%eval -0.39] } 31. Kf1 { [%eval -0.7] } 31... Ne6 { [%eval -0.68] } 32. Ke2 { [%eval -0.72] } 32... b4 { [%eval -0.67] } 33. Ke1 { [%eval -0.6] } 33... Rc5 { [%eval -0.61] } 34. Kd1 { [%eval -0.68] } 34... Ra5 { [%eval -0.75] } 35. Re2 { [%eval -0.6] } 35... Rf5 { [%eval -0.64] } 36. Ke1 { [%eval -0.73] } 36... a5 { [%eval -0.43] } 37. Re4 { [%eval -0.45] } 37... g6 { [%eval -0.47] } 38. Ke2 { [%eval -0.47] } 38... Nf4+ { [%eval -0.49] } 39. Kd2 { [%eval -0.44] } 39... Nxh3 { [%eval -0.42] } 40. Rxd4 { [%eval -0.43] } 40... Rxf2+ { [%eval -0.31] } 41. Kd3 { [%eval -0.43] } 41... Rxa2 { [%eval -0.44] } 42. Kc4 { [%eval -0.81] } 42... Rf2 { [%eval -0.9] } 43. Rd5 { [%eval -0.99] } 43... Rf5 { [%eval -0.94] } 44. Rb5 { [%eval -0.91] } 44... Ng1 { [%eval -0.84] } 45. Rb7+ { [%eval -0.9] } 45... Ke6 { [%eval -0.96] } 46. Rb5? { [%eval -2.69] } 46... Nf3 { [%eval -2.91] } 47. Rxf5 { [%eval -2.87] } 47... gxf5 { [%eval -2.18] } 48. Kc5? { [%eval -3.57] } 48... f4 { [%eval -3.09] } 49. Bf8?? { [%eval -6.8] } 49... Ne5 { [%eval -6.4] } 50. Kd4 { [%eval -6.12] } 50... f3 { [%eval -5.75] } 51. Ke3 { [%eval -5.27] } 51... Kd7 { [%eval -4.88] } 52. Bg7?? { [%eval -11.59] } 52... Kxd6 { [%eval -11.41] } 53. Bf8+ { [%eval -11.39] } 53... Kd5 { [%eval -7.63] } 54. Be7? { [%eval -15.92] } 54... Nc6 { [%eval -14.59] } 55. Bf6 { [%eval -14.8] } 55... Ne5 { [%eval -11.61] } 56. Be7 { [%eval -13.99] } 56... Nc6 { [%eval -12.37] } 57. Bf6 { [%eval -13.01] } 57... Nd4 { [%eval -9.94] } 58. Bxd4 { [%eval -19.67] } 58... f2 { [%eval -16.78] } 59. Kxf2?! { [%eval #-15] } 59... Kxd4 { [%eval #-14] } 60. h5 { [%eval #-12] } 60... Kc3 { [%eval #-13] } 61. Ke3 { [%eval #-13] } 61... Kxb3 { [%eval #-12] } 62. Kd2 { [%eval #-11] } 62... a4 { [%eval #-10] } 63. Kc1 { [%eval #-10] } 63... Ka2 { [%eval #-10] } 64. Kc2 { [%eval #-10] } 64... b3+ { [%eval #-9] } 65. Kc3 { [%eval #-9] } 65... b2 { [%eval #-8] } 66. Kd4 { [%eval #-8] } 66... b1=Q { [%eval #-7] } 67. Ke5 { [%eval #-7] } 67... Kb2 { [%eval #-7] } 68. Kf6 { [%eval #-7] } 68... a3 { [%eval #-6] } 69. Kg7 { [%eval #-5] } 69... a2 { [%eval #-4] } 70. h6 { [%eval #-4] } 70... a1=Q { [%eval #-3] } 71. Kg8 { [%eval #-2] } 71... Qa7?! { [%eval #-2] } 72. Kh8 { [%eval #-2] } 72... Qc2 { [%eval #-1] } 73. Kg8 { [%eval #-1] } 73... Qc8# 0-1,2717.5
 Blitz ,fortresspieces,GodofBasketball,0-1,2016.07.16,17:08:25,2696,2817,,,E61,King's Indian Defense: 3.Nc3,180+2,Normal,1. d4 { [%eval 0.22] } 1... Nf6 { [%eval 0.24] } 2. c4 { [%eval 0.25] } 2... g6 { [%eval 0.54] } 3. Nc3 { [%eval 0.58] } 3... c5 { [%eval 0.7] } 4. d5 { [%eval 0.76] } 4... d6 { [%eval 0.73] } 5. e4 { [%eval 0.68] } 5... Bg7 { [%eval 0.7] } 6. Bd3 { [%eval 0.71] } 6... O-O { [%eval 0.69] } 7. Nge2 { [%eval 0.37] } 7... Nbd7 { [%eval 0.46] } 8. O-O { [%eval 0.36] } 8... Ne5 { [%eval 0.4] } 9. f3 { [%eval 0.37] } 9... Nfd7 { [%eval 0.32] } 10. Bf4 { [%eval -0.15] } 10... Nxd3 { [%eval -0.1] } 11. Qxd3 { [%eval -0.14] } 11... Ne5 { [%eval -0.18] } 12. Bxe5 { [%eval -0.16] } 12... Bxe5 { [%eval -0.11] } 13. f4 { [%eval -0.12] } 13... Bg7 { [%eval -0.1] } 14. f5 { [%eval -0.28] } 14... Bd7 { [%eval -0.24] } 15. Qh3 { [%eval -0.41] } 15... a6 { [%eval -0.31] } 16. Rf4?! { [%eval -0.98] } 16... b5 { [%eval -0.82] } 17. Rh4 { [%eval -0.72] } 17... b4 { [%eval -0.89] } 18. Nd1 { [%eval -0.89] } 18... h5?! { [%eval 0.0] } 19. Qg3?! { [%eval -0.56] } 19... e6 { [%eval -0.22] } 20. dxe6 { [%eval -0.28] } 20... fxe6 { [%eval -0.55] } 21. fxg6 { [%eval -0.14] } 21... Be5? { [%eval 1.09] } 22. Qh3 { [%eval 0.98] } 22... Qf6 { [%eval 0.62] } 23. Ne3 { [%eval 0.96] } 23... Bxb2 { [%eval 0.82] } 24. Rf1 { [%eval 0.64] } 24... Qxg6 { [%eval 0.91] } 25. Nf4 { [%eval 0.88] } 25... Rxf4 { [%eval 0.9] } 26. Rhxf4 { [%eval 0.73] } 26... Be5 { [%eval 0.56] } 27. Rf7?! { [%eval 0.0] } 27... Bc6 { [%eval 0.0] } 28. Re7?! { [%eval -0.69] } 28... Rf8 { [%eval -0.31] } 29. Qxe6+?! { [%eval -1.01] } 29... Qxe6 { [%eval -1.11] } 30. Rxe6 { [%eval -1.13] } 30... Rxf1+ { [%eval -1.04] } 31. Nxf1 { [%eval -1.33] } 31... Kf7 { [%eval -0.91] } 32. Rh6? { [%eval -2.04] } 32... Bxe4 { [%eval -1.7] } 33. Nd2? { [%eval -2.74] } 33... Bg6 { [%eval -2.61] } 34. Kf2 { [%eval -2.58] } 34... Kg7 { [%eval -2.32] } 35. Rxg6+ { [%eval -2.04] } 35... Kxg6 { [%eval -1.94] } 36. g3? { [%eval -3.19] } 36... a5 { [%eval -3.62] } 37. Ke3 { [%eval -4.05] } 37... a4 { [%eval -3.77] } 38. Ke4? { [%eval -5.35] } 38... b3 { [%eval -5.12] } 39. Nxb3? { [%eval -6.22] } 39... axb3 { [%eval -6.17] } 40. axb3 { [%eval -4.55] } 40... Kf6 { [%eval -4.27] } 0-1,2756.5
 Bullet ,chickencrossroad,hiimgosu,0-1,2016.07.16,21:13:55,2571,2831,-5.0,5.0,E01,Catalan Opening,60+0,Normal,1. d4 Nf6 2. c4 e6 3. g3 d5 4. Nf3 Bb4+ 5. Bd2 Be7 6. Bg2 O-O 7. Qc2 c6 8. cxd5 cxd5 9. O-O b6 10. Nc3 Bb7 11. Ne5 Nc6 12. Nxc6 Bxc6 13. Rac1 Rc8 14. Qd3 Qd7 15. Rfe1 h6 16. a3 Rfd8 17. b4 Qb7 18. b5 Be8 19. a4 Qb8 20. Bf4 Bd6 21. Bxd6 Qxd6 22. e3 Rc4 23. Ra1 Rdc8 24. Rec1 Qc7 25. Ra3 Qd6 26. Rb3 Bd7 27. Qd2 Rb4 28. Rcb1 Rxb3 29. Rxb3 Rc4 30. Bf1 Rc7 31. Bd3 Bc8 32. Ne2 Bb7 33. Rc3 g5 34. Rxc7 Qxc7 35. Qc3 Ne8 36. Qxc7 Nxc7 37. Nc3 Ne8 38. Kf1 Nd6 39. Ke2 Kf8 40. f3 Ke7 41. e4 dxe4 42. fxe4 f6 43. Ke3 e5 44. d5 Bc8 45. Be2 Nb7 46. Kd3 Kd7 47. Kc4 Kd6 48. Bd3 Nc5 49. Bc2 Bd7 50. a5 bxa5 51. Na4 Nxa4 52. Bxa4 Be8 53. Bc2 h5 54. b6 axb6 55. Kd3 h4 56. Ke3 hxg3 57. hxg3 Kc5 58. Bd1 Bd7 59. Be2 b5 60. Bxb5 Bxb5 0-1,2701.0
 Bullet ,jimakos,hiimgosu,0-1,2016.07.16,21:22:22,2577,2841,-4.0,5.0,A00,Hungarian Opening,0+1,Normal,1. g3 b6 2. Bg2 d5 3. Nf3 Bb7 4. O-O e6 5. d4 Nf6 6. c4 Be7 7. cxd5 Nxd5 8. Nc3 O-O 9. Nd2 Nxc3 10. bxc3 Bxg2 11. Kxg2 c5 12. e3 Nc6 13. a4 Rc8 14. Ba3 Qd7 15. Qf3 Na5 16. Rfd1 Rfd8 17. Ne4 Qc6 18. dxc5 Bxc5 19. Rxd8+ Rxd8 20. Nxc5 Qxf3+ 21. Kxf3 bxc5 22. Rb1 Nc4 23. Bxc5 Nd2+ 24. Kf4 Nxb1 25. Bxa7 Ra8 0-1,2709.0
 Bullet ,hiimgosu,jimakos,1-0,2016.07.16,21:24:26,2846,2573,5.0,-4.0,A46,Indian Game: Wade-Tartakower Defense,0+1,Normal,1. d4 d6 2. Nf3 Nf6 3. Bf4 g6 4. e3 Bg7 5. h3 O-O 6. Bh2 Nbd7 7. c3 b6 8. Nbd2 Bb7 9. a4 c5 10. a5 bxa5 11. Qa4 Qb6 12. Nc4 Qc7 13. Qxa5 Qc6 14. Be2 Rfb8 15. O-O Nb6 16. Qa2 Nxc4 17. Bxc4 Qc7 18. Bxf7+ 1-0,2709.5
 Bullet ,jimakos,hiimgosu,0-1,2016.07.16,21:27:37,2584,2833,-4.0,5.0,A04,Zukertort Opening: Queenside Fianchetto Variation,0+1,Normal,1. Nf3 b6 2. d3 Bb7 3. Nbd2 Nf6 4. g3 e6 5. Bg2 d6 6. O-O Be7 7. e4 O-O 8. Qe2 Nfd7 9. Re1 c5 10. c3 Nc6 11. d4 cxd4 12. cxd4 Rc8 13. a3 Ndb8 14. b4 a5 15. b5 Na7 16. a4 Re8 17. Bb2 Bf8 18. Rac1 Nd7 19. Nc4 d5 20. exd5 Bxd5 21. Nce5 Nxe5 22. dxe5 Rxc1 23. Rxc1 Qa8 24. Qe3 Rb8 25. Bd4 Nc8 26. Ne1 Rb7 27. f4 Bxg2 28. Nxg2 Rd7 29. Rc6 Qb8 30. Kf1 h6 31. Bxb6 Nxb6 32. Qxb6 Qe8 33. Qxa5 Rd1+ 34. Ke2 Qd7 35. Ne3 Qd3+ 36. Kf3 Rf1+ 37. Kg2 Qe2+ 38. Kh3 Qxe3 39. Qc3 Qe2 40. Qc4 Qh5+ 41. Kg2 Qf3+ 42. Kh3 Rf2 43. Qc3 Qh5# 0-1,2708.5
 Bullet ,hiimgosu,jimakos,1/2-1/2,2016.07.16,21:32:24,2848,2571,-8.0,8.0,A40,Horwitz Defense,0+1,Normal,1. d4 e6 2. Nf3 f5 3. Bf4 Nf6 4. h3 b6 5. e3 Bb7 6. a4 Bb4+ 7. c3 Bd6 8. Bxd6 cxd6 9. a5 Nc6 10. a6 Bc8 11. Qa4 Qe7 12. Nbd2 O-O 13. Qa3 e5 14. Nc4 e4 15. Nfd2 d5 16. Qxe7 Nxe7 17. Nd6 Ne8 18. Nxe8 Rxe8 19. c4 dxc4 20. Nxc4 d5 21. Ne5 Be6 22. Bb5 Rec8 23. Kd2 Ng6 24. Nc6 Bd7 25. Ne7+ Nxe7 26. Bxd7 Rc7 27. Bb5 Kf7 28. Rhc1 Rac8 29. Rxc7 Rxc7 30. Be2 Ke6 31. b4 Kd6 32. b5 g5 33. h4 gxh4 34. Rh1 Ng6 35. Bh5 Rg7 36. Bxg6 Rxg6 37. Rxh4 Rxg2 38. Rxh7 Rxf2+ 39. Kd1 Rb2 40. Rxa7 Rxb5 41. Rf7 Ra5 42. a7 Ke6 43. Rb7 b5 44. Rb6+ Ke7 45. Rb7+ Ke6 46. Ke2 Kd6 47. Rb6+ Kc7 48. Rf6 Rxa7 49. Rxf5 Ra2+ 50. Kd1 Kd6 51. Rf6+ Kd7 52. Rb6 Ra3 53. Rxb5 Kc6 54. Rc5+ Kd6 55. Ke2 Ra2+ 56. Ke1 Rh2 57. Ra5 Rh3 58. Ra6+ Kd7 59. Kf2 Rf3+ 60. Ke2 Rh3 61. Rf6 Rh2+ 62. Rf2 Rxf2+ 63. Kxf2 Ke6 64. Kg3 Kf5 65. Kh4 Kf6 66. Kh5 Kf5 67. Kh4 Kf6 68. Kg4 Kg6 69. Kf4 Kf6 70. Kg4 Kg6 71. Kh4 Kh6 72. Kg3 Kg5 73. Kh3 Kh5 74. Kg3 Kg5 75. Kh3 Kh5 76. Kg3 Kg5 1/2-1/2,2709.5
 Bullet ,hiimgosu,jimakos,1-0,2016.07.16,21:35:58,2845,2574,4.0,-4.0,E81,"King's Indian Defense: Saemisch Variation, Normal Defense",0+1,Normal,1. d4 Nf6 2. c4 g6 3. Nc3 Bg7 4. e4 O-O 5. f3 d6 6. Be3 c6 7. Nge2 Nbd7 8. Qd2 e5 9. d5 a6 10. dxc6 bxc6 11. Qxd6 Re8 12. O-O-O Qa5 13. Qxc6 Rb8 14. Qa4 Qc7 15. Kb1 Nc5 16. Qc2 Ne6 17. Nd5 Qb7 18. Nec3 Nd7 19. Be2 Nd4 20. Qd2 Nc5 21. Rc1 Be6 22. Bd1 Rec8 23. Be2 Nd7 24. Bd3 Nc5 25. Rhd1 f5 26. Bf1 f4 27. Bf2 a5 28. Nb5 a4 29. Ka1 a3 30. Kb1 Na4 31. b3 Nb2 32. Nxd4 Nxd1 33. Rxd1 exd4 34. Bxd4 Bxd4 35. Qxd4 Bxd5 36. cxd5 Qc7 37. Bc4 Qd6 38. e5 Qb4 39. d6+ Kf8 40. Rc1 Qc5 41. Qxc5 Rxc5 42. e6 Rb6 43. e7+ Ke8 44. Bf7+ Kxf7 45. Rxc5 Rxd6 46. Re5 Rd1+ 47. Kc2 1-0,2709.5
 Bullet ,jimakos,hiimgosu,1-0,2016.07.16,21:38:16,2570,2849,20.0,-22.0,B00,"Nimzowitsch Defense: Kennedy Variation, Linksspringer Variation",0+1,Normal,1. e4 Nc6 2. d4 e5 3. d5 Nce7 4. c4 Ng6 5. Be3 Bb4+ 6. Nd2 Nf6 7. f3 d6 8. Bd3 Bc5 9. Bxc5 dxc5 10. Ne2 O-O 11. O-O Ne8 12. a3 a5 13. Rb1 a4 14. Bc2 Bd7 15. Nc3 Nd6 16. Bxa4 Bc8 17. Bc2 b6 18. Qe2 h6 19. Ra1 Qg5 20. g3 Nf4 21. Qd1 Kh8 22. Kh1 Nh5 23. Qe2 Bd7 24. Qf2 Nf6 25. b4 Nb7 26. Nb5 Bxb5 27. cxb5 Nd7 28. Nb3 cxb4 29. axb4 Rxa1 30. Rxa1 Nd6 31. Bd3 Rc8 32. Rc1 g6 33. Rc6 Kg7 34. Qc2 Qd8 35. Nd2 Nf6 36. Nc4 Nfe8 37. Nxe5 Ra8 38. Nc4 Ra1+ 39. Kg2 Qf6 40. e5 Qg5 41. exd6 Rc1 42. d7 Rxc2+ 43. Bxc2 Nd6 44. Nxd6 cxd6 45. Rxd6 Qd8 46. Be4 Kf8 47. f4 Ke7 48. Rc6 Qxd7 49. d6+ Kf6 50. Bd5 Qf5 51. Bf3 Qd3 52. d7+ Ke7 53. Rc7 Kd8 54. Rb7 Qd2+ 55. Kh3 Qxb4 56. Bc6 Qd4 57. Rb8+ Ke7 58. Re8+ Kf6 59. d8=Q+ Qxd8 60. Rxd8 g5 61. Rd5 1-0,2709.5
 Bullet ,jimakos,hiimgosu,1/2-1/2,2016.07.16,21:41:04,2585,2833,7.0,-8.0,A00,Hungarian Opening,0+1,Normal,1. g3 e5 2. Bg2 Nc6 3. d3 Bc5 4. Nf3 d6 5. O-O a6 6. c3 h6 7. d4 Ba7 8. dxe5 Nxe5 9. Nxe5 dxe5 10. Qxd8+ Kxd8 11. Rd1+ Ke7 12. Nd2 Nf6 13. Nc4 Nd7 14. a4 Rd8 15. a5 Rb8 16. Be3 Bxe3 17. Nxe3 Nf6 18. Nc4 Rxd1+ 19. Rxd1 Nd7 20. Bh3 f6 21. f4 exf4 22. gxf4 Nc5 23. Bxc8 Rxc8 24. Kf2 f5 25. Kf3 Ne4 26. Ne3 g6 27. Rd5 Nf6 28. Re5+ Kf7 29. b4 c6 30. c4 Rd8 31. b5 cxb5 32. cxb5 Rd6 33. Rc5 Ke6 34. Nc4 Rd4 35. bxa6 bxa6 36. Ne3 Rd6 37. Nc4 Rd4 38. Ne5 g5 39. Rc6+ Ke7 40. Rxa6 Ra4 41. Ng6+ Kf7 42. Ne5+ Kg7 43. Ra7+ Kg8 44. a6 Ra3+ 45. e3 Nd5 46. Ra8+ Kg7 47. Ra7+ Kf6 48. Rd7 Nxe3 49. Rd6+ Ke7 50. Rd7+ Ke6 51. Rd3 Rxd3 52. Nxd3 Nd5 53. a7 Nc7 54. Nb4 Na8 55. fxg5 hxg5 56. h4 gxh4 57. Kf4 Nb6 58. Nd3 Nd5+ 59. Kg5 Nc7 60. Kxh4 Kd5 61. Kg5 Kc6 62. Kxf5 Kb7 63. Nc5+ Kxa7 64. Ne6 Nxe6 1/2-1/2,2709.0
 Blitz ,TampaChess,self_service,1-0,2016.07.17,05:17:07,2906,2405,1.0,-1.0,B23,"Sicilian Defense: Closed Variation, Korchnoi Defense",180+0,Normal,1. e4 { [%eval 0.27] } 1... c5 { [%eval 0.31] } 2. Nc3 { [%eval 0.25] } 2... e6 { [%eval 0.41] } 3. g3 { [%eval -0.07] } 3... d5 { [%eval -0.13] } 4. exd5 { [%eval -0.05] } 4... exd5 { [%eval 0.04] } 5. d4 { [%eval -0.15] } 5... Nc6 { [%eval 0.16] } 6. dxc5?! { [%eval -0.38] } 6... d4 { [%eval -0.07] } 7. Qe2+ { [%eval -0.02] } 7... Be6 { [%eval -0.08] } 8. Ne4 { [%eval 0.04] } 8... Bxc5 { [%eval -0.01] } 9. Nf3 { [%eval -0.03] } 9... Nf6 { [%eval 0.01] } 10. Nxc5 { [%eval 0.17] } 10... Qa5+ { [%eval 0.16] } 11. c3 { [%eval 0.22] } 11... Qxc5 { [%eval 0.17] } 12. Nxd4 { [%eval 0.18] } 12... Nxd4 { [%eval 0.2] } 13. cxd4 { [%eval 0.22] } 13... Qxd4 { [%eval 0.03] } 14. Bg2 { [%eval 0.01] } 14... O-O { [%eval 0.15] } 15. O-O { [%eval 0.21] } 15... Bc4 { [%eval 0.29] } 16. Rd1 { [%eval 0.28] } 16... Bxe2 { [%eval 0.35] } 17. Rxd4 { [%eval 0.29] } 17... Rad8 { [%eval 0.29] } 18. Be3 { [%eval 0.29] } 18... Rxd4 { [%eval 0.42] } 19. Bxd4 { [%eval 0.38] } 19... b6 { [%eval 0.48] } 20. Re1 { [%eval 0.37] } 20... Bc4?! { [%eval 1.0] } 21. Re7 { [%eval 1.07] } 21... Rd8 { [%eval 1.16] } 22. Rxa7 { [%eval 1.2] } 22... h5 { [%eval 1.36] } 23. Ra8 { [%eval 1.35] } 23... Rxa8 { [%eval 1.38] } 24. Bxa8 { [%eval 1.4] } 24... Bxa2 { [%eval 1.35] } 25. Bxb6 { [%eval 1.37] } 25... Bd5 { [%eval 1.82] } 26. Bxd5 { [%eval 1.81] } 26... Nxd5 { [%eval 1.59] } 27. Bc5 { [%eval 1.62] } 27... f6?! { [%eval 2.2] } 28. Kf1 { [%eval 2.2] } 28... Kf7 { [%eval 2.23] } 29. Ke2 { [%eval 2.03] } 29... Ke6 { [%eval 2.22] } 30. Kd3 { [%eval 2.11] } 30... Kd7 { [%eval 2.4] } 31. b4 { [%eval 2.36] } 31... Kc6 { [%eval 2.36] } 32. Kc4 { [%eval 2.26] } 32... Nc7 { [%eval 2.23] } 33. f3 { [%eval 2.14] } 33... Nb5 { [%eval 2.62] } 34. g4 { [%eval 2.48] } 34... g6?! { [%eval 3.06] } 35. gxh5 { [%eval 2.95] } 35... gxh5 { [%eval 2.82] } 36. Be7 { [%eval 2.75] } 36... f5 { [%eval 2.43] } 37. Bc5 { [%eval 2.24] } 37... Nc7? { [%eval 4.36] } 38. Kd4 { [%eval 3.98] } 38... Nd5?? { [%eval 49.94] } 39. Ke5?? { [%eval 4.82] } 39... f4 { [%eval 4.96] } 40. h3 { [%eval 4.3] } 40... h4? { [%eval 5.66] } 41. Ke4 { [%eval 5.35] } 41... Nc3+ { [%eval 5.84] } 42. Kxf4 { [%eval 5.63] } 42... Kd5 { [%eval 5.38] } 43. Kg4 { [%eval 4.9] } 43... Ne2? { [%eval 6.6] } 44. Kxh4 { [%eval 6.07] } 1-0,2655.5
 Blitz ,opperwezen,genodesis,1-0,2016.07.17,12:59:42,2700,2613,10.0,-9.0,A15,"English Opening: Anglo-Indian Defense, Queen's Indian Formation",180+0,Normal,1. Nf3 Nf6 2. c4 b6 3. g3 Bb7 4. Bg2 e5 5. d3 d6 6. O-O Nbd7 7. Nc3 g6 8. e4 Bg7 9. Ne1 O-O 10. f4 c6 11. Nf3 Qe7 12. f5 d5 13. Qe2 dxe4 14. dxe4 Rad8 15. Be3 Nc5 16. Ne1 h5 17. h3 Kh7 18. g4 hxg4 19. hxg4 gxf5 20. exf5 Rg8 21. g5 Ncd7 22. Rd1 c5 23. Bxb7 1-0,2656.5
 Blitz ,genodesis,opperwezen,0-1,2016.07.17,13:02:54,2604,2710,-8.0,10.0,D35,"Queen's Gambit Declined: Exchange Variation, Positional Variation #2",180+0,Normal,1. d4 { [%eval 0.18] } 1... d5 { [%eval 0.18] } 2. c4 { [%eval 0.27] } 2... e6 { [%eval 0.14] } 3. Nc3 { [%eval 0.18] } 3... Nf6 { [%eval 0.2] } 4. cxd5 { [%eval 0.12] } 4... exd5 { [%eval 0.17] } 5. Bg5 { [%eval 0.01] } 5... Be7 { [%eval 0.16] } 6. e3 { [%eval 0.19] } 6... c6 { [%eval 0.28] } 7. Bd3 { [%eval 0.25] } 7... Nbd7 { [%eval 0.33] } 8. Nge2 { [%eval 0.26] } 8... O-O { [%eval 0.28] } 9. Qc2 { [%eval 0.29] } 9... Re8 { [%eval 0.27] } 10. O-O { [%eval 0.32] } 10... Nf8 { [%eval 0.25] } 11. f3 { [%eval 0.15] } 11... Ng6 { [%eval 0.45] } 12. Rad1 { [%eval 0.42] } 12... Be6 { [%eval 0.35] } 13. Kh1 { [%eval 0.22] } 13... Rc8 { [%eval 0.24] } 14. e4 { [%eval -0.18] } 14... dxe4 { [%eval -0.31] } 15. fxe4 { [%eval -0.37] } 15... Ng4 { [%eval -0.33] } 16. Bc1 { [%eval -0.36] } 16... Bg5 { [%eval -0.43] } 17. d5?! { [%eval -1.03] } 17... cxd5 { [%eval -1.12] } 18. exd5 { [%eval -1.43] } 18... Bd7 { [%eval -1.42] } 19. Nf4?! { [%eval -1.93] } 19... Bxf4 { [%eval -1.5] } 20. Bxf4?! { [%eval -2.17] } 20... Nxf4 { [%eval -2.25] } 21. Rxf4 { [%eval -2.1] } 21... Ne3 { [%eval -2.06] } 22. Bxh7+? { [%eval -4.33] } 22... Kh8 { [%eval -4.37] } 23. Qd3 { [%eval -4.38] } 23... Nxd1 { [%eval -4.43] } 24. Qxd1 { [%eval -4.36] } 24... Qg5 { [%eval -4.29] } 25. Rxf7 { [%eval -4.31] } 25... Bg4? { [%eval -2.17] } 26. Qb1 { [%eval -1.99] } 26... Rf8 { [%eval -1.9] } 27. Rxf8+ { [%eval -2.06] } 27... Rxf8 { [%eval -1.87] } 28. Be4? { [%eval -4.43] } 28... Qd2?? { [%eval -0.74] } 29. h3 { [%eval -0.93] } 29... Be2?! { [%eval -0.39] } 30. Nxe2 { [%eval -0.27] } 30... Qxe2 { [%eval -0.2] } 31. Qd3?? { [%eval -4.25] } 31... Qe1+ { [%eval -4.29] } 32. Kh2 { [%eval -4.22] } 32... Rf1 { [%eval -4.14] } 33. g4 { [%eval -4.04] } 33... Qf2+ { [%eval -3.89] } 34. Bg2 { [%eval -3.55] } 34... Qf4+? { [%eval -1.2] } 35. Qg3 { [%eval -1.27] } 35... Qxg3+? { [%eval -0.12] } 36. Kxg3 { [%eval -0.13] } 36... Rb1 { [%eval -0.24] } 37. b3 { [%eval -0.22] } 37... Rb2 { [%eval -0.14] } 38. d6? { [%eval -1.29] } 38... Rxa2 { [%eval -1.29] } 39. Bxb7 { [%eval -1.32] } 39... Rd2 { [%eval -1.31] } 40. Ba6?! { [%eval -1.84] } 40... Rxd6 { [%eval -1.77] } 41. Bc4 { [%eval -1.6] } 41... Rb6 { [%eval -1.23] } 42. Kf4 { [%eval -1.7] } 42... Rb4 { [%eval -1.31] } 43. h4?? { [%eval -9.74] } 43... a5 { [%eval -7.54] } 44. Kg5? { [%eval -13.43] } 44... a4 { [%eval -12.45] } 0-1,2657.0
 Blitz ,opperwezen,genodesis,1-0,2016.07.17,13:08:22,2720,2596,9.0,-7.0,A09,Reti Opening: Reti Accepted,180+0,Normal,1. Nf3 { [%eval 0.18] } 1... d5 { [%eval 0.21] } 2. c4 { [%eval 0.18] } 2... dxc4 { [%eval 0.34] } 3. e3 { [%eval 0.36] } 3... Nf6 { [%eval 0.37] } 4. Bxc4 { [%eval 0.34] } 4... e6 { [%eval 0.29] } 5. d4 { [%eval 0.32] } 5... a6 { [%eval 0.35] } 6. Bb3 { [%eval 0.19] } 6... c5 { [%eval 0.23] } 7. O-O { [%eval 0.2] } 7... Be7 { [%eval 0.33] } 8. Qe2 { [%eval 0.18] } 8... cxd4 { [%eval 0.2] } 9. Rd1 { [%eval 0.2] } 9... Nc6 { [%eval 0.25] } 10. exd4 { [%eval 0.1] } 10... O-O { [%eval 0.09] } 11. Nc3 { [%eval 0.0] } 11... Na5 { [%eval 0.1] } 12. Bc2 { [%eval 0.09] } 12... b5 { [%eval 0.13] } 13. Ne5 { [%eval 0.06] } 13... Bb7 { [%eval -0.03] } 14. Bg5 { [%eval 0.0] } 14... Rc8 { [%eval -0.01] } 15. Rd3?! { [%eval -0.56] } 15... g6?! { [%eval 0.07] } 16. Rad1 { [%eval -0.05] } 16... Nc4 { [%eval 0.14] } 17. Nxc4 { [%eval 0.12] } 17... Rxc4?! { [%eval 0.84] } 18. Bb3 { [%eval 0.44] } 18... Rc8?! { [%eval 1.0] } 19. d5 { [%eval 0.88] } 19... Nxd5? { [%eval 3.7] } 20. Bxd5 { [%eval 3.6] } 20... Bxd5 { [%eval 3.66] } 21. Bxe7 { [%eval 3.38] } 1-0,2658.0
 Blitz ,genodesis,Peaudepailles,0-1,2016.07.17,14:32:01,2584,2721,-7.0,8.0,A43,"Benoni Defense: Benoni-Indian Defense, Kingside Move Order",180+0,Normal,1. d4 Nf6 2. Nf3 c5 3. d5 a6 4. a4 e6 5. Nc3 exd5 6. Nxd5 Nxd5 7. Qxd5 Nc6 8. c3 d6 9. Bg5 Qc7 10. e4 Be6 11. Qd2 h6 12. Bf4 g5 13. Bg3 Rd8 14. Be2 Bg7 15. O-O O-O 16. Rac1 Ne5 17. b4 Bb3 18. a5 Be6 19. Nxe5 dxe5 20. Qe3 Rc8 21. f3 Rfd8 22. Bf2 Bf8 23. h4 Qe7 24. hxg5 Qxg5 25. b5 c4 26. bxa6 bxa6 27. Qb6 Rd2 28. Be3 Bc5 29. Qxc5 Rxc5 30. Bxg5 hxg5 31. Kf2 Rxa5 32. Ra1 Raa2 33. Rxa2 Rxa2 34. Rc1 a5 35. Ke3 a4 36. g3 a3 37. Bd1 Rb2 38. Ra1 a2 39. Be2 Kf8 40. Bf1 Ke7 41. f4 f6 42. fxe5 fxe5 43. Be2 Kd6 44. Bd1 Kc5 45. Ba4 Bc8 46. Be8 Ba6 47. Bd7 Bb5 48. Bg4 Ba4 49. Bd1 Bxd1 0-1,2652.5
 Blitz ,Peaudepailles,genodesis,0-1,2016.07.17,14:36:48,2729,2577,-18.0,15.0,A40,English Defense #2,180+0,Normal,1. d4 b6 2. e4 Bb7 3. Bd3 e6 4. Nf3 Nf6 5. Qe2 d5 6. e5 Nfd7 7. c3 Be7 8. O-O a5 9. a4 Ba6 10. Na3 Bxd3 11. Qxd3 c5 12. Nb5 Nc6 13. Re1 O-O 14. Bf4 cxd4 15. Nfxd4 Nxd4 16. cxd4 Rc8 17. Rec1 Nb8 18. Na7 Rxc1+ 19. Rxc1 Qd7 20. Qb5 Qxa7 21. g3 Qb7 22. Bd2 h6 23. Bxa5 Nd7 24. Bd2 Rc8 25. Rc3 Rxc3 26. bxc3 Qc7 27. Kg2 g6 28. h4 Kg7 29. Be1 Nb8 30. Bd2 Qc6 31. Qb3 Nd7 32. Be1 Qc4 33. Qxc4 dxc4 34. Kf3 f5 35. Ke3 g5 36. Kf3 gxh4 37. gxh4 Bxh4 38. Bd2 Bg5 39. Be1 Nb8 40. Kg3 Nc6 41. f4 Bd8 42. Kf3 Ne7 43. Bd2 Nd5 44. Ke2 Kf7 45. Kd1 Be7 46. Kc2 h5 47. Kd1 h4 48. Ke2 Kg6 49. Kf3 Kh5 50. Be1 Ba3 51. Kg2 Kg4 52. a5 Nxf4+ 53. Kh2 bxa5 54. Bd2 Nd5 55. Kg2 Bb2 56. Bh6 a4 57. Bf8 a3 58. Bxa3 Bxa3 59. Kf2 Bc1 60. Ke2 Bf4 61. Kf2 h3 62. Kg1 Nxc3 63. d5 Nxd5 64. Kh1 h2 65. Kg2 Bxe5 66. Kh1 c3 67. Kg2 c2 68. Kf2 Bg3+ 69. Ke2 c1=Q 70. Kd3 Qc3+ 71. Ke2 Qe3+ 72. Kd1 Qf2 73. Kc1 Bf4+ 74. Kb1 Nc3+ 75. Ka1 Qa2# 0-1,2653.0
 Blitz ,genodesis,Peaudepailles,1/2-1/2,2016.07.17,14:42:06,2592,2711,4.0,-4.0,A46,Indian Game: Spielmann-Indian,180+0,Normal,1. d4 Nf6 2. Nf3 c5 3. dxc5 e6 4. Be3 Na6 5. c4 Nxc5 6. Nc3 b6 7. g3 Bb7 8. Bg2 a6 9. O-O Qc7 10. Rc1 d6 11. a3 Be7 12. b4 Ncd7 13. Qd3 O-O 14. Rfd1 Rac8 15. Na4 Ba8 16. Qd4 Rb8 17. Qb2 Rfe8 18. Bf4 Ne5 19. Qc3 h6 20. c5 bxc5 21. bxc5 Ne4 22. cxd6 Nxc3 23. dxc7 Nxe2+ 24. Kf1 Nxf4 25. cxb8=Q Rxb8 26. Nxe5 Bxg2+ 27. Kg1 Nd5 28. Kxg2 Bxa3 29. Ra1 Bd6 30. Nc4 Be7 31. Rab1 Rc8 32. Nab6 Rc6 33. Nxd5 exd5 34. Ne3 d4 35. Rxd4 a5 36. Ra4 Bb4 37. Nd5 Bd2 38. Rd1 Bg5 39. Rxa5 Kh7 40. h4 Bd8 41. Ne3 Bxa5 42. Rd5 Bb6 43. Ng4 Re6 44. Rf5 f6 45. Rf3 h5 46. Nh2 Re2 47. Nf1 Kg6 48. Ne3 Bxe3 49. Rxe3 Rxe3 50. fxe3 Kf5 51. Kf3 g5 52. e4+ Ke5 53. hxg5 fxg5 54. Ke3 Ke6 55. Kd4 Kd6 56. e5+ Ke6 57. Ke4 h4 58. gxh4 gxh4 59. Kf4 h3 60. Kg3 h2 61. Kxh2 Kxe5 1/2-1/2,2651.5
 Blitz ,Peaudepailles,genodesis,1-0,2016.07.17,14:48:02,2707,2596,9.0,-8.0,B00,"Nimzowitsch Defense: Scandinavian Variation, Bogoljubov Variation, Richter Gambit",180+0,Normal,1. d4 d5 2. e4 dxe4 3. Nc3 Nc6 4. d5 Nb8 5. f3 e3 6. Bxe3 Nf6 7. Qd2 Nbd7 8. O-O-O Nb6 9. g4 g6 10. g5 Nh5 11. Nge2 Bg7 12. Ng3 Nxg3 13. hxg3 Bf5 14. g4 Bd7 15. Bd4 Kf8 16. f4 c6 17. Bxg7+ Kxg7 18. Qd4+ Kg8 19. f5 cxd5 20. f6 e6 21. Rh6 Qc7 22. Be2 Rc8 23. Kb1 Nc4 24. Bxc4 Qxc4 25. Qe5 Qxg4 26. Rdh1 Qg2 27. a3 d4 28. Qxd4 Bc6 29. Rd1 Re8 30. Qc5 Qg4 31. b4 e5 32. b5 Qxg5 33. Rh2 Qxf6 34. bxc6 bxc6 35. Ne4 Qe6 36. Rd6 Rb8+ 37. Ka1 Qf5 38. Qc4 Kg7 39. Rf6 Qd7 40. Qd3 Qe7 41. Rhf2 Rhd8 42. Rxf7+ Qxf7 43. Rxf7+ Kxf7 44. Qf3+ Kg7 45. Qf6+ Kg8 46. Ng5 Rd7 47. Qe6+ 1-0,2651.5
 Blitz ,genodesis,Peaudepailles,1-0,2016.07.17,14:54:01,2588,2716,15.0,-17.0,B41,Sicilian Defense: Kan Variation,180+0,Normal,1. e4 c5 2. Nf3 e6 3. d4 cxd4 4. Nxd4 a6 5. g3 b5 6. Bg2 Bb7 7. O-O d6 8. Nc3 Nf6 9. Re1 b4 10. Nd5 exd5 11. exd5+ Kd7 12. Bd2 a5 13. Bg5 h6 14. Bxf6 Qxf6 15. Qg4+ Kc7 16. c3 b3 17. axb3 g6 18. Nb5+ Kb6 19. Qc4 Qd8 20. Re8 Be7 21. Qd4+ Kxb5 22. Bf1# 1-0,2652.0
 Blitz ,Peaudepailles,genodesis,1-0,2016.07.17,14:57:43,2699,2603,9.0,-8.0,C00,French Defense: Alapin Gambit,180+0,Normal,1. d4 d5 2. e4 e6 3. Be3 Nf6 4. e5 Nfd7 5. f4 c5 6. c3 Nc6 7. Nf3 f5 8. Bd3 Be7 9. O-O b5 10. Kh1 b4 11. Rg1 bxc3 12. bxc3 g6 13. g4 fxg4 14. Rxg4 Qa5 15. Bd2 Qb6 16. Na3 c4 17. Rb1 Qa5 18. Nxc4 dxc4 19. Be4 Qc7 20. Qa4 Ndb8 21. Qxc4 Ba6 22. Qxe6 Bc8 23. f5 Bxe6 24. fxe6 O-O 25. Bxg6 hxg6 26. Rxg6+ Kh7 27. Rh6+ Kg8 28. Rg1+ Bg5 29. Rxg5+ Qg7 30. Rhg6 Qxg6 31. Rxg6+ Kh7 32. Rh6+ Kg7 33. Nh4 Na6 34. Rg6+ Kh7 35. Rg5 Rf1+ 36. Kg2 Rd1 37. Rh5+ Kg7 38. Bh6+ Kg8 39. Bf4 Rf8 40. Rg5+ Kh7 41. Rh5+ Kg7 42. Bh6+ 1-0,2651.0
 Blitz ,Peaudepailles,genodesis,1-0,2016.07.17,15:09:02,2717,2588,8.0,-7.0,C00,French Defense: Alapin Gambit,180+0,Normal,1. d4 d5 2. e4 e6 3. Be3 Be7 4. e5 c5 5. c3 Nc6 6. f4 Nh6 7. Bf2 Qb6 8. Qc1 Bd7 9. Nf3 cxd4 10. cxd4 Nf5 11. Qd2 h5 12. Nc3 Rc8 13. Be2 Na5 14. O-O Nc4 15. Bxc4 Rxc4 16. Rac1 O-O 17. Kh1 Rfc8 18. Rg1 Bb4 19. g4 hxg4 20. Rxg4 Qc6 21. Be1 b5 22. Qg2 Bf8 23. Rd1 b4 24. Ne2 Rc2 25. Nh4 Nxh4 26. Bxh4 Qc4 27. Bf6 1-0,2652.5
 Blitz ,genodesis,Peaudepailles,0-1,2016.07.17,15:12:26,2581,2725,-7.0,7.0,B40,Sicilian Defense: French Variation,180+0,Normal,1. e4 c5 2. Nf3 e6 3. g3 b6 4. d4 Bb7 5. Bg2 Bxe4 6. Nc3 Bb7 7. O-O Nf6 8. Re1 Be7 9. Bf4 d6 10. dxc5 bxc5 11. Nb5 e5 12. Bg5 a6 13. Bxf6 gxf6 14. Nxe5 Bxg2 15. Nxf7 Kxf7 16. Qh5+ Kg7 17. Qg4+ Kf8 18. Nxd6 Qxd6 19. Rad1 Qc7 20. Kxg2 h5 21. Qg6 Nc6 22. Re6 Ne5 23. Qe4 Rd8 24. Rxd8+ Qxd8 25. f4 Qd2+ 26. Kh3 Qd7 27. Qf5 Kf7 28. Rxe5 Qxf5+ 29. Rxf5 Ke6 30. g4 hxg4+ 31. Kxg4 Rg8+ 0-1,2653.0
 Blitz ,Peaudepailles,genodesis,1-0,2016.07.17,15:16:47,2732,2574,7.0,-6.0,C00,French Defense: Alapin Gambit,180+0,Normal,1. d4 d5 2. e4 e6 3. Be3 Bd7 4. e5 c5 5. c3 Qb6 6. Qc1 Nc6 7. Nf3 Rc8 8. Qd2 Nh6 9. Bxh6 gxh6 10. Be2 Bg7 11. O-O O-O 12. Kh1 f6 13. exf6 Rxf6 14. Re1 Rcf8 15. dxc5 Qxc5 16. Bd1 e5 17. b4 Qd6 18. Bb3 Be6 19. b5 e4 20. Rxe4 Rxf3 21. gxf3 Ne5 22. f4 Nf3 23. Rxe6 Qc5 24. Qxd5 Qxf2 25. Re2+ 1-0,2653.0
 Bullet tournament ,chickencrossroad,gnejs,0-1,2016.07.17,21:17:45,2578,2781,-6.0,7.0,A04,Reti Opening #2,30+0,Normal,1. Nf3 Nf6 2. g3 e6 3. Bg2 d5 4. O-O c6 5. b3 Nbd7 6. Bb2 Be7 7. d3 O-O 8. Nbd2 a5 9. e4 a4 10. e5 Ne8 11. Re1 a3 12. Bc3 c5 13. d4 Nc7 14. Nf1 b5 15. h4 b4 16. Bd2 Ba6 17. Ne3 cxd4 18. Nxd4 Nxe5 19. Nxd5 Nxd5 20. Rxe5 Bf6 21. Re4 Bb7 22. Bg5 Bxg5 23. hxg5 Nc3 24. Qe1 Bxe4 25. Nxe6 fxe6 26. Bxe4 Ra5 27. f4 Qd4+ 28. Qf2 Qxe4 29. Rf1 Ne2+ 30. Kh2 Nd4 31. Re1 Nf3+ 32. Kh3 Nxe1 33. Qb6 Nf3 34. Qf2 Qf5+ 35. Kg2 Nh4+ 36. gxh4 Qxf4 37. Qe2 Qxh4 38. Qe3 Rxg5+ 39. Qxg5 Qxg5+ 40. Kh3 Rf4 41. Kh2 Rh4# 0-1,2679.5
 Bullet tournament ,gnejs,chickencrossroad,0-1,2016.07.17,21:28:48,2804,2589,-24.0,20.0,A15,"English Opening: Anglo-Indian Defense, Scandinavian Defense",30+0,Normal,1. Nf3 { [%eval 0.15] } 1... d5 { [%eval 0.18] } 2. c4 { [%eval 0.05] } 2... Nf6?! { [%eval 0.57] } 3. g3?! { [%eval -0.25] } 3... c6 { [%eval 0.02] } 4. cxd5 { [%eval -0.06] } 4... cxd5 { [%eval -0.04] } 5. Bg2 { [%eval -0.03] } 5... Nc6 { [%eval 0.01] } 6. O-O { [%eval -0.1] } 6... Bg4 { [%eval -0.08] } 7. d3 { [%eval -0.13] } 7... e6 { [%eval -0.17] } 8. h3 { [%eval -0.16] } 8... Bh5 { [%eval -0.04] } 9. Nc3 { [%eval -0.16] } 9... Be7 { [%eval -0.16] } 10. Bg5 { [%eval -0.38] } 10... Bg6?! { [%eval 0.17] } 11. Rc1 { [%eval -0.08] } 11... h6 { [%eval 0.0] } 12. Bf4 { [%eval 0.0] } 12... O-O { [%eval 0.0] } 13. Qb3 { [%eval 0.0] } 13... Qb6 { [%eval 0.03] } 14. Na4?! { [%eval -0.63] } 14... Qxb3 { [%eval -0.63] } 15. axb3 { [%eval -0.77] } 15... Rac8 { [%eval -0.56] } 16. Nc5 { [%eval -0.42] } 16... Bxc5 { [%eval -0.26] } 17. Rxc5 { [%eval -0.31] } 17... Ne7? { [%eval 0.94] } 18. Bd6 { [%eval 0.93] } 18... Rxc5 { [%eval 0.93] } 19. Bxc5 { [%eval 0.91] } 19... Re8 { [%eval 0.89] } 20. Ne5 { [%eval 0.56] } 20... Nc6?! { [%eval 1.12] } 21. Nxg6?! { [%eval 0.17] } 21... fxg6 { [%eval 0.17] } 22. Ra1 { [%eval 0.07] } 22... a6 { [%eval 0.2] } 23. b4 { [%eval 0.0] } 23... Rc8 { [%eval 0.0] } 24. e4 { [%eval -0.13] } 24... dxe4 { [%eval 0.13] } 25. dxe4 { [%eval 0.07] } 25... Nd7 { [%eval 0.13] } 26. Bd6 { [%eval 0.11] } 26... Kf7 { [%eval 0.21] } 27. f4 { [%eval 0.23] } 27... Nb6 { [%eval 0.32] } 28. e5 { [%eval 0.0] } 28... Nc4 { [%eval 0.0] } 29. b3 { [%eval -0.28] } 29... Nxd6 { [%eval -0.28] } 30. exd6 { [%eval -0.39] } 30... Rd8 { [%eval 0.0] } 31. Rd1 { [%eval -0.18] } 31... Ke8 { [%eval -0.2] } 32. Bxc6+ { [%eval -0.2] } 32... bxc6 { [%eval -0.2] } 33. Kf2 { [%eval -0.49] } 33... Rb8 { [%eval -0.06] } 34. Ke3?! { [%eval -0.98] } 34... Kd7 { [%eval -0.91] } 35. Rd3?! { [%eval -1.72] } 35... Rxb4 { [%eval -1.71] } 36. Rc3 { [%eval -1.81] } 36... Rb5 { [%eval -1.79] } 37. Rd3 { [%eval -1.93] } 37... Rd5 { [%eval -1.87] } 38. Rd2?? { [%eval -5.13] } 38... Rxd2 { [%eval -4.81] } 39. Kxd2 { [%eval -4.63] } 39... Kxd6 { [%eval -3.7] } 40. Ke3?? { [%eval -12.9] } 40... Kc5 { [%eval -9.84] } 41. Kd3 { [%eval -12.87] } 41... Kb4 { [%eval -12.44] } 42. Kc2 { [%eval -12.13] } 42... a5 { [%eval -10.38] } 43. g4 { [%eval -19.65] } 43... c5 { [%eval -11.82] } 44. Kb2 { [%eval -50.99] } 44... c4 { [%eval -21.41] } 45. bxc4 { [%eval -51.03] } 45... Kxc4 { [%eval -50.03] } 46. Kc2 { [%eval -50.95] } 46... Kd4 { [%eval -50.03] } 47. Kb2 { [%eval -51.03] } 47... Ke4 { [%eval -50.99] } 48. f5 { [%eval -60.65] } 48... exf5 { [%eval -51.18] } 49. gxf5?! { [%eval #-21] } 49... Kxf5 { [%eval #-21] } 50. h4 { [%eval #-15] } 50... Kf4 { [%eval #-17] } 51. h5 { [%eval #-13] } 51... Kg4 { [%eval #-29] } 52. Ka3 { [%eval #-15] } 52... Kg5 { [%eval #-24] } 53. Ka4 { [%eval #-14] } 53... gxh5 { [%eval #-13] } 54. Kb5 { [%eval #-13] } 54... h4 { [%eval #-12] } 55. Kc6 { [%eval #-10] } 55... h3 { [%eval #-10] } 56. Kd7 { [%eval #-9] } 56... h2 { [%eval #-8] } 57. Ke7 { [%eval #-8] } 57... h1=Q { [%eval #-7] } 58. Kf7 { [%eval #-4] } 58... Qf3+?! { [%eval #-7] } 59. Kg8 { [%eval #-2] } 59... Kh4?! { [%eval #-4] } 60. Kh7 { [%eval #-4] } 60... g5?! { [%eval #-5] } 61. Kh8 { [%eval #-4] } 61... h5?! { [%eval #-6] } 62. Kg8 { [%eval #-5] } 62... g4 { [%eval #-4] } 63. Kh8 { [%eval #-4] } 63... Kg5 { [%eval #-3] } 64. Kh7 { [%eval #-3] } 64... Qb7+ { [%eval #-2] } 65. Kh8 { [%eval #-2] } 65... Kg6 { [%eval #-1] } 66. Kg8 { [%eval #-1] } 66... Qg7# 0-1,2696.5
 Bullet tournament ,gnejs,chickencrossroad,1-0,2016.07.17,21:33:38,2755,2622,10.0,-9.0,D43,Semi-Slav Defense,30+0,Normal,1. Nf3 { [%eval 0.15] } 1... d5 { [%eval 0.13] } 2. d4 { [%eval 0.17] } 2... Nf6 { [%eval 0.22] } 3. c4 { [%eval 0.24] } 3... c6 { [%eval 0.24] } 4. Nc3 { [%eval 0.17] } 4... e6 { [%eval 0.37] } 5. Bg5 { [%eval 0.21] } 5... Be7 { [%eval 0.2] } 6. e3 { [%eval 0.23] } 6... Nbd7 { [%eval 0.37] } 7. Bd3 { [%eval 0.22] } 7... dxc4 { [%eval 0.24] } 8. Bxc4 { [%eval 0.27] } 8... b5 { [%eval 0.3] } 9. Bd3 { [%eval 0.28] } 9... a6 { [%eval 0.33] } 10. O-O { [%eval 0.42] } 10... c5 { [%eval 0.56] } 11. a4 { [%eval 0.13] } 11... b4 { [%eval 0.13] } 12. Ne4 { [%eval 0.1] } 12... Bb7 { [%eval 0.31] } 13. Nxc5 { [%eval 0.08] } 13... Nxc5 { [%eval 0.4] } 14. dxc5 { [%eval 0.34] } 14... Bxc5 { [%eval 0.38] } 15. Rc1 { [%eval 0.31] } 15... Be7 { [%eval 0.31] } 16. Qe2 { [%eval 0.24] } 16... O-O { [%eval 0.22] } 17. Rfd1 { [%eval 0.01] } 17... Nd5 { [%eval 0.41] } 18. Bf4 { [%eval 0.19] } 18... Nxf4 { [%eval 0.2] } 19. exf4 { [%eval 0.29] } 19... Qb6? { [%eval 1.3] } 20. Ne5 { [%eval 1.34] } 20... Bf6?! { [%eval 2.29] } 21. Nd7 { [%eval 2.14] } 21... Qa7?? { [%eval 10.5] } 22. Qh5 { [%eval 10.22] } 22... g6 { [%eval 16.99] } 23. Nxf6+ { [%eval 16.62] } 23... Kg7 { [%eval 16.15] } 24. Qe5 { [%eval 12.69] } 24... Kh6?! { [%eval #1] } 25. Ng4# 1-0,2688.5
 Bullet tournament ,ferrari9182,gnejs,0-1,2016.07.17,22:05:11,2516,2789,-5.0,5.0,D00,"Blackmar-Diemer Gambit Declined, Langeheinecke Defense",30+0,Normal,1. e4 { [%eval 0.21] } 1... d5 { [%eval 0.59] } 2. Nc3?! { [%eval -0.27] } 2... dxe4 { [%eval 0.15] } 3. d4?! { [%eval -0.53] } 3... Nf6 { [%eval -0.53] } 4. f3 { [%eval -0.44] } 4... e3?! { [%eval 0.28] } 5. Bxe3 { [%eval 0.25] } 5... a6 { [%eval 0.28] } 6. Bd2? { [%eval -0.79] } 6... Qxd4 { [%eval -0.42] } 7. Bd3 { [%eval -0.85] } 7... Nc6 { [%eval -0.85] } 8. Nge2 { [%eval -0.87] } 8... Qd8 { [%eval -0.83] } 9. O-O { [%eval -0.75] } 9... e5 { [%eval -0.77] } 10. Qe1 { [%eval -0.74] } 10... Bc5+ { [%eval -0.64] } 11. Kh1 { [%eval -0.61] } 11... Be6 { [%eval -0.75] } 12. Rd1 { [%eval -0.8] } 12... h5?! { [%eval 0.16] } 13. Qg3 { [%eval -0.06] } 13... h4?! { [%eval 0.89] } 14. Qxg7 { [%eval 0.83] } 14... Rg8 { [%eval 0.79] } 15. Qh6 { [%eval 0.83] } 15... h3 { [%eval 0.78] } 16. g3?! { [%eval 0.1] } 16... Qe7? { [%eval 1.31] } 17. Bg5 { [%eval 1.15] } 17... Qf8? { [%eval 4.08] } 18. Qxf6?? { [%eval 0.15] } 18... Be7 { [%eval 0.08] } 19. Qxe7+? { [%eval -2.32] } 19... Nxe7 { [%eval -2.34] } 20. Be3? { [%eval -4.08] } 20... O-O-O { [%eval -3.96] } 21. Ne4 { [%eval -3.95] } 21... Nd5 { [%eval -3.84] } 22. Bf2 { [%eval -3.9] } 22... f5 { [%eval -3.67] } 23. N4c3?! { [%eval -4.48] } 23... Qf7 { [%eval -4.4] } 24. Nxd5? { [%eval -6.25] } 24... Bxd5 { [%eval -5.95] } 25. Bg1?? { [%eval -12.48] } 25... Qh5 { [%eval -11.65] } 26. Nd4 { [%eval -18.42] } 26... exd4 { [%eval -16.37] } 27. Bf2?! { [%eval #-2] } 27... Qxf3+ { [%eval #-1] } 28. Kg1 { [%eval #-1] } 28... Qg2# 0-1,2652.5
 Bullet tournament ,gnejs,chickencrossroad,1-0,2016.07.17,22:40:44,2695,2696,16.0,-14.0,B46,Sicilian Defense: Paulsen Variation,30+0,Normal,1. e4 { [%eval 0.18] } 1... c5 { [%eval 0.24] } 2. Nc3 { [%eval 0.27] } 2... e6 { [%eval 0.32] } 3. Nf3 { [%eval 0.32] } 3... Nc6 { [%eval 0.25] } 4. d4 { [%eval 0.23] } 4... cxd4 { [%eval 0.19] } 5. Nxd4 { [%eval 0.13] } 5... a6 { [%eval 0.4] } 6. Be2 { [%eval 0.34] } 6... Nf6 { [%eval 0.79] } 7. O-O { [%eval 0.43] } 7... Be7 { [%eval 0.69] } 8. Nxc6 { [%eval 0.64] } 8... dxc6 { [%eval 0.72] } 9. e5 { [%eval 0.48] } 9... Qxd1 { [%eval 0.41] } 10. Rxd1 { [%eval 0.5] } 10... Nd5 { [%eval 0.89] } 11. Ne4 { [%eval 0.89] } 11... f5 { [%eval 0.85] } 12. Ng3?! { [%eval 0.07] } 12... O-O { [%eval 0.39] } 13. c4 { [%eval 0.45] } 13... Nb6 { [%eval 0.46] } 14. Be3 { [%eval 0.46] } 14... Nd7 { [%eval 0.34] } 15. a3? { [%eval -2.29] } 15... Nxe5? { [%eval -0.9] } 16. f4 { [%eval -0.86] } 16... Ng6 { [%eval -0.47] } 17. c5 { [%eval -0.64] } 17... Rd8?! { [%eval 0.0] } 18. Bc4 { [%eval -0.03] } 18... Kf7? { [%eval 1.44] } 19. Ne2? { [%eval -0.26] } 19... Bf6 { [%eval -0.27] } 20. Rxd8 { [%eval -0.2] } 20... Bxd8 { [%eval -0.36] } 21. Rd1 { [%eval -0.28] } 21... Be7 { [%eval 0.0] } 22. b4?! { [%eval -0.51] } 22... Ke8 { [%eval -0.1] } 23. Kf2 { [%eval -0.52] } 23... Bd7 { [%eval -0.16] } 24. Nd4 { [%eval -0.18] } 24... Nf8 { [%eval 0.0] } 25. Nf3 { [%eval -0.01] } 25... Bf6 { [%eval 0.0] } 26. Ne5 { [%eval -0.48] } 26... Bxe5 { [%eval -0.54] } 27. fxe5 { [%eval -0.44] } 27... Rd8 { [%eval 0.0] } 28. Rd6 { [%eval 0.0] } 28... Bc8 { [%eval 0.42] } 29. Bg5?! { [%eval -0.44] } 29... Rxd6 { [%eval -0.44] } 30. exd6 { [%eval -0.51] } 30... Nd7? { [%eval 1.39] } 31. g3? { [%eval 0.0] } 31... Kf7 { [%eval 0.13] } 32. Be2?! { [%eval -0.42] } 32... h6 { [%eval -0.42] } 33. Be3 { [%eval -0.56] } 33... e5 { [%eval -0.41] } 34. h4 { [%eval -0.56] } 34... b6? { [%eval 1.16] } 35. Bc4+ { [%eval 1.26] } 35... Ke8 { [%eval 1.28] } 36. cxb6 { [%eval 0.89] } 36... Bb7? { [%eval 1.99] } 37. Bc5?! { [%eval 1.04] } 37... Nxc5?? { [%eval 5.02] } 38. bxc5 { [%eval 5.02] } 38... Kd7 { [%eval 5.02] } 39. Ke3?! { [%eval 4.12] } 39... a5?! { [%eval 4.87] } 40. Bd3 { [%eval 4.87] } 40... g5?? { [%eval 61.8] } 41. Bxf5+ { [%eval 24.77] } 41... Kd8?! { [%eval #16] } 42. hxg5 { [%eval #15] } 42... hxg5 { [%eval #15] } 43. Ke4 { [%eval #14] } 43... Ba6 { [%eval #14] } 44. Kxe5 { [%eval #13] } 44... Bb7 { [%eval #13] } 45. Kf6 { [%eval #12] } 45... Ba6 { [%eval #9] } 46. Kxg5 { [%eval #8] } 46... Bc8 { [%eval #8] } 47. Kf6 { [%eval #7] } 47... Ba6 { [%eval #7] } 48. g4 { [%eval #6] } 48... Bb7 { [%eval #6] } 49. g5 { [%eval #5] } 49... Ba6 { [%eval #5] } 50. g6 { [%eval #4] } 50... Bc4 { [%eval #3] } 51. g7?! { [%eval #3] } 51... Bg8 { [%eval #3] } 52. Be6?! { [%eval #4] } 52... Bh7 { [%eval #2] } 53. b7 { [%eval #1] } 53... Bg8 { [%eval #1] } 54. b8=Q# 1-0,2695.5
 Bullet tournament ,chickencrossroad,gnejs,0-1,2016.07.17,22:53:33,2646,2706,-10.0,12.0,A56,Benoni Defense: Weenink Variation,30+0,Normal,1. d4 Nf6 2. c4 c5 3. dxc5 e6 4. Nf3 Bxc5 5. e3 Bb4+ 6. Bd2 Be7 7. Bd3 O-O 8. O-O d6 9. Nc3 Nbd7 10. e4 b6 11. a4 Bb7 12. Re1 Rc8 13. b4 Ne5 14. Nxe5 dxe5 15. Qc2 Qc7 16. Qb3 Rfd8 17. Nb5 Qb8 18. Rad1 a6 19. Na3 Qa8 20. f3 a5 21. b5 Nd7 22. Be3 Bc5 23. Nc2 Bxe3+ 24. Rxe3 Nc5 25. Qa3 Rd6 26. Be2 Rcd8 27. Re1 Qb8 28. Qa1 f6 29. f4 exf4 30. Rf3 e5 31. Rf2 Nxe4 32. Rff1 Qc7 33. Bf3 Qc5+ 34. Kh1 Nf2+ 35. Rxf2 Qxf2 36. Qc1 Rd2 37. Rf1 Rxc2 38. Bd5+ Rxd5 39. Qe1 Qxe1 40. Rxe1 Rdd2 41. Rg1 Bxg2+ 42. Rxg2 Rxg2 43. h3 f3 44. h4 Rc1# 0-1,2676.0
 Blitz ,opperwezen,Niper13,1-0,2016.07.18,18:05:18,2724,2638,10.0,-8.0,A13,English Opening: Neo-Catalan,180+0,Normal,1. Nf3 { [%eval 0.18] } 1... Nf6 { [%eval 0.17] } 2. c4 { [%eval 0.12] } 2... e6 { [%eval 0.18] } 3. g3 { [%eval 0.02] } 3... d5 { [%eval -0.01] } 4. d4 { [%eval 0.04] } 4... dxc4 { [%eval 0.04] } 5. Qa4+ { [%eval -0.11] } 5... c6 { [%eval 0.06] } 6. Qxc4 { [%eval 0.07] } 6... b5 { [%eval 0.05] } 7. Qc2 { [%eval 0.09] } 7... Bb7 { [%eval 0.02] } 8. Bg2 { [%eval 0.06] } 8... Nbd7 { [%eval -0.33] } 9. a4 { [%eval -0.32] } 9... b4 { [%eval -0.54] } 10. Ne5 { [%eval -0.49] } 10... Nxe5?! { [%eval 0.32] } 11. dxe5 { [%eval 0.3] } 11... Nd7 { [%eval 0.22] } 12. f4 { [%eval 0.24] } 12... a5 { [%eval 0.45] } 13. O-O { [%eval 0.14] } 13... Qb6+ { [%eval 0.12] } 14. Kh1 { [%eval 0.11] } 14... c5 { [%eval 0.0] } 15. Nd2 { [%eval 0.14] } 15... Bxg2+ { [%eval 0.34] } 16. Kxg2 { [%eval 0.36] } 16... Be7 { [%eval 0.24] } 17. Nc4 { [%eval 0.34] } 17... Qb7+ { [%eval 0.43] } 18. e4 { [%eval 0.35] } 18... Nb6 { [%eval 0.36] } 19. b3 { [%eval 0.12] } 19... Nxc4 { [%eval 0.12] } 20. Qxc4 { [%eval 0.12] } 20... O-O { [%eval 0.4] } 21. Be3 { [%eval 0.4] } 21... Rfd8 { [%eval 0.4] } 22. Rfd1 { [%eval 0.4] } 22... h5 { [%eval 0.4] } 23. h3?! { [%eval -0.18] } 23... h4 { [%eval -0.17] } 24. g4?! { [%eval -0.73] } 24... Rd7?! { [%eval 0.17] } 25. Rxd7 { [%eval 0.0] } 25... Qxd7 { [%eval 0.0] } 26. Rc1 { [%eval -0.22] } 26... Rd8 { [%eval -0.16] } 27. Rb1?! { [%eval -0.77] } 27... Kf8 { [%eval -0.64] } 28. Kf3?! { [%eval -1.28] } 28... Qd3 { [%eval -1.38] } 29. Qxd3 { [%eval -1.13] } 29... Rxd3 { [%eval -1.13] } 30. Ke2 { [%eval -1.18] } 30... Rc3 { [%eval -1.19] } 31. f5 { [%eval -1.53] } 31... Rc2+ { [%eval -1.14] } 32. Kd3 { [%eval -1.34] } 32... Rh2?! { [%eval -0.66] } 33. f6 { [%eval -0.56] } 33... gxf6 { [%eval -0.55] } 34. exf6 { [%eval -0.58] } 34... Bxf6 { [%eval -0.52] } 35. Bxc5+ { [%eval -0.79] } 35... Ke8 { [%eval -0.55] } 36. Bb6 { [%eval -0.7] } 36... Rxh3+ { [%eval -0.61] } 37. Kc4 { [%eval -0.69] } 37... Bd8?! { [%eval 0.0] } 38. Bxd8 { [%eval -0.08] } 38... Kxd8 { [%eval -0.06] } 39. Kb5 { [%eval -0.12] } 39... Re3 { [%eval 0.0] } 40. Kxa5 { [%eval 0.0] } 40... Rxe4 { [%eval 0.0] } 41. Kb6 { [%eval 0.0] } 41... Kc8? { [%eval 1.13] } 42. a5? { [%eval 0.0] } 42... Rd4 { [%eval 0.08] } 43. Kc5? { [%eval -1.21] } 43... Rd5+? { [%eval -0.07] } 44. Kxb4 { [%eval -0.07] } 44... h3 { [%eval -0.07] } 45. Rh1 { [%eval -0.07] } 45... Rd3 { [%eval 0.0] } 46. Kc4 { [%eval -0.46] } 46... Rg3 { [%eval -0.57] } 47. g5 { [%eval -0.62] } 47... Rg4+?! { [%eval 0.0] } 48. Kb5 { [%eval 0.0] } 48... Rxg5+ { [%eval 0.0] } 49. Kb6 { [%eval 0.0] } 49... Rh5 { [%eval 0.0] } 50. b4 { [%eval 0.0] } 50... h2 { [%eval 0.0] } 51. b5 { [%eval 0.0] } 51... Kb8 { [%eval 0.0] } 52. a6 { [%eval 0.0] } 52... e5?? { [%eval #8] } 53. a7+ { [%eval #7] } 53... Ka8 { [%eval #6] } 54. Ka6 { [%eval #5] } 54... Rh6+ { [%eval #4] } 55. b6 { [%eval #3] } 55... f5 { [%eval #3] } 56. Rc1 { [%eval #2] } 56... Rxb6+ { [%eval #2] } 57. Kxb6 { [%eval #1] } 57... h1=Q { [%eval #1] } 58. Rc8# 1-0,2681.0
 Blitz ,Niper13,opperwezen,0-1,2016.07.18,18:11:24,2630,2734,-8.0,9.0,D37,"Queen's Gambit Declined: Harrwitz Attack, Main Line",180+0,Normal,1. d4 d5 2. c4 e6 3. Nf3 Nf6 4. Nc3 Be7 5. Bf4 O-O 6. e3 c5 7. dxc5 Bxc5 8. Qc2 Nc6 9. a3 Re8 10. Rd1 Qa5 11. Be2 e5 12. Bg5 d4 13. b4 Nxb4 14. axb4 Bxb4 15. O-O Bxc3 16. Bxf6 gxf6 17. exd4 exd4 18. Nxd4 Bxd4 19. Rxd4 Qe5 20. Rh4 Qxe2 21. Qxh7+ Kf8 22. Rf4 Qe5 23. Rf3 Be6 24. Qh6+ Ke7 25. Re3 Qg5 26. Qh3 Rad8 27. Rfe1 Kd7 28. Qf3 Kc8 29. c5 Qd5 30. Qf4 Rg8 31. g3 Qf5 32. Qa4 Qxc5 33. Qf4 Rg4 34. Qf3 Rc4 35. h4 Qc6 36. Qxf6 Bh3 37. Qf4 Qg2# 0-1,2682.0
 Blitz ,opperwezen,Niper13,1/2-1/2,2016.07.18,18:17:09,2743,2622,-4.0,4.0,A08,King's Indian Attack: Sicilian Variation #2,180+0,Normal,1. Nf3 Nf6 2. g3 e6 3. Bg2 d5 4. O-O c5 5. d3 Nc6 6. Nbd2 Be7 7. e4 O-O 8. Re1 b5 9. e5 Nd7 10. Nf1 a5 11. Bf4 a4 12. a3 b4 13. h4 Rb8 14. Ne3 Ba6 15. h5 bxa3 16. bxa3 d4 17. Ng4 c4 18. Nd2 Na5 19. dxc4 Bxc4 20. h6 g6 21. Nxc4 Nxc4 22. Qxd4 Ndb6 23. Qxd8 Rfxd8 24. Bc1 Nd5 25. Re4 Rbc8 26. Bf1 Ncb6 27. c4 Nc3 28. Re3 Nd1 29. Re1 Nxc4 30. Bf4 Ndb2 31. Re4 Nd2 32. Bxd2 Rxd2 33. Ra2 Kf8 34. Rxa4 Nxa4 35. Rxd2 Nc5 36. Nf6 Bxf6 37. exf6 e5 38. Ra2 Ra8 39. Bb5 Ne4 40. a4 Nxf6 41. a5 Nd5 42. a6 Nc3 43. Bc6 Nxa2 44. Bxa8 Nb4 45. a7 Na6 46. Bb7 Nc7 47. f4 exf4 48. gxf4 f6 49. Kf2 Ke7 50. a8=Q Nxa8 51. Bxa8 Ke6 52. Be4 f5 53. Bf3 Kf6 54. Kg3 g5 55. fxg5+ Kxg5 56. Bd5 Kxh6 57. Kf3 Kg5 58. Be6 h6 59. Bd7 h5 60. Kg3 f4+ 61. Kh3 Kf6 62. Bc6 Ke5 63. Bf3 Kf5 64. Kh4 Kg6 65. Bxh5+ Kf6 66. Bf3 Kf5 67. Kh5 Ke5 68. Kg4 Kd4 69. Kxf4 1/2-1/2,2682.5
 Blitz ,Niper13,opperwezen,1/2-1/2,2016.07.18,18:23:24,2626,2739,3.0,-4.0,D37,"Queen's Gambit Declined: Harrwitz Attack, Fianchetto Defense",180+0,Normal,1. d4 d5 2. c4 e6 3. Nf3 Nf6 4. Nc3 Be7 5. Bf4 O-O 6. e3 b6 7. cxd5 Nxd5 8. Nxd5 exd5 9. Bd3 Bb4+ 10. Kf1 Bd6 11. Bg3 Qe7 12. Rc1 Bb7 13. Qc2 h6 14. Bxd6 cxd6 15. Qc7 Qxc7 16. Rxc7 Ba6 17. Ke2 Bxd3+ 18. Kxd3 Na6 19. Rd7 Rfd8 20. Rxd8+ Rxd8 21. a3 g6 22. Rc1 Kf8 23. b4 Rd7 24. Rc8+ Kg7 25. Nd2 Nc7 26. Nb1 Nb5 27. a4 Rc7 28. Rxc7 Nxc7 29. Nc3 a6 30. e4 dxe4+ 31. Kxe4 f5+ 32. Kd3 b5 33. axb5 axb5 34. d5 Kf6 35. Kd4 g5 36. g3 h5 37. f4 gxf4 38. gxf4 Ke7 39. Nd1 Na6 40. Kc3 Nc7 41. Ne3 Kf6 42. Kd4 Kg6 43. h4 Kf6 44. Nf1 Kg6 45. Ng3 Ne8 46. Ne2 Nc7 47. Nc3 Kf6 48. Ke3 Kg6 49. Kd4 Kf6 50. Ke3 Kg6 51. Kd4 1/2-1/2,2682.5
 Blitz ,Niper13,opperwezen,0-1,2016.07.18,18:34:48,2621,2743,-7.0,9.0,A56,Benoni Defense: Czech Benoni Defense,180+0,Normal,1. d4 { [%eval 0.19] } 1... Nf6 { [%eval 0.25] } 2. c4 { [%eval 0.24] } 2... c5 { [%eval 0.6] } 3. d5 { [%eval 0.56] } 3... e5 { [%eval 0.7] } 4. Nc3 { [%eval 0.76] } 4... d6 { [%eval 0.74] } 5. e4 { [%eval 0.74] } 5... Be7 { [%eval 0.74] } 6. Be2 { [%eval 0.68] } 6... O-O { [%eval 0.75] } 7. Nf3 { [%eval 0.73] } 7... Nbd7 { [%eval 0.76] } 8. O-O { [%eval 0.7] } 8... Ne8 { [%eval 0.89] } 9. Ne1 { [%eval 0.81] } 9... g6 { [%eval 1.17] } 10. Nd3 { [%eval 0.68] } 10... Bg5 { [%eval 0.64] } 11. a3 { [%eval 0.62] } 11... Ng7 { [%eval 0.62] } 12. b4 { [%eval 0.57] } 12... b6 { [%eval 0.76] } 13. Rb1 { [%eval 0.44] } 13... Bxc1 { [%eval 0.53] } 14. Qxc1 { [%eval 0.61] } 14... a6 { [%eval 0.74] } 15. bxc5 { [%eval 0.63] } 15... bxc5 { [%eval 0.7] } 16. Bd1 { [%eval 0.38] } 16... f5 { [%eval 0.38] } 17. f3 { [%eval 0.28] } 17... Nf6 { [%eval 0.43] } 18. Ba4 { [%eval 0.31] } 18... fxe4 { [%eval 0.34] } 19. fxe4 { [%eval 0.31] } 19... Qa5 { [%eval 0.45] } 20. Bc6 { [%eval 0.25] } 20... Ra7 { [%eval 0.41] } 21. Rb3 { [%eval 0.03] } 21... Raf7 { [%eval 0.08] } 22. h3 { [%eval 0.0] } 22... Ngh5 { [%eval 0.0] } 23. Kh2?? { [%eval -8.96] } 23... Ng4+ { [%eval -8.77] } 24. hxg4? { [%eval -10.67] } 24... Rxf1 { [%eval -9.02] } 25. Qg5?! { [%eval -10.46] } 25... Nf6 { [%eval -9.97] } 26. Nxe5 { [%eval -12.17] } 26... dxe5 { [%eval -11.14] } 27. d6 { [%eval -11.92] } 27... Qd8 { [%eval -10.3] } 28. Qxe5?! { [%eval #-6] } 0-1,2682.0
 Blitz ,opperwezen,Niper13,1-0,2016.07.18,18:38:14,2752,2614,7.0,-7.0,A01,Nimzo-Larsen Attack: English Variation,180+0,Normal,1. b3 { [%eval -0.15] } 1... c5 { [%eval 0.15] } 2. Ba3 { [%eval -0.11] } 2... e5 { [%eval -0.09] } 3. e4 { [%eval -0.12] } 3... Nf6 { [%eval -0.15] } 4. Nc3 { [%eval 0.03] } 4... Nc6 { [%eval -0.04] } 5. Bb5 { [%eval -0.17] } 5... Nd4 { [%eval -0.29] } 6. Be2 { [%eval -0.35] } 6... a6 { [%eval -0.26] } 7. Bb2 { [%eval -0.26] } 7... b5 { [%eval -0.28] } 8. d3 { [%eval -0.43] } 8... Bb7 { [%eval -0.42] } 9. Nf3 { [%eval -0.46] } 9... d6 { [%eval -0.39] } 10. O-O { [%eval -0.41] } 10... Be7 { [%eval -0.25] } 11. Nxd4 { [%eval -0.46] } 11... cxd4 { [%eval -0.45] } 12. Nb1 { [%eval -0.45] } 12... b4 { [%eval 0.04] } 13. a3 { [%eval -0.09] } 13... a5 { [%eval 0.15] } 14. f4 { [%eval -0.08] } 14... O-O { [%eval 0.07] } 15. Nd2 { [%eval 0.07] } 15... Nd7 { [%eval 0.19] } 16. Bg4 { [%eval 0.12] } 16... Nc5 { [%eval 0.38] } 17. Nc4 { [%eval 0.43] } 17... Ba6 { [%eval 0.82] } 18. fxe5 { [%eval 0.51] } 18... Bxc4 { [%eval 0.55] } 19. exd6 { [%eval 0.59] } 19... Bxd6 { [%eval 0.59] } 20. bxc4 { [%eval 0.8] } 20... Be5 { [%eval 0.84] } 21. axb4 { [%eval 0.79] } 21... axb4 { [%eval 0.87] } 22. Rxa8 { [%eval 0.75] } 22... Qxa8 { [%eval 0.76] } 23. Qa1 { [%eval 0.77] } 23... Qb8? { [%eval 2.06] } 24. Bxd4 { [%eval 2.13] } 24... Bxh2+? { [%eval 3.93] } 25. Kh1 { [%eval 3.65] } 25... Ne6?! { [%eval 4.27] } 26. Bxe6 { [%eval 4.2] } 26... fxe6 { [%eval 4.13] } 27. Rxf8+ { [%eval 4.13] } 27... Kxf8 { [%eval 4.06] } 28. Bxg7+ { [%eval 3.95] } 28... Kg8 { [%eval 3.88] } 29. Qf6 { [%eval 3.59] } 29... Bg3?? { [%eval 49.95] } 30. Bh6 { [%eval 49.95] } 30... Be5 { [%eval 24.08] } 31. Qxe6+ { [%eval 16.78] } 31... Kh8 { [%eval 13.89] } 32. c5 { [%eval 12.38] } 32... Bd4 { [%eval 52.95] } 33. c6 { [%eval 52.87] } 33... Qa8 { [%eval 53.11] } 34. Kh2 { [%eval 53.07] } 34... Qb8+?! { [%eval #11] } 35. g3 { [%eval #10] } 35... Be5 { [%eval #5] } 36. Kg2?! { [%eval #5] } 36... b3 { [%eval #4] } 37. c7 { [%eval #3] } 37... Bxc7 { [%eval #2] } 38. Qf6+ { [%eval #1] } 1-0,2683.0
 Bullet tournament ,chickencrossroad,gnejs,1-0,2016.07.18,21:17:41,2641,2759,19.0,-20.0,D21,Queen's Gambit Accepted: Normal Variation,30+0,Normal,1. d4 d5 2. c4 dxc4 3. Nf3 e5 4. Nxe5 Nc6 5. Nxc6 bxc6 6. e3 c5 7. Bxc4 cxd4 8. Qxd4 Qxd4 9. exd4 Bb4+ 10. Bd2 Bd6 11. O-O Nf6 12. Nc3 O-O 13. Bg5 Nd7 14. Rfe1 Rb8 15. b3 Nb6 16. Ne4 h6 17. Nxd6 cxd6 18. Be7 Re8 19. Bxd6 Rxe1+ 20. Rxe1 Ra8 21. Re8+ Kh7 22. Bxf7 Bb7 23. Rxa8 Bxa8 24. Bc5 g6 25. Bxb6 axb6 26. Bc4 Kg7 27. f3 Kf6 28. Kf2 g5 29. Ke3 Ke7 30. g3 Kd6 31. f4 Bc6 32. Bd3 Bd7 33. fxg5 hxg5 34. h4 gxh4 35. gxh4 Ke7 36. Bg6 Kf6 37. h5 Kg7 38. d5 Kf6 39. Kd4 Ke7 40. b4 Kd6 41. a4 Be8 42. a5 bxa5 43. bxa5 Bb5 44. a6 Bxa6 45. h6 Bb7 46. h7 Bc6 47. h8=Q Bxd5 48. Qe5+ Kc6 49. Qxd5+ Kb6 50. Qc5+ Ka6 51. Qb4 Ka7 52. Kc5 Ka8 53. Kc6 Ka7 54. Qb7# 1-0,2700.0
 Bullet tournament ,chickencrossroad,gnejs,0-1,2016.07.18,21:50:08,2707,2748,-12.0,13.0,B80,"Sicilian Defense: Scheveningen Variation, English Attack #2",30+0,Normal,1. e4 c5 2. Nf3 d6 3. d4 cxd4 4. Nxd4 Nf6 5. Nc3 a6 6. Be3 e6 7. f3 b5 8. a4 b4 9. Na2 Nbd7 10. Nxb4 d5 11. Nbc6 Qc7 12. exd5 Nxd5 13. Bf2 Bb7 14. c4 Nb4 15. Nxb4 Bxb4+ 16. Ke2 O-O 17. Be3 Qxc4+ 18. Kf2 Qd5 19. Bd3 Nc5 20. Bc2 Rfd8 21. Qe2 g6 22. Rhd1 Qh5 23. Kg1 e5 24. Nb3 Ne6 25. g4 Qh3 26. Qg2 Qxf3 27. Qxf3 Bxf3 28. Rf1 Bxg4 29. Nd2 Bxd2 30. Bf2 Ng5 31. h4 Nf3+ 32. Kg2 f5 33. Bb3+ Kg7 34. Rad1 e4 35. Bg3 Ne5 36. Bxe5+ Kh6 37. Rxd2 Bf3+ 38. Rxf3 Rxd2+ 39. Kg3 exf3 40. Bf4+ Kh5 41. Bxd2 g5 42. Be3 f4+ 43. Kxf3 Rf8 44. Bd1 fxe3+ 45. Kg2+ g4 46. Be2 Rf2+ 47. Kg3 Rxe2 48. Kf4 Rf2+ 49. Kg3 Rf3+ 50. Kh2 e2 51. Kg2 e1=Q 52. b4 Qe2+ 53. Kg1 Rf1# 0-1,2727.5
 Bullet tournament ,gnejs,chickencrossroad,1-0,2016.07.18,21:53:59,2768,2707,12.0,-11.0,D45,Semi-Slav Defense: Main Line,30+0,Normal,1. Nf3 c6 2. c4 d5 3. d4 e6 4. Nc3 Nf6 5. e3 Be7 6. Qc2 O-O 7. Bd3 dxc4 8. Bxc4 b5 9. Bd3 Bb7 10. O-O a6 11. Rd1 c5 12. dxc5 Qc7 13. b4 Nc6 14. a3 Rad8 15. Bb2 h6 16. Ne4 Nxe4 17. Bxe4 Rc8 18. Rd2 f5 19. Bd3 e5 20. Bxf5 Rcd8 21. Rad1 Rde8 22. Rd7 Qb8 23. Bh7+ Kh8 24. Bg6 Rd8 25. Be4 Qc8 26. Rxb7 Qxb7 27. Nxe5 Rxd1+ 28. Qxd1 Rd8 29. Qb1 Qc8 30. Nxc6 Qe6 31. Ne5 Rf8 32. Ng6+ Kg8 33. Bd5 Qxd5 34. Nxe7+ Kf7 35. Nxd5 Rd8 36. Qf5+ Ke8 37. Qe6+ Kf8 38. Qe7+ Kg8 39. Qxg7# 1-0,2737.5
 Bullet tournament ,chessking091,gnejs,1-0,2016.07.18,22:29:25,2534,2780,20.0,-23.0,A00,Mieses Opening,30+0,Normal,1. d3 { [%eval -0.12] } 1... Nc6 { [%eval 0.08] } 2. Nf3 { [%eval -0.04] } 2... h5?! { [%eval 0.48] } 3. e4 { [%eval 0.46] } 3... h4 { [%eval 0.86] } 4. Nc3 { [%eval 0.62] } 4... e5 { [%eval 0.54] } 5. Be3 { [%eval 0.14] } 5... h3 { [%eval 0.49] } 6. Qd2 { [%eval 0.09] } 6... hxg2?! { [%eval 0.61] } 7. Bxg2 { [%eval 0.68] } 7... Nf6 { [%eval 0.51] } 8. O-O-O { [%eval 0.39] } 8... Bb4 { [%eval 0.32] } 9. Kb1 { [%eval -0.04] } 9... d5 { [%eval -0.15] } 10. exd5 { [%eval 0.13] } 10... Nxd5 { [%eval -0.01] } 11. Bg5? { [%eval -1.19] } 11... f6 { [%eval -1.16] } 12. Be3 { [%eval -1.26] } 12... Be6 { [%eval -1.5] } 13. Qe1 { [%eval -1.48] } 13... Nxc3+ { [%eval -1.16] } 14. bxc3 { [%eval -1.2] } 14... Qd5? { [%eval 0.0] } 15. c4?? { [%eval -3.46] } 15... Qa5 { [%eval -3.21] } 16. Bd2 { [%eval -3.37] } 16... O-O-O { [%eval -3.0] } 17. h4 { [%eval -3.28] } 17... Qa3 { [%eval -3.24] } 18. c3? { [%eval -4.55] } 18... Bc5? { [%eval -1.81] } 19. Bc1 { [%eval -1.96] } 19... Qa4 { [%eval -1.62] } 20. Bb2?! { [%eval -2.55] } 20... b5?? { [%eval 0.81] } 21. Nd2? { [%eval -0.75] } 21... Rxd3? { [%eval 1.54] } 22. Bxc6 { [%eval 1.45] } 22... Rhd8? { [%eval 2.6] } 23. Bxb5 { [%eval 2.61] } 23... Qa5 { [%eval 2.37] } 24. Qe4 { [%eval 2.11] } 24... f5?? { [%eval #1] } 25. Qa8# 1-0,2657.0
 Bullet tournament ,gnejs,AstanehChess,1-0,2016.07.18,22:38:21,2762,2634,9.0,-7.0,D74,Neo-Gruenfeld Defense: Delayed Exchange Variation,30+0,Normal,1. Nf3 d5 2. c4 Nf6 3. d4 g6 4. cxd5 Bg7 5. g3 Nxd5 6. Bg2 O-O 7. O-O c6 8. e4 Nb6 9. Nc3 N8d7 10. h3 e5 11. Be3 exd4 12. Bxd4 Ne5 13. Bxe5 Bxe5 14. Nxe5 Qe7 15. Nf3 Rd8 16. Qe2 Be6 17. Rfd1 Bc4 18. Qe3 Be6 19. b3 Nd7 20. Nd4 Ne5 21. f4 Nd7 22. Rd2 f6 23. Rad1 Bf7 24. h4 Nf8 25. Bh3 Re8 26. e5 Rad8 27. e6 Nxe6 28. Nxe6 Rxd2 29. Rxd2 Bxe6 30. Re2 f5 31. g4 Kf7 32. gxf5 gxf5 33. Kh2 Qxh4 34. Qg3 Qh5 35. Re5 Rg8 36. Qe3 Rg6 37. Ne2 Qh4 38. Ng3 Rh6 39. Nxf5 Bxf5 40. Rxf5+ Kg6 41. Qe6+ Kg7 42. Rf7+ Kg8 43. Qe8# 1-0,2698.0
 Bullet tournament ,gnejs,chickencrossroad,0-1,2016.07.18,22:45:56,2769,2588,-20.0,18.0,A15,"English Opening: Anglo-Indian Defense, Scandinavian Defense",30+0,Normal,1. Nf3 d5 2. c4 Nf6 3. g3 dxc4 4. Na3 Nc6 5. Nxc4 Bg4 6. Bg2 e6 7. O-O Bc5 8. b3 Nd4 9. Nfe5 Nxe2+ 10. Kh1 Nxg3+ 11. hxg3 Bxd1 12. Rxd1 Bd4 13. Rb1 Bxe5 14. Nxe5 c6 15. Ba3 Nd5 16. d4 Qc7 17. Rbc1 O-O-O 18. Nc4 Kb8 19. Bb2 f6 20. Kg1 h5 21. Re1 h4 22. g4 h3 23. Bf3 Qf4 24. Bd1 Rh4 25. Rxe6 Rxg4+ 26. Kf1 h2 27. Bxg4 h1=Q+ 0-1,2678.5
 Bullet tournament ,KyleKorver,AstanehChess,0-1,2016.07.18,22:50:34,2725,2656,-17.0,14.0,A43,Old Benoni Defense,30+0,Normal,1. d4 c5 2. Nf3 cxd4 3. g3 Nf6 4. Bg2 Nc6 5. O-O e5 6. e3 dxe3 7. Bxe3 Be7 8. c4 O-O 9. Nc3 d6 10. Bg5 Be6 11. Qc2 Bxc4 12. Rad1 Be6 13. Rfe1 h6 14. Bxf6 Bxf6 15. Ne4 Be7 16. Nc5 Qc8 17. Nxe6 Qxe6 18. Nd2 Rac8 19. Bd5 Qxd5 20. Ne4 Nd4 21. Qd3 f5 22. Nc3 Nf3+ 23. Kf1 Qxd3+ 24. Rxd3 Nxe1 25. Kxe1 Rfd8 26. Nd5 Bf8 27. Rb3 Kf7 28. Rxb7+ Ke6 29. Nc3 d5 30. Nb5 Bb4+ 31. Kf1 Rc1+ 32. Kg2 e4 33. Rxg7 d4 34. Rg6+ Kd5 35. a3 Bc5 36. b4 Bb6 37. Kh3 d3 38. f3 d2 39. fxe4+ fxe4 40. Rxh6 d1=Q 41. Kh4 Qf3 42. Rg6 Be3 43. h3 Bf4 44. Nc7+ Rxc7 45. gxf4 Qxf4+ 46. Rg4 Rh8# 0-1,2690.5
 Bullet tournament ,gnejs,KyleKorver,1-0,2016.07.18,22:54:23,2756,2727,13.0,-12.0,A04,Zukertort Opening: Pirc Invitation,30+0,Normal,1. Nf3 d6 2. c4 c6 3. g3 Nf6 4. Bg2 g6 5. O-O Bg7 6. Nc3 Nbd7 7. d4 e5 8. e4 exd4 9. Nxd4 O-O 10. h3 Qc7 11. Re1 Re8 12. Bf4 Ne5 13. b3 Nh5 14. Be3 a6 15. Rc1 c5 16. Nd5 Qd8 17. Ne2 Be6 18. f4 Nc6 19. g4 Nf6 20. g5 Nxd5 21. cxd5 Bxd5 22. Qxd5 Nb4 23. Qd2 d5 24. exd5 Nxa2 25. Rcd1 Nc3 26. Nxc3 c4 27. bxc4 Qd7 28. c5 h6 29. c6 bxc6 30. dxc6 Qc7 31. Nd5 Qc8 32. c7 Qf5 33. Nb6 Rac8 34. Nxc8 Qxc8 35. Qd8 hxg5 36. Qxe8+ Qxe8 37. Rd8 Qxd8 38. cxd8=Q+ Kh7 39. Qxg5 f6 40. Qh4+ Bh6 41. Qg4 Kg7 42. f5 g5 43. Bd5 Kh7 44. Qh5 Kg7 45. Qg6+ Kh8 46. Qxf6+ 1-0,2741.5
 Bullet tournament ,AstanehChess,gnejs,0-1,2016.07.18,22:55:39,2674,2769,-8.0,10.0,B57,"Sicilian Defense: Modern Variations, Main Line",30+0,Normal,1. e4 c5 2. Nf3 d6 3. d4 cxd4 4. Nxd4 Nf6 5. Bd3 Nc6 6. Nxc6 bxc6 7. Nc3 g6 8. O-O Bg7 9. Re1 O-O 10. h3 Rb8 11. b3 Nd7 12. Bb2 Qa5 13. Na4 Bxb2 14. Nxb2 d5 15. exd5 cxd5 16. Rxe7 Nf6 17. Qe1 Qb6 18. Na4 Qd6 19. Qe5 Qxe5 20. Rxe5 Be6 21. Rae1 Nd7 22. R5e2 Rfc8 23. Nb2 Rc5 24. Rd2 Rbc8 25. Red1 Nb6 26. a4 a5 27. Kf1 Na8 28. Ke1 Nc7 29. c4 d4 30. Be4 Re5 31. f3 f5 32. Nd3 Rxe4+ 33. fxe4 fxe4 34. Nc5 e3 35. Nxe6 exd2+ 36. Rxd2 Nxe6 37. Re2 Kf7 38. Re5 Ke7 39. Rd5 Rb8 40. Re5 Rxb3 41. c5 Rb1+ 42. Kd2 Rb2+ 43. Kd3 Rb3+ 44. Ke4 Rc3 45. Kd5 Rxc5+ 46. Ke4 Rxe5+ 47. Kxe5 d3 48. Ke4 d2 49. Kd3 d1=Q+ 50. Ke3 Qxa4 51. Kf2 Qb4 52. Kf3 a4 0-1,2721.5
 Bullet tournament ,KyleKorver,AstanehChess,0-1,2016.07.18,22:58:00,2725,2667,-16.0,14.0,A40,Queen's Pawn,30+0,Normal,1. d4 c6 2. Nf3 d5 3. g3 g6 4. Bg2 Bg7 5. O-O Nf6 6. Nc3 O-O 7. e4 Nxe4 8. Nxe4 dxe4 9. Nd2 Qxd4 10. c3 Qd3 11. Nxe4 Qxd1 12. Rxd1 Bf5 13. Bg5 Bxe4 14. Bxe4 e6 15. Be7 Re8 16. Ba3 Na6 17. Rd7 Rab8 18. Rad1 Bf8 19. Bd6 Bxd6 20. R1xd6 Nc5 21. Rc7 Nxe4 22. Rdd7 Nf6 23. Rxf7 Nh5 24. g4 Rf8 25. Rxf8+ Rxf8 26. gxh5 Rf7 27. Rxb7 Rxb7 0-1,2696.0
 Bullet tournament ,chickencrossroad,gnejs,0-1,2016.07.18,22:59:23,2578,2780,-6.0,6.0,A80,Dutch Defense: Raphael Variation,30+0,Normal,1. d4 f5 2. Nc3 Nf6 3. Bg5 e6 4. e4 fxe4 5. Nxe4 Be7 6. Bxf6 Bxf6 7. Nf3 b6 8. Bd3 Bb7 9. Qe2 Nc6 10. O-O-O Qe7 11. h4 O-O-O 12. Bb5 Kb8 13. Kb1 Rhf8 14. g4 g6 15. Nxf6 Rxf6 16. Bxc6 Bxc6 17. Rh3 Rdf8 18. Ne5 Rxf2 19. Qe3 Rf1 20. Rh1 Bxh1 21. Qe2 Bg2 22. a4 Rxd1+ 23. Qxd1 Rf1 24. Qxf1 Bxf1 0-1,2679.0
 Blitz ,TalBaron-YouTube,fortresspieces,0-1,2016.07.19,01:23:32,2683,2665,-11.0,16.0,D20,"Queen's Gambit Accepted: Central Variation, Alekhine System",180+0,Normal,1. d4 d5 2. c4 dxc4 3. e4 Nf6 4. e5 Nd5 5. Bxc4 Nb6 6. Bd3 e6 7. Nc3 Nc6 8. Nf3 Bb4 9. O-O h6 10. Ne4 Be7 11. Ng3 O-O 12. Nh5 Qd5 13. Bxh6 gxh6 14. Qd2 f5 15. Qxh6 Rf7 16. Ng5 Bxg5 17. Qxg5+ Kf8 18. Nf6 Rg7 19. Qh6 Qxg2# 0-1,2674.0
 Blitz ,fortresspieces,TalBaron-YouTube,0-1,2016.07.19,01:26:18,2681,2672,-15.0,11.0,E00,Indian Game: Seirawan Attack,180+0,Normal,1. d4 Nf6 2. c4 e6 3. Bg5 c5 4. e3 Qa5+ 5. Nc3 Ne4 6. f4 cxd4 7. Qxd4 Nxg5 8. fxg5 Qxg5 9. Nf3 Qa5 10. Bd3 Nc6 11. Qh4 Be7 12. Qg3 Bf6 13. O-O-O Bxc3 14. bxc3 Qxc3+ 15. Kb1 Nb4 16. Qe5 Qxe5 17. Nxe5 d6 18. Nf3 Nxd3 19. Rxd3 Ke7 20. Rhd1 Rd8 21. e4 Bd7 22. Nd4 Rac8 23. Nb5 Bxb5 24. cxb5 Rc5 25. a4 Rc4 26. Rd4 Rxd4 27. Rxd4 Rc8 28. Rb4 d5 29. exd5 exd5 30. Rh4 h6 31. Rg4 g5 32. Rd4 Kd6 33. Rd3 Rc4 34. Rh3 Rh4 35. Rxh4 gxh4 36. Kc2 Kc5 0-1,2676.5
 Blitz ,TalBaron-YouTube,fortresspieces,1-0,2016.07.19,01:30:21,2683,2666,10.0,-13.0,E61,King's Indian Defense,180+0,Normal,1. d4 { [%eval 0.11] } 1... Nf6 { [%eval 0.18] } 2. c4 { [%eval 0.12] } 2... g6 { [%eval 0.42] } 3. Nc3 { [%eval 0.39] } 3... Bg7 { [%eval 0.57] } 4. h3 { [%eval 0.24] } 4... O-O { [%eval 0.54] } 5. Nf3 { [%eval 0.28] } 5... d6 { [%eval 0.48] } 6. e4 { [%eval 0.51] } 6... Nbd7 { [%eval 0.57] } 7. Be3 { [%eval 0.29] } 7... e5 { [%eval 0.37] } 8. d5 { [%eval 0.35] } 8... Nc5 { [%eval 0.31] } 9. Nd2 { [%eval 0.13] } 9... c6?! { [%eval 0.75] } 10. g4?! { [%eval 0.21] } 10... Qb6 { [%eval 0.55] } 11. Na4 { [%eval 0.43] } 11... Qb4 { [%eval 0.73] } 12. Nxc5 { [%eval 0.74] } 12... dxc5 { [%eval 0.78] } 13. Qc2 { [%eval 0.7] } 13... Bd7 { [%eval 0.7] } 14. Be2 { [%eval 0.75] } 14... cxd5 { [%eval 0.75] } 15. cxd5 { [%eval 0.78] } 15... b6?! { [%eval 1.36] } 16. g5? { [%eval 0.29] } 16... Nh5 { [%eval 0.47] } 17. Bxh5 { [%eval 0.45] } 17... gxh5 { [%eval 0.44] } 18. O-O-O { [%eval 0.2] } 18... Ba4?! { [%eval 1.08] } 19. b3 { [%eval 1.05] } 19... Qa3+ { [%eval 1.24] } 20. Kb1 { [%eval 1.15] } 20... Bb5 { [%eval 1.25] } 21. Rhg1 { [%eval 1.12] } 21... Be2 { [%eval 1.24] } 22. Rde1 { [%eval 1.13] } 22... Qa6 { [%eval 1.03] } 23. Nc4 { [%eval 1.03] } 23... Bxc4 { [%eval 1.17] } 24. Qxc4 { [%eval 1.19] } 24... Qxc4 { [%eval 1.65] } 25. bxc4 { [%eval 1.46] } 25... Rfe8 { [%eval 1.79] } 26. Kc2 { [%eval 1.58] } 26... Bf8 { [%eval 1.73] } 27. a4 { [%eval 1.68] } 27... Bd6 { [%eval 1.67] } 28. Ra1 { [%eval 1.62] } 28... Kg7 { [%eval 1.75] } 29. Rgb1 { [%eval 1.72] } 29... f6?! { [%eval 2.53] } 30. a5 { [%eval 2.33] } 30... fxg5 { [%eval 2.22] } 31. axb6 { [%eval 2.09] } 31... axb6 { [%eval 2.22] } 32. Rxa8 { [%eval 2.05] } 32... Rxa8 { [%eval 1.9] } 33. Rxb6 { [%eval 2.1] } 33... Be7 { [%eval 1.77] } 34. Rb7 { [%eval 1.58] } 34... Kf8 { [%eval 1.63] } 35. Rb6 { [%eval 1.77] } 35... Ra2+?! { [%eval 2.43] } 36. Kb3 { [%eval 2.46] } 36... Ra1 { [%eval 2.1] } 37. Re6 { [%eval 1.98] } 37... Kf7 { [%eval 2.24] } 38. Rxe5 { [%eval 2.19] } 38... Rb1+ { [%eval 2.67] } 39. Kc2 { [%eval 2.67] } 39... Rg1 { [%eval 2.73] } 40. Rf5+ { [%eval 2.72] } 40... Kg6 { [%eval 2.65] } 41. Re5 { [%eval 2.74] } 41... Kf7 { [%eval 2.58] } 42. Re6 { [%eval 2.11] } 42... Rh1? { [%eval 4.6] } 43. e5 { [%eval 4.3] } 43... Rxh3? { [%eval 5.43] } 44. Rh6 { [%eval 5.04] } 44... Bf8 { [%eval 5.4] } 45. Rf6+ { [%eval 5.08] } 45... Ke8 { [%eval 5.0] } 46. Bxg5 { [%eval 4.56] } 46... Bg7?? { [%eval 14.27] } 47. Re6+ { [%eval 13.37] } 47... Kf7 { [%eval 12.89] } 48. Re7+ { [%eval 11.94] } 48... Kf8 { [%eval 51.03] } 49. d6 { [%eval 51.03] } 49... Ra3 { [%eval 51.03] } 50. d7 { [%eval 49.5] } 50... Ra8 { [%eval 50.99] } 51. Rxg7 { [%eval 50.22] } 51... Kxg7 { [%eval 50.11] } 52. e6 { [%eval 21.73] } 52... Rd8?! { [%eval #7] } 53. Bxd8 { [%eval #6] } 53... Kg6 { [%eval #6] } 54. Bh4 { [%eval #5] } 1-0,2674.5
 Blitz ,fortresspieces,TalBaron-YouTube,0-1,2016.07.19,01:36:17,2653,2693,-12.0,10.0,A45,Indian Game,180+0,Normal,1. d4 Nf6 2. Bf4 d5 3. e3 c5 4. Nf3 Nc6 5. dxc5 Bg4 6. Nbd2 e5 7. h3 Bxf3 8. Qxf3 exf4 9. Qxf4 Bxc5 10. Bd3 O-O 11. O-O Re8 12. Nf3 h6 13. Bf5 Ne4 14. Bxe4 dxe4 15. Rad1 Qb8 16. Qg4 exf3 0-1,2673.0
 Blitz ,TalBaron-YouTube,fortresspieces,1-0,2016.07.19,01:38:33,2703,2641,9.0,-12.0,D20,"Queen's Gambit Accepted: Central Variation, Alekhine System",180+0,Normal,1. d4 { [%eval 0.12] } 1... d5 { [%eval 0.15] } 2. c4 { [%eval 0.14] } 2... dxc4 { [%eval 0.51] } 3. e4 { [%eval 0.07] } 3... Nf6 { [%eval 0.35] } 4. e5 { [%eval 0.3] } 4... Nd5 { [%eval 0.32] } 5. Bxc4 { [%eval 0.4] } 5... Nb6 { [%eval 0.53] } 6. Bd3 { [%eval 0.52] } 6... e6 { [%eval 0.8] } 7. Nc3 { [%eval 0.62] } 7... Nc6 { [%eval 0.67] } 8. Nf3 { [%eval 0.54] } 8... Be7 { [%eval 0.92] } 9. O-O { [%eval 0.53] } 9... h6 { [%eval 0.94] } 10. Bc2?! { [%eval 0.4] } 10... Nb4 { [%eval 0.44] } 11. Bb1 { [%eval 0.54] } 11... c5 { [%eval 0.5] } 12. Be3 { [%eval 0.47] } 12... Nc4 { [%eval 0.56] } 13. a3 { [%eval 0.36] } 13... Nc6 { [%eval 0.46] } 14. dxc5 { [%eval 0.5] } 14... Qxd1 { [%eval 0.57] } 15. Nxd1?! { [%eval 0.03] } 15... Nxe3 { [%eval 0.51] } 16. Nxe3 { [%eval 0.49] } 16... Bxc5 { [%eval 0.51] } 17. Nc4 { [%eval 0.22] } 17... b5 { [%eval 0.36] } 18. Ncd2?! { [%eval -0.18] } 18... Bd7?! { [%eval 0.34] } 19. Ne4 { [%eval 0.39] } 19... Bb6 { [%eval 0.39] } 20. Nd6+ { [%eval 0.34] } 20... Ke7 { [%eval 0.3] } 21. Be4 { [%eval 0.36] } 21... f5 { [%eval 0.36] } 22. exf6+ { [%eval 0.45] } 22... Kxd6?! { [%eval 1.16] } 23. Rfd1+ { [%eval 1.13] } 23... Kc7 { [%eval 1.13] } 24. fxg7 { [%eval 1.15] } 24... Rhg8 { [%eval 1.15] } 25. Rac1 { [%eval 1.14] } 25... Rad8 { [%eval 1.13] } 26. Ne5 { [%eval 1.13] } 26... Be8 { [%eval 1.09] } 27. Rxd8 { [%eval 1.13] } 27... Kxd8 { [%eval 1.13] } 28. Bxc6 { [%eval 1.09] } 28... Rxg7 { [%eval 1.15] } 29. Bxe8 { [%eval 1.16] } 29... Kxe8 { [%eval 1.16] } 30. Rc8+ { [%eval 1.1] } 30... Ke7 { [%eval 1.06] } 31. Kf1 { [%eval 1.05] } 31... Rg5 { [%eval 1.52] } 32. f4 { [%eval 1.32] } 32... Rh5 { [%eval 1.53] } 33. h3 { [%eval 1.37] } 33... Bd4 { [%eval 1.3] } 34. Nc6+ { [%eval 1.19] } 34... Kd7 { [%eval 1.13] } 35. Rd8+ { [%eval 1.16] } 35... Kxc6 { [%eval 1.03] } 36. Rxd4 { [%eval 1.06] } 36... Rc5 { [%eval 1.39] } 37. Ke2 { [%eval 1.21] } 37... Rc2+?! { [%eval 1.81] } 38. Rd2 { [%eval 1.83] } 38... Rc5?! { [%eval 2.36] } 39. Kf3 { [%eval 2.25] } 39... a5 { [%eval 2.12] } 40. Re2 { [%eval 1.72] } 40... Rc3+?? { [%eval 14.98] } 41. Kg4?? { [%eval 2.89] } 41... Rb3? { [%eval 4.36] } 42. Rxe6+ { [%eval 3.84] } 42... Kd5? { [%eval 5.95] } 43. Re2 { [%eval 5.89] } 43... Rd3?! { [%eval 6.68] } 44. f5 { [%eval 6.44] } 44... b4?! { [%eval 7.08] } 45. axb4 { [%eval 6.41] } 45... axb4?? { [%eval 13.0] } 46. f6 { [%eval 13.34] } 46... Rd4+ { [%eval 13.41] } 47. Kf5 { [%eval 11.95] } 47... Rc4 { [%eval 51.03] } 48. f7 { [%eval 46.06] } 48... Rc8?! { [%eval #10] } 49. Rd2+ { [%eval #9] } 49... Kc4 { [%eval #7] } 50. Rc2+ { [%eval #6] } 50... Kb3 { [%eval #6] } 51. Rxc8 { [%eval #5] } 1-0,2672.0
 Blitz ,fortresspieces,TalBaron-YouTube,0-1,2016.07.19,01:44:06,2629,2712,-10.0,9.0,C00,French Defense: Knight Variation,180+0,Normal,1. e4 e6 2. Nf3 d5 3. exd5 exd5 4. d4 Nf6 5. Bd3 Bd6 6. O-O O-O 7. c3 c6 8. Bg5 Bg4 9. Nbd2 Nbd7 10. Re1 Qc7 11. h3 Bh5 12. Qc2 Rae8 13. Re7 Rxe7 0-1,2670.5
 Blitz ,jeffforever,jitanu76,1/2-1/2,2016.07.19,11:35:06,2569,2778,7.0,-7.0,B10,Caro-Kann Defense: Two Knights Attack,180+1,Normal,1. e4 c6 2. Nc3 d5 3. Nf3 dxe4 4. Nxe4 Nf6 5. Qe2 Bg4 6. d3 e6 7. g3 Nbd7 8. Bg2 Be7 9. O-O O-O 10. a4 Ne5 11. Bf4 Nxf3+ 12. Bxf3 Bxf3 13. Qxf3 Nd5 14. Bd2 f5 15. Nc3 e5 16. Nxd5 Qxd5 17. Qxd5+ cxd5 18. Rfe1 Bf6 19. c3 a5 20. Ra3 Rfb8 21. c4 dxc4 22. dxc4 e4 23. Rb3 Rc8 24. Rc1 Rc7 25. Rb5 g6 26. Bxa5 Rd7 27. Bc3 Bxc3 28. Rxc3 Rxa4 29. Kg2 Kg7 30. c5 Rad4 31. Rcb3 Kh6 32. Rxb7 R7d5 33. Rc7 Rc4 34. Rb5 Rd2 35. Rbb7 Kg5 36. Rd7 Re2 37. Rd1 Rxc5 38. Rxh7 Rcc2 39. Rf1 Rxb2 40. h4+ Kf6 41. Rc7 e3 42. Kf3 exf2 43. Rc3 Kg7 44. Kg2 Kh6 45. Rf3 Kh5 46. R1xf2 Rxf2+ 47. Rxf2 Rxf2+ 48. Kxf2 Kg4 49. Kg2 f4 50. gxf4 Kxf4 51. Kh3 Kf3 52. h5 gxh5 53. Kh4 Kf4 54. Kxh5 1/2-1/2,2673.5
 Blitz ,jitanu76,jeffforever,1-0,2016.07.19,11:42:37,2771,2576,6.0,-6.0,A50,Indian Game: Pyrenees Gambit,180+1,Normal,1. d4 { [%eval 0.12] } 1... Nf6 { [%eval 0.16] } 2. c4 { [%eval 0.22] } 2... b5 { [%eval 0.64] } 3. cxb5 { [%eval 0.67] } 3... a6 { [%eval 0.62] } 4. bxa6 { [%eval 0.51] } 4... Bxa6 { [%eval 0.47] } 5. g3 { [%eval 0.39] } 5... d5 { [%eval 0.34] } 6. Bg2 { [%eval 0.31] } 6... Nbd7 { [%eval 0.31] } 7. Nf3 { [%eval 0.32] } 7... e6 { [%eval 0.25] } 8. O-O { [%eval 0.31] } 8... Bd6 { [%eval 0.27] } 9. Nc3 { [%eval 0.22] } 9... O-O { [%eval 0.25] } 10. Bf4?! { [%eval -0.4] } 10... Bxf4 { [%eval -0.32] } 11. gxf4 { [%eval -0.45] } 11... Nh5 { [%eval -0.43] } 12. f5 { [%eval -0.5] } 12... Nf4?! { [%eval 0.0] } 13. Qd2 { [%eval 0.0] } 13... Nxg2 { [%eval 0.0] } 14. Kxg2 { [%eval -0.3] } 14... exf5 { [%eval -0.21] } 15. Qf4 { [%eval -0.36] } 15... g6 { [%eval -0.35] } 16. Qh6 { [%eval -0.35] } 16... f6 { [%eval 0.05] } 17. h4?! { [%eval -0.56] } 17... c6 { [%eval -0.46] } 18. Rg1 { [%eval -0.43] } 18... Qe7 { [%eval -0.56] } 19. Kh1 { [%eval -0.43] } 19... Qg7 { [%eval 0.0] } 20. Qf4 { [%eval -0.35] } 20... Qe7?! { [%eval 0.28] } 21. h5 { [%eval 0.1] } 21... g5 { [%eval 0.16] } 22. Qxf5 { [%eval 0.19] } 22... Kh8 { [%eval 0.24] } 23. e3 { [%eval -0.01] } 23... Nb6 { [%eval 0.2] } 24. b3 { [%eval -0.26] } 24... Bc8 { [%eval -0.31] } 25. Qd3 { [%eval -0.37] } 25... Qe8 { [%eval -0.36] } 26. Rg3 { [%eval -0.67] } 26... Qxh5+ { [%eval -0.24] } 27. Kg2 { [%eval -0.48] } 27... Qg6 { [%eval 0.0] } 28. Qxg6 { [%eval 0.0] } 28... hxg6 { [%eval 0.0] } 29. a4 { [%eval -0.02] } 29... Be6 { [%eval 0.0] } 30. a5 { [%eval 0.04] } 30... Nd7 { [%eval 0.1] } 31. b4 { [%eval 0.09] } 31... Rfb8 { [%eval 0.11] } 32. Ra4 { [%eval 0.0] } 32... Kg7 { [%eval 0.06] } 33. Nd2 { [%eval 0.0] } 33... g4 { [%eval 0.0] } 34. Kf1 { [%eval 0.0] } 34... f5 { [%eval 0.0] } 35. Ke2 { [%eval -0.14] } 35... Rb7 { [%eval 0.2] } 36. Rg1 { [%eval 0.22] } 36... g5 { [%eval 0.47] } 37. Nb3 { [%eval 0.5] } 37... f4 { [%eval 0.43] } 38. a6?! { [%eval -0.46] } 38... Rba7 { [%eval -0.66] } 39. Rga1 { [%eval -0.88] } 39... Kf6? { [%eval 0.46] } 40. b5 { [%eval 0.28] } 40... Nb6 { [%eval 0.34] } 41. R4a2 { [%eval 0.27] } 41... Bd7?! { [%eval 1.15] } 42. Nc5 { [%eval 1.31] } 42... Be8 { [%eval 1.25] } 43. bxc6 { [%eval 1.25] } 43... Bxc6 { [%eval 1.18] } 44. Rh1?! { [%eval 0.45] } 44... Kg6 { [%eval 0.52] } 45. Rb1 { [%eval 0.18] } 45... Nc4 { [%eval 0.27] } 46. Nb5? { [%eval -1.08] } 46... Bxb5?! { [%eval -0.17] } 47. Rxb5 { [%eval -0.23] } 47... fxe3 { [%eval -0.11] } 48. fxe3?! { [%eval -0.81] } 48... Re7 { [%eval -0.41] } 49. e4 { [%eval -0.12] } 49... dxe4? { [%eval 2.5] } 50. Rb7?? { [%eval -0.65] } 50... Rxb7 { [%eval -0.7] } 51. Nxb7 { [%eval -0.37] } 51... Kf5 { [%eval -0.07] } 52. Nc5 { [%eval -0.47] } 52... g3 { [%eval -0.35] } 53. Ra1 { [%eval -0.64] } 53... Kg4?! { [%eval 0.13] } 54. Nxe4 { [%eval 0.13] } 54... Kf4 { [%eval 0.13] } 55. Nc5 { [%eval -0.07] } 55... Re8+ { [%eval -0.07] } 56. Kd3 { [%eval -0.07] } 56... Nb6 { [%eval -0.07] } 57. Rf1+ { [%eval -0.07] } 57... Kg4 { [%eval -0.07] } 58. Ne4?! { [%eval -0.68] } 58... g2 { [%eval -0.66] } 59. Rg1 { [%eval -0.8] } 59... Kf3 { [%eval -0.77] } 60. Nxg5+ { [%eval -0.49] } 60... Kf2 { [%eval -0.36] } 61. Nh3+ { [%eval -0.36] } 61... Kg3 { [%eval -0.37] } 62. Nf4 { [%eval -0.38] } 62... Kxf4 { [%eval -0.38] } 63. Rxg2 { [%eval -0.36] } 63... Na8? { [%eval 0.73] } 64. Rb2?! { [%eval -0.07] } 64... Re6 { [%eval 0.07] } 65. Rf2+ { [%eval 0.07] } 65... Kg5 { [%eval 0.07] } 66. a7 { [%eval -0.13] } 66... Ra6 { [%eval -0.15] } 67. Rf7 { [%eval -0.18] } 67... Kg6 { [%eval 0.0] } 68. Rb7 { [%eval 0.0] } 68... Kf6 { [%eval 0.0] } 69. Kc4 { [%eval 0.0] } 69... Ke6 { [%eval 0.0] } 70. Kc5 { [%eval 0.0] } 70... Ra2?! { [%eval 0.84] } 71. d5+ { [%eval 0.98] } 71... Ke5?? { [%eval 5.66] } 72. Re7+ { [%eval 5.66] } 72... Kf6 { [%eval 5.66] } 73. d6 { [%eval 5.0] } 73... Rc2+ { [%eval 3.27] } 74. Kd5?? { [%eval 0.07] } 74... Rd2+?? { [%eval 16.63] } 75. Kc6 { [%eval 13.77] } 75... Rc2+ { [%eval 47.43] } 76. Kb7 { [%eval 46.06] } 76... Rd2 { [%eval 45.09] } 77. Kxa8 { [%eval 20.81] } 77... Rxd6 { [%eval 44.03] } 78. Rc7 { [%eval 5.55] } 78... Ke6?? { [%eval 123.48] } 79. Kb7 { [%eval 44.37] } 1-0,2673.5
 Bullet tournament ,blitzbullet,gnejs,0-1,2016.07.19,21:05:24,2516,2787,-4.0,5.0,A00,Van't Kruijs Opening,30+0,Normal,1. e3 b6 2. d4 Bb7 3. Nf3 Nf6 4. c3 e6 5. Nbd2 Be7 6. e4 d6 7. e5 dxe5 8. dxe5 Ng4 9. Bb5+ c6 10. Be2 Bc5 11. O-O Qc7 12. Ne4 Nxe5 13. Nxc5 Nxf3+ 14. Bxf3 bxc5 15. Be3 Nd7 16. Qd3 O-O 17. Rac1 a5 18. Rfd1 Ne5 19. Qe4 f5 20. Qf4 c4 21. Bd4 Nxf3+ 22. Qxf3 c5 23. Be5 Bxf3 24. Bxc7 Bxd1 25. Rxd1 Rf7 26. Bb6 Rb8 27. Bxc5 Rc7 28. Bd4 Rd7 29. f4 Rbd8 30. Re1 Kf7 31. Rxe6 Rd5 32. Rb6 R8d7 33. Rb7 Rxb7 34. b4 axb4 35. Bc5 b3 36. Bb4 bxa2 37. g4 a1=Q+ 38. Kg2 Rd3 39. gxf5 Qa2+ 0-1,2651.5
 Bullet tournament ,chickencrossroad,gnejs,0-1,2016.07.19,21:26:46,2589,2744,-7.0,9.0,B87,"Sicilian Defense: Sozin Attack, Flank Variation",30+0,Normal,1. e4 c5 2. Nf3 d6 3. Nc3 Nf6 4. d4 cxd4 5. Nxd4 a6 6. Bc4 e6 7. Bb3 b5 8. O-O b4 9. Na4 Be7 10. f4 O-O 11. e5 dxe5 12. fxe5 Nd5 13. Qg4 Kh8 14. Bd2 Bb7 15. Rad1 Nd7 16. Rf3 Nxe5 17. Qg3 Nxf3+ 18. Qxf3 Bf6 19. Ne2 Qa5 20. Qg3 Bc6 21. Rf1 Bxa4 22. Rf5 exf5 23. Bf4 Qc5+ 24. Be3 Nxe3 25. Qf2 Bxb3 26. axb3 f4 27. Nxf4 Bd4 28. Nd3 Ng4 29. Nxc5 Bxf2+ 30. Kf1 Bxc5 31. h3 Rfe8 32. hxg4 Re7 0-1,2666.5
 Bullet tournament ,KyleKorver,gnejs,1/2-1/2,2016.07.19,21:35:42,2732,2772,1.0,-2.0,A43,Old Benoni Defense,30+0,Normal,1. d4 { [%eval 0.12] } 1... c5 { [%eval 0.45] } 2. Nf3 { [%eval 0.11] } 2... cxd4 { [%eval 0.15] } 3. Nxd4 { [%eval -0.02] } 3... d5 { [%eval -0.06] } 4. Nb3 { [%eval -0.35] } 4... e5 { [%eval 0.06] } 5. g3 { [%eval -0.38] } 5... Nc6 { [%eval -0.39] } 6. Bg2 { [%eval -0.28] } 6... Nf6 { [%eval -0.22] } 7. Nc3 { [%eval -0.4] } 7... h5?! { [%eval 0.31] } 8. Nxd5 { [%eval 0.5] } 8... Be6?! { [%eval 1.05] } 9. Nxf6+ { [%eval 0.72] } 9... Qxf6 { [%eval 0.74] } 10. Qd3? { [%eval -0.34] } 10... Rd8?! { [%eval 0.65] } 11. Qf3? { [%eval -0.48] } 11... Nb4 { [%eval -0.4] } 12. O-O { [%eval -0.56] } 12... Nxc2 { [%eval -0.38] } 13. Qxf6 { [%eval -0.64] } 13... gxf6 { [%eval -0.7] } 14. Rb1 { [%eval -0.85] } 14... h4?! { [%eval 0.0] } 15. Bxb7 { [%eval 0.03] } 15... hxg3 { [%eval 0.24] } 16. hxg3 { [%eval -0.18] } 16... Bf5?! { [%eval 0.73] } 17. e4? { [%eval -0.56] } 17... Bh3?! { [%eval -0.03] } 18. Be3? { [%eval -1.06] } 18... Nxe3 { [%eval -1.01] } 19. fxe3 { [%eval -1.08] } 19... Bxf1 { [%eval -1.05] } 20. Rxf1 { [%eval -1.0] } 20... Bh6 { [%eval -1.04] } 21. Kf2 { [%eval -1.31] } 21... Ke7 { [%eval -0.83] } 22. Bd5 { [%eval -0.83] } 22... Bg5 { [%eval -0.91] } 23. Ke2?! { [%eval -1.5] } 23... Rh2+ { [%eval -1.22] } 24. Kf3?! { [%eval -1.75] } 24... Rxb2 { [%eval -1.68] } 25. Na5 { [%eval -1.9] } 25... Rd6? { [%eval -0.27] } 26. Nc4 { [%eval -0.27] } 26... Kd7?? { [%eval 3.91] } 27. Nxd6?? { [%eval 0.61] } 27... Kxd6 { [%eval 0.61] } 28. Rd1 { [%eval 0.51] } 28... Ke7 { [%eval 0.56] } 29. Bb3 { [%eval 0.34] } 29... Rh2 { [%eval 0.55] } 30. Rc1 { [%eval 0.25] } 30... f5?! { [%eval 1.12] } 31. Rc7+ { [%eval 0.78] } 31... Kd6 { [%eval 0.78] } 32. Rxf7 { [%eval 0.78] } 32... fxe4+ { [%eval 0.78] } 33. Kxe4 { [%eval 0.76] } 33... Rg2 { [%eval 1.13] } 34. Kf5?! { [%eval 0.23] } 34... Rxg3 { [%eval 0.22] } 35. Rg7 { [%eval 0.06] } 35... Bf4 { [%eval 0.06] } 36. Rxg3 { [%eval 0.06] } 36... Bxg3 { [%eval 0.06] } 37. e4 { [%eval 0.0] } 37... Bf2 { [%eval 0.0] } 38. Bd5 { [%eval 0.0] } 38... Bd4 { [%eval 0.0] } 39. Kg4 { [%eval 0.0] } 39... Kc5 { [%eval 0.0] } 40. Kf3 { [%eval 0.0] } 40... Kb4 { [%eval 0.0] } 41. Ke2 { [%eval 0.0] } 41... Ka3 { [%eval 0.0] } 42. Kd2 { [%eval 0.0] } 42... a5 { [%eval 0.0] } 43. Ke2 { [%eval 0.0] } 43... a4 { [%eval 0.0] } 44. Kf3 { [%eval 0.0] } 44... Kb4 { [%eval 0.0] } 45. Kg4 { [%eval 0.0] } 45... Kc5 { [%eval 0.0] } 46. Kf5 { [%eval 0.0] } 46... Kb4 { [%eval 0.0] } 47. Ke6 { [%eval 0.0] } 47... Kc5 { [%eval 0.0] } 48. Kf5 { [%eval 0.0] } 48... Kb5 { [%eval 0.0] } 49. Ke6 { [%eval 0.0] } 49... Kc5 { [%eval 0.0] } 50. Kf5 { [%eval 0.0] } 1/2-1/2,2752.0
 Bullet tournament ,KyleKorver,gnejs,0-1,2016.07.19,21:42:23,2735,2789,-13.0,13.0,A43,Old Benoni Defense,30+0,Normal,1. d4 { [%eval 0.12] } 1... c5?! { [%eval 0.63] } 2. Nf3?! { [%eval -0.02] } 2... cxd4 { [%eval 0.17] } 3. Nxd4 { [%eval -0.13] } 3... d5 { [%eval -0.11] } 4. Nb3 { [%eval -0.32] } 4... Nc6 { [%eval -0.17] } 5. g3 { [%eval -0.4] } 5... Nf6 { [%eval -0.21] } 6. Bg2 { [%eval -0.14] } 6... h6 { [%eval 0.17] } 7. Nc3 { [%eval -0.07] } 7... d4?! { [%eval 0.59] } 8. Ne4?! { [%eval 0.0] } 8... e5 { [%eval 0.0] } 9. Nxf6+ { [%eval 0.0] } 9... gxf6 { [%eval 0.46] } 10. e3 { [%eval 0.53] } 10... Bb4+ { [%eval 0.75] } 11. Bd2 { [%eval 0.76] } 11... dxe3? { [%eval 2.94] } 12. fxe3? { [%eval 0.47] } 12... Be7 { [%eval 0.36] } 13. Bc3 { [%eval 0.03] } 13... Qc7 { [%eval 0.38] } 14. O-O { [%eval -0.01] } 14... Be6 { [%eval 0.04] } 15. Nd2 { [%eval -0.17] } 15... O-O-O { [%eval -0.38] } 16. Qe2?! { [%eval -0.91] } 16... h5 { [%eval -0.64] } 17. Ne4? { [%eval -1.82] } 17... f5 { [%eval -1.87] } 18. Nf2 { [%eval -1.75] } 18... h4 { [%eval -1.77] } 19. Rad1 { [%eval -1.83] } 19... hxg3 { [%eval -1.91] } 20. hxg3? { [%eval -3.44] } 20... e4? { [%eval -1.44] } 21. Bxh8 { [%eval -1.76] } 21... Rxh8 { [%eval -1.72] } 22. Nh1 { [%eval -1.71] } 22... Ne5 { [%eval -1.65] } 23. Rf4 { [%eval -1.75] } 23... Bc5 { [%eval -1.43] } 24. c3? { [%eval -2.5] } 24... Ng4?! { [%eval -1.7] } 25. Rxg4 { [%eval -1.95] } 25... fxg4 { [%eval -1.89] } 26. Bxe4?! { [%eval -2.63] } 26... f5? { [%eval -1.28] } 27. Bg2?? { [%eval -4.29] } 27... f4 { [%eval -3.97] } 28. gxf4 { [%eval -4.08] } 28... Qxf4 { [%eval -3.17] } 29. Qf2?? { [%eval #-10] } 29... Bxe3 { [%eval #-9] } 30. Re1 { [%eval #-6] } 30... Bxf2+ { [%eval #-9] } 31. Nxf2 { [%eval #-9] } 31... Qh2+ { [%eval #-8] } 32. Kf1 { [%eval #-8] } 32... Bc4+ { [%eval #-8] } 33. Re2 { [%eval #-7] } 33... Re8 { [%eval #-6] } 34. Nxg4 { [%eval #-5] } 34... Bxe2+ { [%eval #-4] } 35. Kf2 { [%eval #-4] } 35... Bxg4 { [%eval #-3] } 0-1,2762.0
 Bullet tournament ,gnejs,bigidiot,1-0,2016.07.19,21:45:28,2806,2505,5.0,-4.0,A04,Zukertort Opening: Slav Invitation,30+0,Normal,1. Nf3 c6 2. c4 d6 3. d4 g6 4. Nc3 Bg7 5. g3 Nf6 6. Bg2 O-O 7. O-O Bg4 8. Ne1 Bf3 9. Nxf3 Nbd7 10. e3 e6 11. e4 d5 12. cxd5 cxd5 13. e5 Ne4 14. Qd3 Nxc3 15. bxc3 Nb6 16. Rb1 Rc8 17. Bg5 Qc7 18. Rfc1 Qc4 19. Qd2 Rc7 20. Bf6 Rfc8 21. Bf1 Nd7 22. Bxc4 Rc5 23. dxc5 1-0,2655.5
 Bullet tournament ,AMADAN,gnejs,0-1,2016.07.19,21:49:59,2542,2816,-5.0,6.0,B22,"Sicilian Defense: Alapin Variation, Smith-Morra Declined",30+0,Normal,1. e4 c5 2. d4 cxd4 3. c3 Nf6 4. e5 Nd5 5. Bc4 Qc7 6. Bb3 Qxe5+ 7. Ne2 d3 8. Be3 Nxe3 9. fxe3 Qxe3 10. Nd2 Qxe2+ 11. Qxe2 dxe2 12. Kxe2 Nc6 13. Rhf1 e6 14. Ne4 d5 15. Ng5 f6 16. Nf3 Na5 17. Ba4+ Bd7 18. Bxd7+ Kxd7 19. Rad1 Nc6 20. b3 Kc7 21. c4 dxc4 22. bxc4 Bc5 23. Ng5 fxg5 0-1,2679.0
 Bullet tournament ,AMADAN,gnejs,1-0,2016.07.19,21:52:52,2554,2805,20.0,-24.0,B22,Sicilian Defense: Alapin Variation,30+0,Normal,1. e4 c5 2. c3 Nf6 3. e5 Nd5 4. Bc4 Qc7 5. Nf3 Nb6 6. Bb3 c4 7. Bc2 Nc6 8. O-O Nxe5 9. Nxe5 Qxe5 10. Re1 Qc7 11. a4 a5 12. Na3 d5 13. Nb5 Qd8 14. d4 cxd3 15. Qxd3 Bd7 16. Bf4 Rc8 17. Nd6# 1-0,2679.5
 Bullet tournament ,KyleKorver,gnejs,0-1,2016.07.19,21:53:26,2772,2781,-13.0,14.0,A57,Benoni Defense: Hromadka System,30+0,Normal,1. d4 c5 2. d5 d6 3. c4 Nf6 4. Nc3 g6 5. e4 Bg7 6. Nf3 O-O 7. Bd3 e6 8. h3 exd5 9. cxd5 b5 10. O-O c4 11. Bc2 b4 12. Ne2 Re8 13. Ng3 Nbd7 14. Re1 Bb7 15. Nd4 Rc8 16. Bg5 Qb6 17. Qd2 Nc5 18. Rad1 c3 19. bxc3 bxc3 20. Qe3 Nfd7 21. Qf3 Ne5 22. Qe2 Ba6 23. Qe3 Ncd3 24. Bxd3 Nxd3 25. Rxd3 Bxd3 26. Nc6 Qxe3 27. Bxe3 Bxe4 28. Nxe4 Rxe4 29. Rc1 f5 30. Nxa7 Rcc4 31. Nb5 f4 32. Nxd6 fxe3 33. Nxc4 e2 34. Ne3 Bd4 35. Rc2 Rxe3 36. Kh2 e1=Q 37. fxe3 Be5+ 38. g3 Qxg3+ 39. Kh1 Qf3+ 40. Rg2 c2 41. Kg1 c1=Q# 0-1,2776.5
 Bullet tournament ,gnejs,KyleKorver,0-1,2016.07.19,22:01:18,2784,2783,-14.0,14.0,A14,"English Opening: Agincourt Defense, Neo-Catalan Declined",30+0,Normal,1. Nf3 d5 2. c4 e6 3. g3 Nf6 4. Bg2 Be7 5. O-O dxc4 6. Na3 Bxa3 7. Qa4+ Nc6 8. Qxa3 Qd6 9. Qc3 Qb4 10. Qc2 O-O 11. Rd1 Rd8 12. d3 cxd3 13. Rxd3 Rxd3 14. Qxd3 Qd6 15. Qc2 e5 16. Bg5 h6 17. Bxf6 Qxf6 18. Rc1 Bf5 19. Qb3 Be4 20. Qxb7 Rd8 21. Qb5 Qd6 22. Qc4 Bxf3 23. Bxf3 Nd4 24. Qxc7 Nxf3+ 25. exf3 Qd2 26. Kg2 a6 27. Rc2 Qd3 28. b3 Qd1 29. Rc1 Qd3 30. Rc2 Qd1 31. Rc3 Qd5 32. Rc4 e4 33. Rc5 exf3+ 34. Kh3 Qe6+ 35. g4 Rd4 36. Qc8+ Qxc8 37. Rxc8+ Kh7 38. Rc3 f5 39. Rxf3 fxg4+ 40. Kg3 gxf3 41. Kxf3 Rd2 42. Kg3 Rxa2 43. h3 Rb2 0-1,2783.5
 Bullet tournament ,KyleKorver,AMADAN,0-1,2016.07.19,22:02:23,2797,2538,-23.0,20.0,A49,Indian Game: Przepiorka Variation,30+0,Normal,1. d4 Nf6 2. Nf3 g6 3. g3 Bg7 4. Bg2 O-O 5. O-O d6 6. Nc3 Nc6 7. e4 e5 8. d5 Ne7 9. Be3 Nh5 10. Ne1 f5 11. exf5 Nxf5 12. f4 Nxe3 13. Qe2 Nxf1 14. Qxf1 exf4 15. Nf3 fxg3 16. hxg3 Nxg3 17. Qf2 Nf5 18. Rd1 Qf6 19. Ne4 Qd8 20. Neg5 h6 21. Ne6 Bxe6 22. dxe6 c6 23. Qe2 Qe7 24. Re1 d5 25. c3 Rae8 26. Bh3 g5 27. Bg4 Nh4 28. Nxh4 gxh4 29. Kh1 Kh8 30. Rg1 Bf6 31. Bh3 Bg5 32. Qh5 Rf4 33. c4 Ref8 34. cxd5 cxd5 35. Qg6 Rf3 36. Bg4 Rg3 37. Rxg3 hxg3 38. Be2 Rf2 39. Bd3 Rh2+ 40. Kg1 Qc5+ 41. Kf1 Qf2# 0-1,2667.5
 Bullet tournament ,KyleKorver,AMADAN,1-0,2016.07.19,22:04:32,2776,2559,6.0,-6.0,A49,Indian Game: Przepiorka Variation,30+0,Normal,1. d4 Nf6 2. Nf3 g6 3. g3 Bg7 4. Bg2 O-O 5. O-O d6 6. a4 Nc6 7. a5 e5 8. dxe5 dxe5 9. Qxd8 Rxd8 10. a6 bxa6 11. Nxe5 Nxe5 12. Bxa8 Bg4 13. Bb7 Bxe2 14. Re1 Nf3+ 15. Bxf3 Bxf3 16. Nc3 Ng4 17. Bg5 f6 18. Bf4 f5 19. h3 Nf6 20. Be5 Rb8 21. Rxa6 Rxb2 22. Bxf6 Bxf6 23. Rxf6 Rxc2 24. Nb5 Rc1 25. Rxc1 1-0,2667.5
 Bullet tournament ,gnejs,KyleKorver,1-0,2016.07.19,22:05:06,2749,2782,15.0,-15.0,D01,"Queen's Pawn Game: Veresov Attack, Classical Defense",30+0,Normal,1. Nf3 e6 2. d4 d5 3. Nc3 Nf6 4. Bg5 Be7 5. Bxf6 Bxf6 6. e4 c6 7. e5 Be7 8. Ne2 Nd7 9. c3 O-O 10. h4 f6 11. Nf4 fxe5 12. Nxe6 Qe8 13. Nxf8 Nxf8 14. Nxe5 Bf6 15. f4 Bf5 16. Bd3 Bxd3 17. Qxd3 Ne6 18. g3 c5 19. O-O-O cxd4 20. cxd4 Rc8+ 21. Kb1 Qa4 22. b3 Qb4 23. Qf5 Re8 24. Qd3 a5 25. Rhe1 a4 26. Qd2 Qb6 27. Qc3 axb3 28. Qxb3 Qa6 29. Qxd5 Ra8 30. Nd7 Kf7 31. f5 Qxa2+ 32. Qxa2 Rxa2 33. fxe6+ Ke7 34. Kxa2 b5 35. Nxf6 b4 36. d5 gxf6 37. d6+ Kf8 38. Kb3 Kg7 39. e7 f5 40. e8=Q Kh6 41. d7 f4 42. d8=Q f3 43. Qee7 f2 44. Qe6+ Kh5 45. Qdd5# 1-0,2765.5
 Bullet tournament ,KyleKorver,AMADAN,1-0,2016.07.19,22:06:20,2767,2557,7.0,-6.0,A49,Indian Game: Przepiorka Variation,30+0,Normal,1. d4 Nf6 2. Nf3 g6 3. g3 Bg7 4. Bg2 O-O 5. O-O d6 6. Nc3 Nc6 7. a4 a6 8. d5 Nb4 9. a5 c5 10. dxc6 Nxc6 11. Nd4 Bd7 12. Nxc6 Bxc6 13. e4 Ra7 14. Be3 Ra8 15. Bb6 Qd7 16. Re1 Rac8 17. Qd2 e6 18. Rad1 Ne8 19. e5 d5 20. f4 f6 21. exf6 Nxf6 22. Bh3 Rfe8 23. Ne2 Qd6 24. Nd4 Bd7 25. Nf3 Ne4 26. Rxe4 Qxb6+ 27. axb6 dxe4 28. Qxd7 exf3 29. Bxe6+ Kh8 30. Qxc8 Rxc8 31. Bxc8 Bxb2 32. Kf2 Bd4+ 33. Rxd4 1-0,2662.0
 Bullet tournament ,gnejs,JaffaCakes,1-0,2016.07.19,22:07:37,2766,2538,6.0,-5.0,D37,Queen's Gambit Declined: Three Knights Variation,30+0,Normal,1. Nf3 e6 2. c4 Nf6 3. d4 d5 4. Nc3 Be7 5. g3 c6 6. Bg2 O-O 7. O-O Ne4 8. Qc2 f5 9. Ne1 Bf6 10. e3 c5 11. cxd5 exd5 12. dxc5 Nxc5 13. Bd2 Be6 14. Nd3 Ne4 15. Nf4 Nc6 16. Nxe6 Qe7 17. Nxf8 Rxf8 18. Nxd5 Qf7 19. Bxe4 fxe4 20. Nxf6+ Qxf6 21. Qxe4 Ne5 22. f4 Ng4 23. Bc3 Qb6 24. Bd4 Qb5 25. h3 Nf6 26. Bxf6 Rxf6 27. Rfd1 Rf8 28. Rd5 Qxd5 29. Qxd5+ Kh8 30. Rd1 h6 31. Qd8 Rxd8 32. Rxd8+ Kh7 33. e4 Kg6 34. g4 h5 35. e5 hxg4 36. hxg4 Kf7 37. f5 Ke7 38. Rd6 g6 39. Kf2 gxf5 40. gxf5 b6 41. f6+ Kf7 42. Ke3 b5 43. Ke4 b4 44. Kf5 b3 45. e6+ Ke8 46. axb3 a6 47. Rb6 a5 48. Rb8# 1-0,2652.0
 Bullet tournament ,gnejs,KyleKorver,1-0,2016.07.19,22:18:01,2792,2722,11.0,-11.0,D45,Semi-Slav Defense: Stoltz Variation,30+0,Normal,1. Nf3 e6 2. c4 d5 3. e3 Nf6 4. d4 Nbd7 5. Nc3 c6 6. Qc2 Bd6 7. Bd3 O-O 8. O-O Re8 9. Rd1 dxc4 10. Bxc4 Qc7 11. Ne4 Nxe4 12. Qxe4 h6 13. Bd3 Nf6 14. Qh4 b6 15. e4 e5 16. Bxh6 Nh7 17. Be3 exd4 18. e5 Be7 19. Qxh7+ 1-0,2757.0
 Bullet tournament ,AstanehChess,KyleKorver,0-1,2016.07.19,22:18:47,2670,2711,-11.0,12.0,D05,Colle System,30+0,Normal,1. Nf3 e6 2. e3 d5 3. d4 Nf6 4. c4 Nbd7 5. cxd5 exd5 6. Nc3 c6 7. Bd3 Bd6 8. O-O O-O 9. Re1 Re8 10. e4 dxe4 11. Nxe4 Nxe4 12. Bxe4 Nf6 13. Bg5 h6 14. Bh4 Be7 15. Bd3 Be6 16. Ne5 Nd5 17. Bg3 Bf6 18. Qh5 Bxe5 19. Bxe5 Qg5 20. Qxg5 hxg5 21. Rad1 f6 22. g3 fxe5 23. dxe5 Kf7 24. b3 Red8 25. Be2 Nb4 26. Bh5+ Ke7 27. Bg6 Rxd1 28. Rxd1 Rd8 29. Ra1 Rd2 30. a3 Nd3 31. Rf1 Nxe5 32. Be4 Bd5 33. Re1 Bxe4 34. Rxe4 Kf6 35. f4 Nf3+ 36. Kf1 g4 0-1,2690.5
 Bullet tournament ,chickencrossroad,KyleKorver,1-0,2016.07.19,22:25:41,2637,2747,16.0,-17.0,A04,Zukertort Opening: Queen's Gambit Invitation,30+0,Normal,1. Nf3 e6 2. g3 d5 3. Bg2 Nf6 4. O-O Nbd7 5. d4 Bd6 6. Nc3 c6 7. Re1 O-O 8. e4 dxe4 9. Nxe4 Nxe4 10. Rxe4 h6 11. Re1 e5 12. dxe5 Bc5 13. Be3 Qe7 14. Bxc5 Nxc5 15. Qd4 Na6 16. Rad1 Be6 17. b3 Rfd8 18. Qe3 Rxd1 19. Rxd1 Qa3 20. Nd4 Qxa2 21. Nxe6 fxe6 22. Qd3 Nb4 23. Qc4 Qxc2 24. Qxe6+ Kh8 25. Rd7 Qc1+ 26. Bf1 Nd5 27. Qf7 Qg5 28. h4 Qg4 29. Be2 Nb6 30. Bxg4 Nxd7 31. Bxd7 Rg8 32. Be6 Rb8 33. Qe7 a5 34. Bf7 Ra8 35. Qxb7 a4 36. Qxa8+ Kh7 37. Qg8# 1-0,2692.0
 Bullet tournament ,chickencrossroad,KyleKorver,1-0,2016.07.19,22:28:03,2655,2733,15.0,-16.0,C10,"French Defense: Rubinstein Variation, Blackburne Defense",30+0,Normal,1. e4 e6 2. Nc3 d5 3. d4 dxe4 4. Nxe4 Nd7 5. Nf3 Ngf6 6. Bd3 c5 7. dxc5 Nxc5 8. Nxf6+ Qxf6 9. O-O Nxd3 10. Qxd3 Bd7 11. Bg5 Qf5 12. Qxf5 exf5 13. Rfe1+ Be6 14. Nd4 Kd7 15. Nxe6 fxe6 16. Rad1+ Kc7 17. Rxe6 Rc8 18. Bf4+ Bd6 19. Rexd6 Kb8 20. Rd8+ Ka8 21. Rxh8 Rxh8 22. Bc7 Rg8 23. Rd8+ Rxd8 24. Bxd8 g6 25. Bf6 Kb8 26. h3 Kc8 27. g3 Kd7 28. g4 Ke6 29. Bd4 f4 30. Kg2 a6 31. Kf3 Kd5 32. Bc3 g5 33. h4 h6 34. hxg5 hxg5 35. Bf6 Kc4 36. Bxg5 b5 37. Bxf4 a5 38. Bd2 b4 39. a3 a4 40. Bxb4 1-0,2694.0
 Bullet tournament ,gnejs,KyleKorver,0-1,2016.07.19,22:41:23,2792,2745,-17.0,14.0,D45,Semi-Slav Defense: Stoltz Variation,30+0,Normal,1. Nf3 { [%eval 0.17] } 1... e6 { [%eval 0.21] } 2. d4 { [%eval 0.09] } 2... d5 { [%eval 0.16] } 3. c4 { [%eval 0.14] } 3... Nf6 { [%eval 0.24] } 4. Qc2 { [%eval -0.03] } 4... Nbd7 { [%eval 0.16] } 5. Nc3 { [%eval 0.18] } 5... c6 { [%eval 0.13] } 6. e3 { [%eval 0.13] } 6... Bd6 { [%eval 0.13] } 7. Bd3 { [%eval 0.08] } 7... O-O { [%eval 0.17] } 8. O-O { [%eval 0.16] } 8... Qe7 { [%eval 0.35] } 9. Rd1 { [%eval 0.04] } 9... dxc4 { [%eval -0.08] } 10. Bxc4 { [%eval 0.03] } 10... h6 { [%eval 0.51] } 11. Bd3?! { [%eval 0.0] } 11... e5 { [%eval 0.0] } 12. Ne4 { [%eval -0.15] } 12... Nxe4 { [%eval -0.18] } 13. Bxe4 { [%eval -0.13] } 13... Nf6 { [%eval 0.2] } 14. dxe5 { [%eval 0.11] } 14... Bxe5 { [%eval 0.22] } 15. Nxe5 { [%eval 0.27] } 15... Qxe5 { [%eval 0.0] } 16. Bf3?! { [%eval -0.53] } 16... Bf5 { [%eval -0.06] } 17. Qe2 { [%eval -0.39] } 17... Rfd8 { [%eval -0.38] } 18. a3 { [%eval -0.47] } 18... Be4 { [%eval -0.44] } 19. Bxe4 { [%eval -0.33] } 19... Nxe4 { [%eval -0.32] } 20. Ra2? { [%eval -1.93] } 20... Qe6? { [%eval -0.8] } 21. b3?? { [%eval -8.72] } 21... Nc3 { [%eval -8.49] } 22. Rxd8+ { [%eval -8.53] } 22... Rxd8 { [%eval -8.25] } 23. Qd2? { [%eval -11.44] } 23... Rxd2 { [%eval -11.12] } 24. Rxd2 { [%eval -10.93] } 24... Qxb3 { [%eval -10.69] } 0-1,2768.5
 Bullet tournament ,chickencrossroad,AstanehChess,0-1,2016.07.19,22:42:22,2672,2732,-10.0,11.0,A04,Zukertort Opening: Slav Invitation,30+0,Normal,1. Nf3 c6 2. g3 d5 3. Bg2 Nf6 4. O-O g6 5. d3 Bg7 6. Nbd2 O-O 7. b3 Re8 8. Bb2 e5 9. Nxe5 Ng4 10. d4 Nxe5 11. dxe5 Nd7 12. f4 f6 13. exf6 Nxf6 14. e4 dxe4 15. Nxe4 Qxd1 16. Raxd1 Nxe4 17. Bxg7 Kxg7 18. Bxe4 Rxe4 19. Rd8 Kf7 20. Rfd1 Re8 21. R8d6 Bg4 22. R6d2 Bxd1 23. Rxd1 Re2 24. Rf1 Rxc2 25. Rf2 Rxf2 26. Kxf2 Rd8 27. Ke3 Rd5 28. Ke4 Ke6 29. Ke3 h6 30. g4 g5 31. f5+ Ke5 32. b4 Rd4 33. a4 Rxb4 34. Kf3 Rf4+ 35. Kg3 Rxa4 36. Kh3 Ra3+ 37. Kg2 Kf4 38. h3 Ra2+ 39. Kf1 Kg3 40. Ke1 Rf2 41. Kd1 Rf4 42. Kc1 0-1,2702.0
 Bullet tournament ,JaffaCakes,KyleKorver,0-1,2016.07.19,22:56:03,2559,2781,-6.0,6.0,A00,Hungarian Opening,30+0,Normal,1. g3 e6 2. Bg2 Nf6 3. Nf3 d5 4. O-O c6 5. e3 Nbd7 6. d4 Bd6 7. c4 e5 8. cxd5 cxd5 9. dxe5 Nxe5 10. Nxe5 Bxe5 11. Nc3 O-O 12. Nxd5 Be6 13. Nxf6+ Qxf6 14. Qe2 Rad8 15. h3 b6 16. Bd2 b5 17. Bc3 Bc4 18. Qe1 Bxf1 19. Qxf1 Bxc3 20. bxc3 Qxc3 21. Qb1 b4 22. Qc1 Rd2 23. Qxc3 bxc3 24. Rc1 Rc8 25. Kh2 Rxa2 26. Bf3 Rb2 27. Kg2 f5 28. Bd5+ Kf8 29. e4 c2 30. exf5 Rb1 31. Rxc2 Rxc2 32. Be4 Rbb2 33. Bxc2 Rxc2 34. g4 a5 35. Kg3 a4 36. f4 a3 37. h4 a2 38. g5 a1=Q 39. Kg4 Qd1+ 40. Kg3 Rc3+ 41. Kf2 Qd2+ 42. Kf1 Rc1# 0-1,2670.0
 Bullet tournament ,gnejs,AstanehChess,1/2-1/2,2016.07.19,22:56:49,2765,2688,-4.0,2.0,A15,"English Opening: Anglo-Indian Defense, King's Indian Formation",30+0,Normal,1. Nf3 Nf6 2. c4 g6 3. g3 Bg7 4. Bg2 O-O 5. O-O d5 6. cxd5 Nxd5 7. Nc3 Nxc3 8. bxc3 Nc6 9. Rb1 b6 10. d4 Bb7 11. Ne1 Na5 12. e4 e5 13. d5 c6 14. Be3 cxd5 15. exd5 Rc8 16. Rc1 Nc4 17. Nc2 Nd6 18. Nb4 Nc4 19. Nc6 Qd6 20. Bg5 Bxc6 21. dxc6 Qxd1 22. Rfxd1 Na5 23. Be7 Rfe8 24. Rd7 Nxc6 25. Bxc6 Rxc6 26. Rxa7 e4 27. Bb4 Rec8 28. Re1 Bxc3 29. Bxc3 Rxc3 30. Rxe4 Rc1+ 31. Kg2 R1c7 32. Rea4 Rxa7 33. Rxa7 Rb8 34. Ra4 b5 35. Rb4 Ra8 36. Rb2 Ra5 37. Rb3 Kg7 38. Rb4 Rxa2 39. Rb3 Ra5 40. Rb4 Ra4 41. Rb2 Ra5 42. Rb4 Ra6 43. Rb2 Rf6 44. Rxb5 Rf5 45. Rb3 Rf6 46. Rf3 Re6 47. Rd3 Rf6 48. Rd2 Rf5 49. Rd1 Rf6 50. Rf1 g5 51. Rg1 h6 52. Rf1 Kg6 53. h3 Kg7 54. h4 Kg6 55. hxg5 Kxg5 56. Rg1 Kg6 57. Rh1 Kg7 58. Rh2 Kg6 59. Rh3 Kg7 60. Rh4 Kg6 61. Rh3 Kg7 62. Rh4 Kg6 63. Rg4+ Kf5 64. Rh4 Kg6 1/2-1/2,2726.5
 Bullet tournament ,gnejs,KyleKorver,1-0,2016.07.19,22:58:09,2761,2789,16.0,-15.0,D37,Queen's Gambit Declined: Three Knights Variation,30+0,Normal,1. Nf3 { [%eval 0.16] } 1... e6 { [%eval 0.27] } 2. c4 { [%eval 0.17] } 2... d5 { [%eval 0.17] } 3. d4 { [%eval 0.17] } 3... Nf6 { [%eval 0.13] } 4. Nc3 { [%eval 0.27] } 4... Be7 { [%eval 0.18] } 5. e3 { [%eval 0.09] } 5... Nbd7 { [%eval 0.09] } 6. Qc2 { [%eval 0.2] } 6... O-O { [%eval 0.07] } 7. Bd3 { [%eval 0.01] } 7... c6 { [%eval 0.27] } 8. O-O { [%eval 0.29] } 8... b6 { [%eval 0.25] } 9. e4 { [%eval -0.01] } 9... h6?! { [%eval 0.79] } 10. e5 { [%eval 0.74] } 10... Ne8 { [%eval 0.94] } 11. Qe2 { [%eval 0.49] } 11... Bb7? { [%eval 1.51] } 12. Rd1?! { [%eval 0.58] } 12... Nc7 { [%eval 0.54] } 13. Bc2 { [%eval 0.55] } 13... Ba6? { [%eval 2.16] } 14. b3? { [%eval 0.52] } 14... b5? { [%eval 2.27] } 15. Qd3 { [%eval 2.23] } 15... f5?! { [%eval 2.92] } 16. exf6 { [%eval 2.64] } 16... Nxf6 { [%eval 2.6] } 17. Qe2? { [%eval -0.04] } 17... bxc4 { [%eval -0.04] } 18. bxc4 { [%eval -0.13] } 18... Bxc4 { [%eval -0.18] } 19. Qe1 { [%eval -0.39] } 19... Bd6?! { [%eval 0.23] } 20. Ne5 { [%eval 0.15] } 20... c5? { [%eval 2.15] } 21. Nxc4 { [%eval 2.07] } 21... dxc4? { [%eval 4.27] } 22. dxc5 { [%eval 4.1] } 22... Bxh2+ { [%eval 3.93] } 23. Kxh2 { [%eval 3.68] } 23... Ng4+? { [%eval 6.51] } 24. Kg3 { [%eval 6.45] } 24... Qe7 { [%eval 6.84] } 25. Kxg4 { [%eval 6.49] } 25... Nd5?? { [%eval 13.01] } 26. Nxd5 { [%eval 12.51] } 26... h5+ { [%eval 18.9] } 27. Kh3 { [%eval 18.61] } 27... Qf7 { [%eval 20.56] } 28. Qe4 { [%eval 14.49] } 28... g6 { [%eval 14.67] } 29. Nf4 { [%eval 14.66] } 29... Qf5+ { [%eval 14.74] } 30. Qxf5 { [%eval 14.55] } 30... gxf5 { [%eval 14.41] } 31. Ng6 { [%eval 14.0] } 31... e5 { [%eval 20.7] } 32. Nxf8 { [%eval 19.65] } 32... Rxf8 { [%eval 22.28] } 33. Bb3 { [%eval 13.95] } 33... Re8?! { [%eval #11] } 34. Bxc4+ { [%eval 28.39] } 1-0,2775.0
 Bullet tournament ,AstanehChess,KyleKorver,1/2-1/2,2016.07.19,22:59:19,2693,2774,3.0,-3.0,D12,"Slav Defense: Quiet Variation, Pin Defense",30+0,Normal,1. Nf3 { [%eval 0.17] } 1... c6 { [%eval 0.35] } 2. e3 { [%eval 0.37] } 2... d5 { [%eval 0.37] } 3. d4 { [%eval 0.27] } 3... Nf6 { [%eval 0.24] } 4. c4 { [%eval 0.29] } 4... Bg4 { [%eval 0.25] } 5. cxd5 { [%eval -0.03] } 5... cxd5 { [%eval -0.01] } 6. Be2 { [%eval -0.05] } 6... Nc6 { [%eval -0.06] } 7. Ne5 { [%eval -0.26] } 7... Bxe2 { [%eval -0.25] } 8. Qxe2 { [%eval -0.26] } 8... e6 { [%eval 0.0] } 9. Nc3 { [%eval -0.34] } 9... Bd6 { [%eval 0.07] } 10. Nxc6 { [%eval 0.0] } 10... bxc6 { [%eval -0.01] } 11. Qd3 { [%eval -0.25] } 11... O-O { [%eval -0.27] } 12. e4?! { [%eval -0.89] } 12... dxe4 { [%eval -0.87] } 13. Nxe4 { [%eval -0.86] } 13... Nxe4 { [%eval -0.83] } 14. Qxe4 { [%eval -0.91] } 14... e5?! { [%eval -0.21] } 15. O-O { [%eval -0.63] } 15... exd4 { [%eval -0.76] } 16. Rd1?! { [%eval -1.55] } 16... c5 { [%eval -1.44] } 17. g3 { [%eval -1.58] } 17... Re8 { [%eval -1.46] } 18. Qf3 { [%eval -1.63] } 18... Qd7?! { [%eval -1.12] } 19. Bf4?! { [%eval -1.69] } 19... Rad8 { [%eval -1.28] } 20. Bxd6 { [%eval -1.56] } 20... Qxd6 { [%eval -1.43] } 21. Rd2 { [%eval -1.52] } 21... Qd5 { [%eval -1.26] } 22. Qd3? { [%eval -2.49] } 22... c4 { [%eval -2.29] } 23. Qc2?! { [%eval -2.92] } 23... Qc5?! { [%eval -2.06] } 24. Rc1 { [%eval -1.95] } 24... Rc8 { [%eval -1.67] } 25. Rcd1 { [%eval -1.93] } 25... Red8? { [%eval -0.64] } 26. b3? { [%eval -2.58] } 26... d3? { [%eval 0.14] } 27. Qc3 { [%eval -0.1] } 27... cxb3 { [%eval 0.03] } 28. Qxc5 { [%eval -0.09] } 28... Rxc5 { [%eval -0.08] } 29. axb3?! { [%eval -0.94] } 29... Rc3 { [%eval -0.91] } 30. b4 { [%eval -0.98] } 30... Rb3 { [%eval -0.94] } 31. Ra2 { [%eval -1.15] } 31... Rxb4 { [%eval -0.75] } 32. Rxa7 { [%eval -0.71] } 32... d2?! { [%eval 0.06] } 33. Rxd2 { [%eval 0.06] } 33... Rb1+ { [%eval 0.13] } 34. Kg2 { [%eval 0.13] } 34... Rbb8 { [%eval 0.19] } 35. Rdd7 { [%eval 0.0] } 35... Rxd7 { [%eval 0.0] } 36. Rxd7 { [%eval 0.0] } 36... Rf8 { [%eval 0.07] } 37. Rd3 { [%eval 0.02] } 37... g6 { [%eval 0.05] } 38. Rf3 { [%eval 0.0] } 38... Kg7 { [%eval 0.0] } 39. h4 { [%eval 0.0] } 39... f6 { [%eval 0.0] } 40. Rf4 { [%eval 0.0] } 40... Rf7 { [%eval 0.0] } 41. Rf3 { [%eval 0.0] } 41... Rf8 { [%eval 0.0] } 42. Rf4 { [%eval 0.0] } 42... Rf7 { [%eval 0.02] } 43. Rf3 { [%eval 0.0] } 43... Rf8 { [%eval 0.02] } 1/2-1/2,2733.5
 Blitz ,Moro182,felipe111,1-0,2016.07.20,13:33:53,2631,2674,14.0,-12.0,E68,"King's Indian, Fianchetto, Classical Variation, 8.e4",300+3,Normal,1. d4 { [%eval 0.18] } 1... Nf6 { [%eval 0.17] } 2. Nf3 { [%eval 0.12] } 2... g6 { [%eval 0.47] } 3. g3 { [%eval 0.15] } 3... Bg7 { [%eval 0.12] } 4. Bg2 { [%eval 0.13] } 4... O-O { [%eval 0.18] } 5. O-O { [%eval 0.2] } 5... d6 { [%eval 0.36] } 6. c4 { [%eval 0.38] } 6... Nbd7 { [%eval 0.33] } 7. Nc3 { [%eval 0.3] } 7... e5 { [%eval 0.41] } 8. e4 { [%eval 0.34] } 8... c6 { [%eval 0.35] } 9. b3 { [%eval 0.32] } 9... Re8 { [%eval 0.27] } 10. h3 { [%eval 0.15] } 10... exd4 { [%eval 0.21] } 11. Nxd4 { [%eval 0.13] } 11... Nc5 { [%eval 0.09] } 12. Re1 { [%eval 0.04] } 12... a5 { [%eval 0.14] } 13. Bf4 { [%eval 0.04] } 13... Nh5 { [%eval 0.45] } 14. Be3 { [%eval 0.5] } 14... Nf6 { [%eval 0.49] } 15. Qc2 { [%eval 0.53] } 15... Qc7 { [%eval 0.68] } 16. Rad1 { [%eval 0.62] } 16... Bd7 { [%eval 0.7] } 17. Kh2 { [%eval 0.47] } 17... Rad8 { [%eval 0.39] } 18. a3 { [%eval 0.43] } 18... Bc8 { [%eval 0.66] } 19. Bf4 { [%eval 0.55] } 19... Nh5 { [%eval 0.75] } 20. Be3 { [%eval 0.7] } 20... Nf6 { [%eval 0.75] } 21. b4 { [%eval 0.69] } 21... axb4 { [%eval 0.77] } 22. axb4 { [%eval 0.74] } 22... Ne6 { [%eval 0.75] } 23. Rd2 { [%eval 0.27] } 23... h5 { [%eval 0.16] } 24. Red1 { [%eval 0.19] } 24... h4 { [%eval 0.1] } 25. Nxe6 { [%eval 0.14] } 25... Rxe6?! { [%eval 0.93] } 26. Bf4? { [%eval -0.2] } 26... Nh5 { [%eval -0.09] } 27. e5? { [%eval -1.58] } 27... hxg3+ { [%eval -1.51] } 28. fxg3 { [%eval -1.55] } 28... Nxf4 { [%eval -1.61] } 29. gxf4 { [%eval -1.46] } 29... g5? { [%eval 1.35] } 30. c5? { [%eval -0.53] } 30... d5 { [%eval -0.26] } 31. Bxd5 { [%eval -0.31] } 31... Rh6?? { [%eval 4.36] } 32. Bg2?? { [%eval -0.66] } 32... Rf8 { [%eval -0.57] } 33. Rd6 { [%eval -0.7] } 33... Be6? { [%eval 0.32] } 34. Qe4?! { [%eval -0.67] } 34... gxf4 { [%eval -0.77] } 35. Qxf4 { [%eval -0.94] } 35... Qe7?! { [%eval 0.03] } 36. Ne4 { [%eval 0.02] } 36... Qh4 { [%eval 0.02] } 37. Qxh4 { [%eval 0.05] } 37... Rxh4 { [%eval 0.16] } 38. Nf6+ { [%eval -0.1] } 38... Bxf6 { [%eval -0.13] } 39. exf6 { [%eval -0.13] } 39... Rxb4 { [%eval -0.07] } 40. R1d3?! { [%eval -0.59] } 40... Rf4 { [%eval -0.31] } 41. Rf3 { [%eval -0.31] } 41... Rxf3 { [%eval -0.31] } 42. Bxf3 { [%eval -0.29] } 42... Kh7 { [%eval -0.27] } 43. Bg4 { [%eval -0.52] } 43... Re8? { [%eval 1.01] } 44. Bxe6 { [%eval 1.09] } 44... Rxe6?? { [%eval 49.15] } 45. Rxe6 { [%eval 58.88] } 45... fxe6 { [%eval 123.36] } 46. Kg3 { [%eval 49.07] } 46... Kg6 { [%eval 49.03] } 47. Kf3 { [%eval 123.44] } 47... Kxf6 { [%eval 123.47] } 48. Ke4 { [%eval 120.89] } 48... Ke7 { [%eval 49.11] } 49. Ke5 { [%eval 48.87] } 49... b6?! { [%eval #15] } 50. cxb6 { [%eval #14] } 50... Kd7 { [%eval #15] } 51. h4 { [%eval #15] } 51... c5 { [%eval #14] } 52. h5 { [%eval #13] } 52... c4 { [%eval #13] } 53. Kd4 { [%eval #12] } 53... Kc6 { [%eval #11] } 54. Kxc4 { [%eval #10] } 54... e5 { [%eval #8] } 55. h6 { [%eval #7] } 1-0,2652.5
 Blitz ,jitanu76,Tilicheev_Viacheslav,1-0,2016.07.20,13:46:16,2777,2547,5.0,-5.0,E32,Nimzo-Indian Defense: Classical Variation,180+1,Normal,1. d4 Nf6 2. c4 e6 3. Nc3 Bb4 4. Qc2 O-O 5. e4 d5 6. e5 Ne4 7. a3 Bxc3+ 8. bxc3 c5 9. Bd3 cxd4 10. cxd4 Nc6 11. Ne2 f5 12. O-O Ng5 13. cxd5 exd5 14. Bxg5 Qxg5 15. f4 Qd8 16. g4 Qb6 17. gxf5 Nxd4 18. Nxd4 Qxd4+ 19. Kh1 Bd7 20. f6 gxf6 21. Bxh7+ Kh8 22. Rad1 Qa4 23. Qe2 Rf7 24. Bg6 Rg7 25. Qh5+ Kg8 26. exf6 1-0,2662.0
 Blitz ,felipe111,Moro182,0-1,2016.07.20,13:46:44,2662,2645,-12.0,13.0,A40,Horwitz Defense,300+3,Normal,1. d4 e6 2. Nf3 Nf6 3. g3 b6 4. Bg2 Bb7 5. O-O Be7 6. Nbd2 O-O 7. Re1 d5 8. b3 c5 9. Bb2 Nc6 10. c4 Rc8 11. cxd5 Nxd5 12. dxc5 Bxc5 13. a3 a5 14. Ne4 Be7 15. Nd4 Qd7 16. Rc1 Rfd8 17. Nxc6 Bxc6 18. Qd4 f6 19. Red1 Qb7 20. Ng5 Bc5 21. Rxc5 bxc5 22. Qg4 fxg5 23. Qxe6+ Kh8 24. Be4 Nf4 25. Rxd8+ Rxd8 0-1,2653.5
 Blitz ,bigsotos2420,jitanu76,0-1,2016.07.20,13:51:21,2554,2782,-4.0,6.0,A08,King's Indian Attack: Sicilian Variation,180+1,Normal,1. Nf3 d5 2. g3 c5 3. Bg2 g6 4. c4 d4 5. e3 Bg7 6. exd4 cxd4 7. d3 Nc6 8. O-O Nf6 9. Re1 O-O 10. Ne5 Nxe5 11. Rxe5 Nd7 12. Rb5 a6 13. Rb4 Nc5 14. g4 Bd7 15. Rxb7 Nxb7 16. Bxb7 Rb8 17. Bf3 f5 18. g5 e5 19. Bd5+ Kh8 20. f4 Qc7 21. Qf3 e4 22. dxe4 fxe4 23. Qxe4 d3 24. Nc3 Rxb2 25. Qxd3 Bf5 26. Qe3 Rc2 27. Bd2 Qa5 28. Ne4 Rxd2 29. Nxd2 Bxa1 30. Nb3 Qc3 31. Qe7 Qg7 0-1,2668.0
 Blitz ,jitanu76,bigsotos2420,0-1,2016.07.20,13:56:44,2788,2550,-20.0,17.0,D35,"Queen's Gambit Declined: Exchange Variation, Positional Variation",180+1,Normal,1. d4 d5 2. c4 e6 3. Nc3 Nf6 4. cxd5 exd5 5. Bg5 c6 6. e3 Be7 7. Bd3 h6 8. Bh4 O-O 9. Nge2 Ne4 10. Bxe7 Qxe7 11. Qc2 Bf5 12. Ng3 Nxg3 13. hxg3 Bxd3 14. Qxd3 Nd7 15. g4 Rfe8 16. O-O-O a5 17. Kb1 a4 18. Rde1 Nb6 19. f4 Nc4 20. g5 Qb4 21. Nd1 hxg5 22. Qh7+ Kf8 23. e4 Nd2+ 24. Kc2 Nxe4 25. Qh8+ Ke7 26. Qxg7 Kd7 27. Qxf7+ Re7 28. Qf5+ Kc7 29. Rh7 Qd2+ 30. Kb1 Qxe1 31. Rxe7+ Kb6 32. Qg4 gxf4 33. a3 Nd2+ 34. Ka2 Qxe7 0-1,2669.0
 Bullet ,opperwezen,Farmville,0-1,2016.07.20,14:01:32,2931,2461,-31.0,22.0,C48,"Four Knights Game: Spanish Variation, Classical Variation",60+0,Normal,1. e4 { [%eval 0.21] } 1... e5 { [%eval 0.32] } 2. Nc3 { [%eval 0.05] } 2... Nc6 { [%eval 0.18] } 3. Nf3 { [%eval 0.14] } 3... Nf6 { [%eval 0.11] } 4. Bb5 { [%eval 0.08] } 4... Bc5 { [%eval 0.03] } 5. d3 { [%eval -0.15] } 5... d6 { [%eval 0.19] } 6. h3 { [%eval 0.03] } 6... h6 { [%eval 0.11] } 7. Bxc6+ { [%eval 0.03] } 7... bxc6 { [%eval 0.05] } 8. O-O { [%eval 0.01] } 8... O-O { [%eval 0.03] } 9. Be3 { [%eval -0.09] } 9... Bxe3 { [%eval -0.09] } 10. fxe3 { [%eval -0.07] } 10... Rb8 { [%eval -0.05] } 11. b3 { [%eval -0.05] } 11... Re8 { [%eval -0.06] } 12. Qe1 { [%eval -0.1] } 12... d5 { [%eval -0.06] } 13. Qh4 { [%eval -0.39] } 13... dxe4?! { [%eval 0.21] } 14. Nxe4 { [%eval 0.21] } 14... Nxe4 { [%eval 0.23] } 15. Qxe4 { [%eval 0.23] } 15... Qd5 { [%eval 0.22] } 16. Nd2 { [%eval 0.19] } 16... f5 { [%eval 0.35] } 17. Qh4 { [%eval 0.08] } 17... e4 { [%eval 0.13] } 18. d4 { [%eval -0.26] } 18... c5 { [%eval -0.19] } 19. c3?! { [%eval -0.87] } 19... cxd4 { [%eval -0.74] } 20. exd4?! { [%eval -1.37] } 20... c5 { [%eval -1.13] } 21. Nc4 { [%eval -1.31] } 21... cxd4 { [%eval -1.29] } 22. cxd4 { [%eval -1.25] } 22... Qxd4+ { [%eval -1.24] } 23. Kh1 { [%eval -1.24] } 23... Ba6 { [%eval -1.34] } 24. Rad1 { [%eval -1.48] } 24... Qc5 { [%eval -1.44] } 25. Rc1 { [%eval -1.5] } 25... Bxc4 { [%eval -1.54] } 26. Rxc4 { [%eval -1.56] } 26... Qe5 { [%eval -1.54] } 27. Qh5 { [%eval -1.94] } 27... Rf8 { [%eval -1.79] } 28. Rc6 { [%eval -1.85] } 28... e3 { [%eval -1.81] } 29. Qe2 { [%eval -1.82] } 29... Rbd8 { [%eval -1.78] } 30. Rc2 { [%eval -2.15] } 30... f4 { [%eval -2.07] } 31. Qc4+?! { [%eval -2.61] } 31... Kh8 { [%eval -2.44] } 32. Re2? { [%eval -4.14] } 32... Rd2 { [%eval -3.74] } 33. Rfe1? { [%eval -6.63] } 33... Rxe2 { [%eval -6.39] } 34. Qxe2 { [%eval -5.96] } 34... Qe4?? { [%eval -2.36] } 35. Rf1?! { [%eval -2.93] } 35... Rd8 { [%eval -3.08] } 36. Qg4? { [%eval -5.14] } 36... Qd3? { [%eval -2.61] } 37. Rxf4?? { [%eval -7.89] } 37... Qd1+ { [%eval -7.48] } 38. Kh2 { [%eval -7.08] } 38... Qxg4?? { [%eval -0.31] } 39. Rxg4?? { [%eval -10.98] } 39... Re8 { [%eval -8.1] } 0-1,2696.0
 Blitz ,bigsotos2420,jitanu76,1/2-1/2,2016.07.20,14:02:40,2567,2768,6.0,-6.0,A08,King's Indian Attack: Sicilian Variation,180+1,Normal,1. Nf3 d5 2. g3 c5 3. Bg2 g6 4. d4 cxd4 5. Nxd4 Bg7 6. O-O e5 7. Nb3 Ne7 8. c4 d4 9. e3 O-O 10. exd4 exd4 11. Na3 Nbc6 12. Bf4 h6 13. Nb5 a6 14. Nc7 Ra7 15. Nd5 Be6 16. Bc7 Qd7 17. Bb6 Raa8 18. Nxd4 Nxd5 19. cxd5 Bxd5 20. Nxc6 Qxc6 21. Qxd5 Qxb6 22. Qxb7 Qxb7 23. Bxb7 Ra7 24. Bd5 Rd8 25. Bb3 Bxb2 26. Rad1 Rad7 27. Rxd7 Rxd7 28. Rd1 Rxd1+ 29. Bxd1 1/2-1/2,2667.5
 Bullet ,Farmville,opperwezen,0-1,2016.07.20,14:03:31,2483,2900,-2.0,3.0,C41,Philidor Defense: Lion Variation,60+0,Normal,1. e4 d6 2. d4 Nf6 3. Nc3 e5 4. Nf3 Nbd7 5. Bc4 Be7 6. O-O O-O 7. a4 c6 8. Bg5 b6 9. Re1 Bb7 10. Bh4 a6 11. d5 c5 12. Qd2 Re8 13. Nd1 Nf8 14. Bxf6 Bxf6 15. Ne3 g6 16. h3 Bc8 17. Nh2 h5 18. Qe2 Bg5 19. Nef1 h4 20. Nf3 Bf4 21. g3 hxg3 22. fxg3 Bh6 23. Kg2 Nh7 24. Ng1 f5 25. exf5 gxf5 26. Qf2 Nf6 27. Be2 Ra7 28. Rad1 Rg7 29. Kh1 Kh8 30. c4 Reg8 31. Rd3 Ne4 32. Qh2 Qf6 33. Bd1 Bd7 34. g4 b5 35. gxf5 Rxg1+ 36. Qxg1 Rxg1+ 37. Kxg1 Qxf5 38. Rf3 Qg6+ 39. Kh1 Ng5 40. Rg3 Bxh3 41. Nh2 bxc4 42. Bg4 Bxg4 43. Rxg4 Qf5 44. Rxc4 Nf3 45. Nxf3 Qxf3+ 46. Kg1 Be3+ 47. Kh2 Qf2+ 0-1,2691.5
 Blitz ,jitanu76,bigsotos2420,1/2-1/2,2016.07.20,14:05:38,2762,2573,-6.0,5.0,D35,Queen's Gambit Declined: Harrwitz Attack,180+1,Normal,1. d4 d5 2. c4 e6 3. Nc3 Nf6 4. Bf4 dxc4 5. e3 b5 6. Nxb5 Bb4+ 7. Nc3 Nd5 8. Ne2 Ba6 9. a3 Bd6 10. Bg3 O-O 11. e4 Nb6 12. Nf4 Nc6 13. Nh5 Bxg3 14. hxg3 Nxd4 15. Nxg7 Kxg7 16. Qg4+ Kh8 17. O-O-O Nb3+ 18. Kc2 Qf6 19. Bxc4 Bxc4 20. Rxh7+ Kxh7 21. Rh1+ Qh6 22. Rxh6+ Kxh6 23. Qh4+ Kg6 24. Qg4+ Kh6 25. Qh4+ Kg6 26. Qg4+ Kh6 1/2-1/2,2667.5
 Blitz ,bigsotos2420,jitanu76,0-1,2016.07.20,14:10:39,2578,2756,-6.0,7.0,E04,Catalan Opening: Open Defense,180+1,Normal,1. d4 d5 2. Nf3 Nf6 3. c4 e6 4. g3 dxc4 5. Bg2 c5 6. O-O Nc6 7. Ne5 Bd7 8. Nxc4 cxd4 9. Bf4 Be7 10. Nd6+ Kf8 11. Nxb7 Qb6 12. Nd6 Qxb2 13. Nd2 Qb4 14. Rb1 Qc5 15. Rb5 Qa3 16. N2c4 Qa6 17. Rb7 Rd8 18. Qb3 Nd5 19. Qb5 Qxb5 20. Nxb5 Bc8 21. Rxe7 Kxe7 22. Bd6+ Kd7 23. Rd1 Ba6 24. a4 Nc3 25. Bxc6+ Kxc6 26. Ne5+ Kb7 27. Nxc3 dxc3 28. Nxf7 Rd7 29. Nxh8 Rxd6 30. Rb1+ Kc7 31. Rc1 Rc6 32. Nf7 Bxe2 33. Ne5 Rc5 34. f4 c2 35. Kf2 Bd1 36. Ke3 Kd6 37. Kd2 Kd5 38. Ra1 g5 39. Nd3 gxf4 40. gxf4 Rc4 41. Nf2 Rxf4 42. Nxd1 cxd1=Q+ 43. Rxd1 Rd4+ 44. Kc2 Rxd1 45. Kxd1 Kd4 46. Kd2 e5 47. a5 a6 48. Ke2 h5 49. h4 e4 50. Kd2 e3+ 51. Ke2 Ke4 52. Ke1 Kf3 53. Kf1 Kg3 54. Ke2 Kxh4 55. Kxe3 Kg4 56. Kd4 h4 57. Kc5 h3 58. Kb6 h2 59. Kxa6 h1=Q 60. Ka7 Qc6 61. a6 Kf5 62. Kb8 Qxa6 0-1,2667.0
 Blitz ,Auroral,felipe111,1-0,2016.07.20,21:13:51,2692,2678,15.0,-11.0,B01,Scandinavian Defense: Gubinsky-Melts Defense,300+3,Normal,1. e4 { [%eval 0.33] } 1... d5 { [%eval 0.64] } 2. exd5 { [%eval 0.69] } 2... Qxd5 { [%eval 0.68] } 3. Nc3 { [%eval 0.72] } 3... Qd6 { [%eval 0.7] } 4. d4 { [%eval 0.63] } 4... Nf6 { [%eval 0.65] } 5. Nf3 { [%eval 0.56] } 5... c6 { [%eval 0.65] } 6. Bd3 { [%eval 0.49] } 6... Bg4 { [%eval 0.48] } 7. Be3 { [%eval 0.34] } 7... Nbd7 { [%eval 0.4] } 8. h3 { [%eval 0.33] } 8... Bxf3 { [%eval 0.71] } 9. Qxf3 { [%eval 0.84] } 9... e5?! { [%eval 1.39] } 10. O-O-O { [%eval 1.1] } 10... exd4?! { [%eval 1.89] } 11. Bf4? { [%eval 0.55] } 11... Qb4?! { [%eval 1.31] } 12. Ne4 { [%eval 1.14] } 12... O-O-O { [%eval 1.46] } 13. Nxf6 { [%eval 1.34] } 13... Nxf6? { [%eval 2.39] } 14. Bf5+ { [%eval 2.29] } 14... Nd7 { [%eval 2.14] } 15. Rhe1 { [%eval 1.88] } 15... Qa5?? { [%eval 4.94] } 16. Qg4? { [%eval 3.08] } 16... g6?? { [%eval 14.37] } 17. Bxd7+ { [%eval 14.13] } 17... Rxd7 { [%eval 14.09] } 18. Re8+ { [%eval 13.93] } 1-0,2685.0
 Blitz ,felipe111,Auroral,0-1,2016.07.20,21:16:07,2667,2707,-11.0,13.0,A38,"English Opening: Symmetrical Variation, Duchamp Variation",300+3,Normal,1. c4 { [%eval -0.02] } 1... g6?! { [%eval 0.54] } 2. Nc3 { [%eval 0.37] } 2... c5 { [%eval 0.45] } 3. g3 { [%eval 0.07] } 3... Nf6 { [%eval 0.31] } 4. Bg2 { [%eval 0.36] } 4... Nc6 { [%eval 0.32] } 5. Nf3 { [%eval 0.24] } 5... Bg7 { [%eval 0.28] } 6. O-O { [%eval 0.42] } 6... O-O { [%eval 0.2] } 7. d3 { [%eval 0.03] } 7... d6 { [%eval 0.13] } 8. h3 { [%eval -0.07] } 8... Bd7 { [%eval -0.05] } 9. Kh2 { [%eval -0.16] } 9... a6 { [%eval -0.21] } 10. a3 { [%eval -0.15] } 10... Rb8 { [%eval -0.18] } 11. Rb1 { [%eval -0.08] } 11... b5 { [%eval -0.05] } 12. cxb5 { [%eval -0.12] } 12... axb5 { [%eval -0.19] } 13. b4 { [%eval -0.17] } 13... Ne8 { [%eval -0.09] } 14. Bd2 { [%eval -0.09] } 14... Nc7 { [%eval 0.05] } 15. Ne1?! { [%eval -0.62] } 15... cxb4 { [%eval -0.24] } 16. axb4 { [%eval -0.26] } 16... Ra8 { [%eval -0.18] } 17. Nc2 { [%eval -0.21] } 17... Ra6 { [%eval -0.23] } 18. f4 { [%eval -0.27] } 18... e5 { [%eval -0.07] } 19. Ne4 { [%eval -0.26] } 19... exf4 { [%eval -0.21] } 20. Bxf4 { [%eval -0.25] } 20... Ne5 { [%eval -0.25] } 21. Ne3 { [%eval -0.19] } 21... Ne6 { [%eval -0.16] } 22. Nd5 { [%eval -0.17] } 22... Nxf4 { [%eval -0.24] } 23. gxf4 { [%eval -0.56] } 23... Nc6 { [%eval -0.74] } 24. Nxd6 { [%eval -0.98] } 24... Be6?! { [%eval -0.39] } 25. Nb7 { [%eval -0.4] } 25... Qh4?! { [%eval 0.12] } 26. Nc5?! { [%eval -0.68] } 26... Ra7?! { [%eval -0.09] } 27. e3?! { [%eval -0.98] } 27... Bxh3 { [%eval -0.95] } 28. Bxh3?? { [%eval #-5] } 28... Ra2+ { [%eval #-4] } 0-1,2687.0
 Bullet tournament ,CrushKing,KyleKorver,0-1,2016.07.20,21:17:26,2519,2782,-6.0,5.0,A04,Zukertort Opening: Queen's Gambit Invitation,30+0,Normal,1. Nf3 e6 2. g3 d5 3. Bg2 Nf6 4. O-O c6 5. Ne1 Nbd7 6. d3 h5 7. c3 h4 8. Nc2 hxg3 9. fxg3 Ng4 10. Be3 Nxe3 11. Nxe3 Qg5 12. Nc2 Qh6 13. h4 Bd6 14. Qe1 g5 15. Bh3 gxh4 16. g4 Bg3 17. Qd1 Ne5 18. e4 Rg8 19. d4 Nxg4 20. Bxg4 e5 21. Bxc8 Rxc8 22. Kh1 h3 23. Qf3 Bf4 24. Nba3 Rg3 25. Qf2 Rg2 26. Qxg2 hxg2+ 27. Kxg2 Qh2+ 28. Kf3 Ke7 29. Rf2 Qg3+ 30. Ke2 Rh8 31. Raf1 Rh3 32. exd5 Qd3+ 33. Ke1 Bg3 34. d6+ Kd8 35. Nc4 Bxf2+ 36. Rxf2 Rh1+ 37. Rf1 Rxf1# 0-1,2650.5
 Bullet tournament ,TwelveTeen,KyleKorver,0-1,2016.07.20,21:29:38,2516,2785,-5.0,6.0,A00,Hungarian Opening: Catalan Formation,30+0,Normal,1. g3 { [%eval -0.3] } 1... e6 { [%eval -0.02] } 2. Bg2 { [%eval -0.02] } 2... d5 { [%eval 0.08] } 3. d3 { [%eval -0.24] } 3... Nf6 { [%eval -0.23] } 4. Nc3 { [%eval -0.29] } 4... Nbd7 { [%eval 0.07] } 5. Bd2 { [%eval -0.03] } 5... c6 { [%eval -0.01] } 6. e4 { [%eval -0.12] } 6... Bd6 { [%eval -0.09] } 7. f4 { [%eval -0.15] } 7... e5 { [%eval -0.13] } 8. Qe2 { [%eval -0.41] } 8... O-O { [%eval -0.32] } 9. Nf3 { [%eval -0.5] } 9... exf4?! { [%eval 0.15] } 10. gxf4 { [%eval 0.29] } 10... dxe4 { [%eval 0.58] } 11. dxe4 { [%eval 0.71] } 11... Bb4 { [%eval 0.74] } 12. O-O-O { [%eval 0.66] } 12... Qa5?! { [%eval 1.28] } 13. Kb1 { [%eval 1.19] } 13... Qb6 { [%eval 1.48] } 14. e5 { [%eval 1.52] } 14... Bxc3 { [%eval 1.52] } 15. Bxc3 { [%eval 1.64] } 15... Nd5 { [%eval 1.82] } 16. Bd4 { [%eval 1.39] } 16... Qb4?! { [%eval 2.12] } 17. c3?! { [%eval 1.32] } 17... Qe7 { [%eval 1.75] } 18. Ng5? { [%eval -0.95] } 18... Nxf4 { [%eval -0.89] } 19. Qe4?? { [%eval -4.03] } 19... Qxg5 { [%eval -3.78] } 20. Bf3? { [%eval -4.87] } 20... Nc5 { [%eval -4.71] } 21. Bxc5? { [%eval -7.21] } 21... Bf5 { [%eval -6.98] } 22. Rdg1?? { [%eval -12.24] } 22... Bxe4+ { [%eval -11.89] } 23. Bxe4 { [%eval -12.0] } 23... Qxe5 { [%eval -11.61] } 24. Bd4 { [%eval -14.18] } 24... Qxe4+ { [%eval -14.12] } 25. Ka1 { [%eval -13.96] } 25... Ng6 { [%eval -13.81] } 26. h4 { [%eval -14.47] } 26... h5 { [%eval -14.04] } 27. Rh2 { [%eval -14.89] } 27... Rfe8 { [%eval -14.58] } 28. Rhg2?! { [%eval #-2] } 28... Qxg2?! { [%eval -24.02] } 0-1,2650.5
 Bullet tournament ,Seppo,KyleKorver,1-0,2016.07.20,21:33:35,2561,2751,21.0,-23.0,A40,Horwitz Defense,30+0,Normal,1. d4 { [%eval 0.12] } 1... e6 { [%eval 0.27] } 2. g3 { [%eval -0.03] } 2... d5 { [%eval -0.09] } 3. Bg2 { [%eval -0.17] } 3... Nf6 { [%eval -0.04] } 4. Nf3 { [%eval 0.0] } 4... Nbd7 { [%eval 0.0] } 5. O-O { [%eval 0.01] } 5... c6 { [%eval 0.13] } 6. c4 { [%eval 0.13] } 6... Bd6 { [%eval 0.28] } 7. cxd5?! { [%eval -0.22] } 7... exd5 { [%eval -0.24] } 8. Nc3 { [%eval -0.22] } 8... O-O { [%eval -0.14] } 9. Bf4 { [%eval -0.32] } 9... Bxf4 { [%eval -0.27] } 10. gxf4 { [%eval -0.34] } 10... Ne4?! { [%eval 0.29] } 11. Ne5?! { [%eval -0.4] } 11... Nxc3 { [%eval -0.43] } 12. bxc3 { [%eval -0.56] } 12... f6?! { [%eval 0.03] } 13. Nxd7 { [%eval -0.07] } 13... Bxd7 { [%eval -0.2] } 14. e3 { [%eval -0.28] } 14... Re8 { [%eval -0.15] } 15. Rb1 { [%eval -0.31] } 15... Bf5?! { [%eval 0.63] } 16. Rxb7 { [%eval 0.6] } 16... Rc8?! { [%eval 1.32] } 17. Qb3 { [%eval 0.99] } 17... Kh8?! { [%eval 1.91] } 18. Qa3?! { [%eval 0.94] } 18... a5 { [%eval 0.89] } 19. Qb3 { [%eval 0.55] } 19... c5? { [%eval 2.23] } 20. Qxd5 { [%eval 2.24] } 20... cxd4?? { [%eval 5.82] } 21. cxd4?? { [%eval 2.31] } 21... Rc2?? { [%eval 7.5] } 22. Qxd8?? { [%eval 2.15] } 22... Rxd8 { [%eval 2.31] } 23. Rfb1 { [%eval 2.22] } 23... Rxa2?? { [%eval 6.05] } 24. Rb8 { [%eval 5.84] } 24... Rc8?! { [%eval 6.37] } 25. Rxc8+?! { [%eval 5.5] } 25... Bxc8 { [%eval 5.43] } 26. Rb8 { [%eval 5.15] } 26... Rc2? { [%eval 6.28] } 27. Bb7 { [%eval 5.87] } 27... Rc1+ { [%eval 6.34] } 28. Kg2 { [%eval 6.09] } 28... a4? { [%eval 7.31] } 29. Bxc8 { [%eval 7.07] } 29... h5? { [%eval #2] } 30. Bd7+? { [%eval 8.79] } 30... Kh7 { [%eval 8.68] } 31. Bxa4 { [%eval 8.32] } 31... Rc4? { [%eval 12.02] } 32. Bd7? { [%eval 7.99] } 32... Kh6? { [%eval 64.57] } 33. Be6 { [%eval 56.18] } 33... g6?! { [%eval #9] } 34. Bxc4 { [%eval #9] } 1-0,2656.0
 Bullet tournament ,Seppo,KyleKorver,0-1,2016.07.20,21:39:57,2593,2751,-8.0,9.0,A00,Hungarian Opening: Catalan Formation,30+0,Normal,1. g3 { [%eval -0.1] } 1... e6 { [%eval -0.05] } 2. Bg2 { [%eval -0.11] } 2... d5 { [%eval -0.07] } 3. Nf3 { [%eval -0.16] } 3... Nf6 { [%eval -0.18] } 4. O-O { [%eval -0.1] } 4... Nbd7 { [%eval 0.09] } 5. c4 { [%eval -0.1] } 5... Bd6 { [%eval 0.37] } 6. d4 { [%eval 0.14] } 6... c6 { [%eval 0.12] } 7. Nc3 { [%eval 0.0] } 7... O-O { [%eval 0.17] } 8. Ne5? { [%eval -1.18] } 8... Nxe5 { [%eval -1.16] } 9. dxe5 { [%eval -1.24] } 9... Bxe5 { [%eval -1.19] } 10. cxd5 { [%eval -1.42] } 10... exd5 { [%eval -1.36] } 11. Bf4 { [%eval -1.79] } 11... Re8?! { [%eval -1.09] } 12. Bxe5 { [%eval -1.1] } 12... Rxe5 { [%eval -1.1] } 13. e3 { [%eval -1.13] } 13... Qe7 { [%eval -1.09] } 14. Ne2 { [%eval -1.16] } 14... Bg4 { [%eval -1.28] } 15. Qc2 { [%eval -1.57] } 15... Bxe2 { [%eval -1.62] } 16. Qxe2 { [%eval -1.6] } 16... d4 { [%eval -1.51] } 17. Rfe1 { [%eval -1.81] } 17... dxe3 { [%eval -1.49] } 18. fxe3 { [%eval -1.87] } 18... Re8 { [%eval -1.8] } 19. e4 { [%eval -2.0] } 19... Nxe4 { [%eval -1.8] } 20. Bxe4?! { [%eval -2.56] } 20... Rxe4 { [%eval -2.53] } 21. Qxe4 { [%eval -2.3] } 21... Qxe4 { [%eval -1.84] } 22. Rxe4 { [%eval -1.82] } 22... Rxe4 { [%eval -1.83] } 23. Kf2 { [%eval -2.2] } 23... f5 { [%eval -1.95] } 24. Rd1 { [%eval -1.93] } 24... Re6? { [%eval -0.62] } 25. Rd7 { [%eval -0.62] } 25... b5 { [%eval -0.36] } 26. Rxa7 { [%eval -0.53] } 26... h6 { [%eval -0.13] } 27. Kf3 { [%eval -0.41] } 27... Kh7 { [%eval -0.25] } 28. Kf4?! { [%eval -0.84] } 28... Kg6 { [%eval -0.82] } 29. h4 { [%eval -1.27] } 29... Re4+ { [%eval -1.27] } 30. Kf3 { [%eval -1.2] } 30... Rc4?! { [%eval -0.59] } 31. b3 { [%eval -0.66] } 31... Rc2 { [%eval -0.66] } 32. Rc7 { [%eval -0.8] } 32... Kh5?! { [%eval -0.04] } 33. Kf4? { [%eval -1.65] } 33... g6?! { [%eval -1.05] } 34. Rf7? { [%eval -3.44] } 34... Rxa2 { [%eval -2.99] } 35. Re7?? { [%eval -6.24] } 35... Rf2+ { [%eval -5.78] } 36. Ke3 { [%eval -6.05] } 36... Rb2 { [%eval -5.63] } 37. Kf4?! { [%eval -6.24] } 37... Rxb3 { [%eval -5.88] } 38. Re5? { [%eval -7.25] } 38... Rb4+ { [%eval -6.81] } 39. Kf3 { [%eval -6.38] } 39... Rg4?! { [%eval -5.86] } 40. Re6 { [%eval -5.32] } 40... b4? { [%eval -2.82] } 41. Rxc6 { [%eval -1.96] } 41... b3? { [%eval -0.64] } 42. Rb6 { [%eval -0.64] } 42... Re4 { [%eval -0.64] } 43. Rb5 { [%eval -0.64] } 43... g5 { [%eval -0.64] } 44. hxg5 { [%eval -0.41] } 44... Kxg5 { [%eval -0.24] } 45. Rxf5+?? { [%eval #-7] } 45... Kxf5 { [%eval #-6] } 46. g4+ { [%eval #-6] } 46... Rxg4 { [%eval #-5] } 47. Ke3 { [%eval #-5] } 47... Kg5?! { [%eval #-6] } 48. Kd3 { [%eval #-6] } 48... h5 { [%eval #-7] } 49. Kc3 { [%eval #-7] } 49... h4 { [%eval #-6] } 50. Kb2 { [%eval #-6] } 50... h3 { [%eval #-5] } 51. Kxb3 { [%eval #-5] } 51... h2 { [%eval #-4] } 52. Ka3 { [%eval #-4] } 52... h1=Q { [%eval #-3] } 53. Ka2 { [%eval #-3] } 53... Qh3 { [%eval #-2] } 54. Ka1 { [%eval #-2] } 54... Rg2 { [%eval #-1] } 55. Kb1 { [%eval #-1] } 55... Qh1# 0-1,2672.0
 Bullet tournament ,KyleKorver,chickencrossroad,0-1,2016.07.20,21:42:34,2734,2583,-21.0,18.0,A43,Old Benoni Defense,30+0,Normal,1. d4 c5 2. Nf3 cxd4 3. g3 e5 4. Bg2 Nc6 5. O-O Nf6 6. c3 dxc3 7. Nxc3 d6 8. Bg5 Be7 9. e4 O-O 10. Qc2 Bg4 11. Rad1 Bxf3 12. Bxf3 Nd4 13. Qd3 Nxf3+ 14. Qxf3 Rc8 15. Bxf6 Bxf6 16. Nd5 Be7 17. b3 Rc6 18. Rd3 Qd7 19. Rfd1 Rd8 20. Ne3 Qe6 21. Nf5 Bf8 22. Qg4 g6 23. Ne3 Qxg4 24. Nxg4 Kg7 25. Ne3 Be7 26. Nc4 Rdc8 27. Kg2 b5 28. Ne3 Rc3 29. Nd5 Rxd3 30. Rxd3 Bf8 31. Nc3 b4 32. Nd5 a5 33. Nb6 Rc6 34. Nc4 f5 35. f3 Kf6 36. Rd4 exd4 37. Kf2 fxe4 38. Nd2 e3+ 39. Ke2 exd2 40. Kxd2 a4 41. Kd3 axb3 42. axb3 Rc3+ 43. Kxd4 Rxb3 44. Kd5 Rxf3 45. Kc4 b3 46. Kb4 b2 47. Kc4 b1=Q 48. Kd5 Rd3+ 49. Kc6 Qc2+ 50. Kd7 Qc5 51. g4 Qb5+ 52. Kd8 d5 53. h4 Rc3 54. g5+ Kg7 55. h5 Qb8+ 56. Kd7 Qc7+ 57. Ke6 Qd6# 0-1,2658.5
 Bullet tournament ,Seppo,KyleKorver,0-1,2016.07.20,21:47:18,2603,2703,-9.0,10.0,C00,French Defense: Steiner Variation,30+0,Normal,1. e4 { [%eval 0.22] } 1... e6 { [%eval 0.3] } 2. c4 { [%eval -0.02] } 2... d5 { [%eval 0.0] } 3. cxd5 { [%eval -0.06] } 3... exd5 { [%eval -0.07] } 4. exd5 { [%eval -0.15] } 4... Nf6 { [%eval -0.14] } 5. Nc3 { [%eval -0.15] } 5... g6? { [%eval 0.93] } 6. Nf3?! { [%eval 0.33] } 6... Bg7 { [%eval 0.71] } 7. Bc4 { [%eval 0.46] } 7... O-O { [%eval 0.67] } 8. O-O { [%eval 0.66] } 8... Nbd7 { [%eval 0.63] } 9. a3 { [%eval 0.27] } 9... Nb6 { [%eval 0.23] } 10. Ba2 { [%eval -0.1] } 10... Nbxd5 { [%eval -0.18] } 11. d4 { [%eval -0.14] } 11... Be6 { [%eval -0.1] } 12. Re1 { [%eval -0.14] } 12... c6 { [%eval -0.01] } 13. Ne5 { [%eval -0.26] } 13... Nxc3 { [%eval -0.02] } 14. bxc3 { [%eval -0.14] } 14... Bxa2 { [%eval -0.07] } 15. Rxa2 { [%eval -0.05] } 15... Nd5 { [%eval -0.2] } 16. Bd2 { [%eval -0.19] } 16... Re8 { [%eval -0.13] } 17. Rb2 { [%eval -0.24] } 17... Qc7 { [%eval -0.17] } 18. Nf3 { [%eval -0.34] } 18... Rxe1+ { [%eval -0.27] } 19. Nxe1 { [%eval -0.26] } 19... Re8 { [%eval -0.22] } 20. Nf3 { [%eval -0.21] } 20... Qe7 { [%eval -0.08] } 21. c4 { [%eval -0.21] } 21... Nb6 { [%eval -0.17] } 22. c5?! { [%eval -0.94] } 22... Nd5?! { [%eval -0.17] } 23. Qb3? { [%eval -2.16] } 23... b5? { [%eval -0.19] } 24. cxb6 { [%eval -0.14] } 24... axb6 { [%eval -0.17] } 25. g3?! { [%eval -0.77] } 25... Qf6?! { [%eval -0.18] } 26. Qc4?? { [%eval -8.81] } 26... Qxf3 { [%eval -8.38] } 27. Qxc6? { [%eval -13.09] } 27... Rd8?? { [%eval -4.01] } 28. Rxb6?? { [%eval #-10] } 28... Bxd4 { [%eval #-9] } 29. Be1 { [%eval #-13] } 29... Bxb6 { [%eval #-12] } 30. a4 { [%eval #-9] } 30... Bxf2+?! { [%eval -51.72] } 31. Bxf2 { [%eval -50.87] } 31... Rb8 { [%eval -50.8] } 32. Qc2 { [%eval -12.43] } 32... Nf6 { [%eval -11.59] } 33. Qd2?! { [%eval #-7] } 33... Ng4? { [%eval -9.44] } 34. h3? { [%eval #-4] } 34... Qxf2+?! { [%eval -54.95] } 35. Qxf2 { [%eval -55.56] } 35... Nxf2 { [%eval -50.35] } 36. Kxf2 { [%eval -55.56] } 36... Ra8 { [%eval -54.87] } 37. Kf3 { [%eval -54.95] } 37... Rxa4 { [%eval -47.26] } 38. h4 { [%eval -55.84] } 38... Ra3+ { [%eval -55.95] } 39. Kg4 { [%eval -55.7] } 39... Ra4+ { [%eval -50.99] } 40. Kg5?! { [%eval #-2] } 40... Kg7 { [%eval #-1] } 41. g4 { [%eval #-1] } 41... h6# 0-1,2653.0
 Bullet tournament ,chickencrossroad,KyleKorver,1-0,2016.07.20,21:56:42,2629,2693,15.0,-17.0,D05,Colle System #2,30+0,Normal,1. Nf3 e6 2. d4 d5 3. e3 Nf6 4. Bd3 Nbd7 5. O-O Bd6 6. b3 b6 7. Bb2 Bb7 8. Nbd2 Ne4 9. c4 f5 10. Ne5 Nxe5 11. dxe5 Be7 12. f3 Nxd2 13. Qxd2 O-O 14. f4 dxc4 15. bxc4 Bc5 16. Qe2 Qe7 17. Rad1 Rfd8 18. Bc2 a5 19. Ba4 Be4 20. Bd4 Bxd4 21. exd4 c5 22. d5 exd5 23. cxd5 Kh8 24. d6 Qb7 25. Bc2 Bc6 26. Bxf5 b5 27. Qh5 c4 28. Qxh7# 1-0,2661.0
 Bullet tournament ,KyleKorver,chickencrossroad,0-1,2016.07.20,21:59:21,2691,2650,-16.0,14.0,D02,Queen's Pawn Game: Zukertort Variation,30+0,Normal,1. d4 d5 2. Nf3 c6 3. g3 Nf6 4. Bg2 e6 5. O-O Be7 6. Nc3 O-O 7. Re1 Nbd7 8. e4 dxe4 9. Nxe4 Nxe4 10. Rxe4 Nf6 11. Re1 c5 12. c3 cxd4 13. Nxd4 Qc7 14. Qb3 a6 15. Bf4 Bd6 16. Bxd6 Qxd6 17. Rad1 Qc7 18. Nc2 Rb8 19. Nb4 a5 20. Nd3 b5 21. Rc1 Bb7 22. Bxb7 Qxb7 23. c4 bxc4 24. Qxb7 Rxb7 25. Rxc4 Rd8 26. Rec1 h5 27. Nc5 Rxb2 28. Ra4 Rdd2 29. Rf1 Rxa2 30. Rxa2 Rxa2 31. Nb3 a4 32. Nd4 a3 33. Nb5 Nd5 34. Rc1 g6 35. Rc8+ Kg7 36. Nd6 Ra1+ 37. Kg2 a2 38. h4 Rb1 39. Ne8+ Kh7 40. Nd6 a1=Q 41. Nxf7 Rg1+ 42. Kf3 Qd1+ 43. Ke4 Qe2+ 44. Kd4 Rd1+ 45. Kc5 Qc2+ 46. Kd6 Qxc8 47. Ng5+ Kg7 48. Ne4 Nf6+ 49. Ke5 Nxe4 50. Kf4 Qc7+ 51. Ke3 Rd5 52. Kf3 Qe5 53. Kg2 Nd2 54. f4 Qe3 55. Kh3 Rd3 56. f5 Qxg3# 0-1,2670.5
 Bullet tournament ,KyleKorver,chickencrossroad,1-0,2016.07.20,22:02:49,2689,2682,13.0,-13.0,D02,Queen's Pawn Game: Zukertort Variation,30+0,Normal,1. d4 { [%eval 0.18] } 1... d5 { [%eval 0.17] } 2. Nf3 { [%eval 0.17] } 2... c6 { [%eval 0.32] } 3. g3 { [%eval -0.06] } 3... Nf6 { [%eval 0.07] } 4. Bg2 { [%eval 0.12] } 4... e6 { [%eval 0.1] } 5. O-O { [%eval 0.13] } 5... Be7 { [%eval 0.1] } 6. c4 { [%eval 0.11] } 6... O-O { [%eval 0.13] } 7. Qc2 { [%eval -0.08] } 7... dxc4 { [%eval 0.21] } 8. Nbd2 { [%eval -0.13] } 8... b5 { [%eval -0.14] } 9. a4 { [%eval -0.63] } 9... Bb7 { [%eval -0.24] } 10. Rd1 { [%eval -0.42] } 10... Nbd7 { [%eval -0.48] } 11. Ne5 { [%eval -0.58] } 11... Rb8?! { [%eval 0.1] } 12. Nxc6 { [%eval 0.12] } 12... Bxc6 { [%eval 0.17] } 13. Bxc6 { [%eval 0.25] } 13... bxa4?! { [%eval 0.93] } 14. Nxc4 { [%eval 0.77] } 14... Nb6 { [%eval 0.91] } 15. Nxb6 { [%eval 0.87] } 15... Qxb6 { [%eval 1.01] } 16. Bxa4 { [%eval 0.82] } 16... Rfc8 { [%eval 1.06] } 17. Qd3 { [%eval 1.03] } 17... Nd5 { [%eval 1.43] } 18. e4 { [%eval 1.36] } 18... Nb4 { [%eval 1.35] } 19. Qe2 { [%eval 1.43] } 19... Bf6?! { [%eval 2.01] } 20. e5? { [%eval 0.75] } 20... Be7 { [%eval 0.72] } 21. Be3 { [%eval 0.81] } 21... Nd5 { [%eval 0.7] } 22. Bd2?! { [%eval -0.29] } 22... Qxb2 { [%eval 0.0] } 23. Rdb1?? { [%eval -5.41] } 23... Qxb1+?? { [%eval -1.02] } 24. Rxb1 { [%eval -0.73] } 24... Rxb1+ { [%eval -0.92] } 25. Kg2 { [%eval -0.91] } 25... Rb2 { [%eval -0.76] } 26. Qd3 { [%eval -0.95] } 26... Nb4?! { [%eval 0.0] } 27. Bxb4 { [%eval -0.06] } 27... Rxb4 { [%eval -0.03] } 28. Bd7? { [%eval -1.7] } 28... Rd8 { [%eval -1.63] } 29. Bc6 { [%eval -1.62] } 29... Rbxd4 { [%eval -1.63] } 30. Qa6? { [%eval -2.7] } 30... Bc5 { [%eval -2.59] } 31. f4 { [%eval -2.75] } 31... Rd2+ { [%eval -2.63] } 32. Kh3 { [%eval -2.51] } 32... Bb6 { [%eval -2.04] } 33. Bg2? { [%eval -3.21] } 33... g6 { [%eval -3.21] } 34. Qb7? { [%eval -5.71] } 34... Rf2?? { [%eval -2.67] } 35. Qe7?? { [%eval -7.16] } 35... h5 { [%eval -6.87] } 36. f5 { [%eval -6.38] } 36... gxf5?? { [%eval 0.0] } 37. Qg5+ { [%eval 0.0] } 37... Kf8 { [%eval 0.0] } 38. Qxh5?? { [%eval -3.08] } 38... Ke7?? { [%eval 0.0] } 39. Qh4+ { [%eval 0.0] } 39... Kd7?? { [%eval 50.91] } 40. Qc4?? { [%eval -50.58] } 40... Rc8?? { [%eval -1.02] } 41. Qa4+ { [%eval -0.99] } 41... Ke7 { [%eval -0.76] } 42. g4?? { [%eval -7.04] } 42... Rcc2? { [%eval -5.82] } 43. Kg3?? { [%eval #-16] } 43... Rxg2+ { [%eval #-15] } 44. Kf4 { [%eval #-2] } 44... Rxh2?! { [%eval -47.3] } 45. Kg5?! { [%eval #-3] } 45... Rcf2?! { [%eval #-15] } 46. Qb4+ { [%eval #-12] } 46... Bc5?? { [%eval 0.0] } 47. Qb7+?? { [%eval -55.03] } 47... Kd8? { [%eval -7.04] } 48. Kf6?! { [%eval -8.01] } 48... Be7+?? { [%eval 3.46] } 49. Kxf7?? { [%eval -4.95] } 49... Bf8?? { [%eval 2.12] } 50. Kxe6?? { [%eval -48.5] } 50... Be7?? { [%eval #1] } 51. Qd7# 1-0,2685.5
 Bullet tournament ,chickencrossroad,KyleKorver,0-1,2016.07.20,22:14:48,2647,2724,-9.0,10.0,D35,"Queen's Gambit Declined: Exchange Variation, Positional Variation",30+0,Normal,1. d4 e6 2. c4 d5 3. Nc3 Nf6 4. cxd5 exd5 5. Bg5 c6 6. e3 Nbd7 7. Bd3 Be7 8. Nf3 h6 9. Bf4 Nh5 10. Bg3 Nxg3 11. hxg3 Bf6 12. O-O Kf8 13. Rb1 g6 14. b4 Kg7 15. b5 Rg8 16. bxc6 bxc6 17. Qc2 Nb6 18. Na4 Bd7 19. Nc5 Re8 20. Rbc1 Bc8 21. Nb3 Bd7 22. Na5 Rc8 23. Qb2 Rc7 24. Nb3 Bc8 25. Nc5 Qd6 26. Qc3 h5 27. Rb1 g5 28. a4 g4 29. Nd2 h4 30. gxh4 Bxh4 31. e4 Rh8 32. e5 Qh6 33. Rfe1 Bg5 34. f3 Bxd2 35. Qc2 Qh2+ 36. Kf1 gxf3 37. Qxd2 Qh1+ 38. Kf2 Qxg2+ 39. Ke3 Qg5+ 40. Kf2 Qxd2+ 41. Kxf3 Rh3# 0-1,2685.5
 Bullet tournament ,KyleKorver,chickencrossroad,0-1,2016.07.20,22:20:59,2742,2647,-15.0,15.0,A43,Old Benoni Defense,30+0,Normal,1. d4 c5 2. Nf3 cxd4 3. Nxd4 Nc6 4. Nb3 g6 5. g3 Bg7 6. Bg2 Nf6 7. O-O O-O 8. c4 d6 9. Nc3 Be6 10. c5 d5 11. Nd4 Rc8 12. Bg5 Nxd4 13. Qxd4 Qa5 14. b4 Qc7 15. Rac1 Ne4 16. Qe3 Nxc3 17. Rxc3 d4 18. Qc1 dxc3 19. a4 Qd7 20. b5 Rxc5 21. Be3 Rcc8 22. Bxa7 Rfd8 23. Be3 c2 24. a5 Qd1 25. a6 Qxc1 26. Bxc1 bxa6 27. bxa6 Rd1 28. a7 Bd5 29. Bxd5 Rxd5 30. Kg2 Rd1 31. Be3 Rxf1 32. Kxf1 c1=Q+ 33. Bxc1 Rxc1+ 34. Kg2 Ra1 35. e3 Rxa7 36. Kf3 Rd7 37. h4 e5 38. Ke4 f5+ 39. Kf3 e4+ 40. Kg2 Rd2 41. Kh3 Bc3 42. g4 Rxf2 43. h5 Rf3+ 44. Kh4 fxg4 45. Kg5 gxh5 46. Kh6 Rxe3 47. Kxh5 g3 48. Kg4 g2 49. Kf5 g1=Q 50. Kf4 Rf3+ 51. Kxe4 Rf2 52. Kd5 Qg3 53. Kc4 Rf4+ 54. Kb3 Be5+ 55. Kc2 Rf3 56. Kd1 Rf2 57. Ke1 Qg1# 0-1,2694.5
 Bullet tournament ,chickencrossroad,KyleKorver,0-1,2016.07.20,22:28:38,2699,2723,-11.0,12.0,A13,English Opening: Agincourt Defense #2,30+0,Normal,1. Nf3 e6 2. c4 d5 3. cxd5 Nf6 4. d3 c6 5. dxe6 Bxe6 6. Nc3 Nbd7 7. g3 g6 8. Bg2 Bg7 9. O-O O-O 10. Nd2 Re8 11. Nde4 h5 12. Bg5 Qb6 13. Qc2 Nxe4 14. Nxe4 Bd5 15. Rab1 Ne5 16. Be3 Qd8 17. Nc5 Ng4 18. Nxb7 Qe7 19. Nc5 Nxe3 20. fxe3 Qxe3+ 21. Kh1 Bd4 22. Ne4 Bxe4 23. dxe4 c5 24. Rbd1 Re7 25. Qd3 Qg5 26. Qf3 Qe5 27. e3 Bxb2 28. Rd5 Qg7 29. Rxc5 Rae8 30. Rc4 Be5 31. Qe2 h4 32. Rc2 hxg3 33. hxg3 Bxg3 34. Bf3 Qh6+ 35. Kg2 Qh2# 0-1,2711.0
 Bullet tournament ,KyleKorver,chickencrossroad,1-0,2016.07.20,22:31:01,2739,2692,11.0,-11.0,A43,Old Benoni Defense,30+0,Normal,1. d4 c5 2. Nf3 cxd4 3. Nxd4 Nc6 4. Nb3 Nf6 5. g3 g6 6. Bg2 Bg7 7. O-O O-O 8. c4 d6 9. Nc3 Bd7 10. Be3 Rc8 11. Rc1 Ne5 12. c5 Nc4 13. Bd4 Nxb2 14. Qc2 Nc4 15. Qd3 Na5 16. Nxa5 Qxa5 17. cxd6 exd6 18. Bxb7 Rb8 19. Bf3 Rfe8 20. Bxf6 Bxf6 21. Nd5 Bg7 22. Rc7 Be6 23. Ne7+ Kh8 24. Qxd6 Rbd8 25. Qc6 Bh3 26. Rc1 Qe5 27. Nd5 Qg5 28. Nf4 Be6 29. Nxe6 Rxe6 30. Rc8 Rxc6 31. Rxd8+ Qxd8 32. Rxc6 Qd1+ 33. Kg2 Bd4 34. Rc8+ Kg7 35. e3 Be5 36. Bxd1 Bf6 37. Bb3 Be7 38. Ra8 1-0,2715.5
 Blitz ,jitanu76,genodesis,1-0,2016.07.21,10:20:09,2763,2560,5.0,-5.0,E35,"Nimzo-Indian Defense: Classical, Noa Variation, 5.cxd5 exd5",180+1,Normal,1. d4 Nf6 2. c4 e6 3. Nc3 Bb4 4. Qc2 d5 5. cxd5 exd5 6. Bg5 h6 7. Bh4 c5 8. dxc5 g5 9. Bg3 Ne4 10. O-O-O Bxc3 11. f3 Bd2+ 12. Rxd2 Nxd2 13. Qxd2 Nc6 14. h4 g4 15. e3 Be6 16. Ne2 gxf3 17. gxf3 Qf6 18. Nf4 O-O-O 19. Bb5 Ne5 20. Qd4 Rdg8 21. Be1 a6 22. Ba4 Qf5 23. Bc2 Nxf3 24. Qxh8 Qxc2+ 25. Kxc2 Rxh8 26. Rf1 Bf5+ 27. Kc3 Be4 28. Ne2 Re8 29. Nd4 Nxd4 30. Kxd4 Bg6 31. Bd2 Kc7 32. Rf6 Re4+ 33. Kxd5 Rxh4 34. Rd6 Be4+ 35. Ke5 Bc6 36. Ba5+ b6 37. Bxb6+ Kb7 38. Rf6 Re4+ 39. Kd6 Re6+ 40. Rxe6 fxe6 41. Kxe6 h5 42. Bd8 Be4 43. Kd6 Bf3 44. b4 Be4 45. a4 Bc2 46. c6+ Kc8 47. Bh4 Bxa4 48. e4 Bb3 49. e5 Bg8 50. e6 Bh7 51. Bg3 Bg6 52. Ke7 h4 53. Bh2 h3 54. Kf8 Be4 55. c7 Bc6 56. e7 1-0,2661.5
 Blitz ,genodesis,jitanu76,0-1,2016.07.21,10:27:42,2555,2768,-5.0,6.0,E20,Nimzo-Indian Defense: Kmoch Variation,180+1,Normal,1. d4 { [%eval 0.16] } 1... Nf6 { [%eval 0.22] } 2. c4 { [%eval 0.22] } 2... e6 { [%eval 0.25] } 3. Nc3 { [%eval 0.14] } 3... Bb4 { [%eval 0.23] } 4. f3 { [%eval -0.23] } 4... d5 { [%eval -0.22] } 5. a3 { [%eval -0.3] } 5... Be7 { [%eval -0.06] } 6. e4 { [%eval -0.12] } 6... c5 { [%eval -0.03] } 7. cxd5 { [%eval 0.24] } 7... cxd4 { [%eval 0.23] } 8. Qxd4 { [%eval 0.34] } 8... O-O { [%eval 0.25] } 9. Bb5?! { [%eval -0.44] } 9... a6 { [%eval -0.4] } 10. Ba4 { [%eval -0.48] } 10... b5 { [%eval -0.23] } 11. Bc2?! { [%eval -0.75] } 11... Nc6?! { [%eval -0.18] } 12. Qd2 { [%eval -0.55] } 12... exd5 { [%eval -0.42] } 13. Nxd5?! { [%eval -1.32] } 13... Nxd5 { [%eval -1.13] } 14. exd5 { [%eval -1.1] } 14... Ne5 { [%eval -1.12] } 15. Ne2?! { [%eval -1.65] } 15... Bh4+ { [%eval -1.58] } 16. Ng3 { [%eval -1.49] } 16... Nc4 { [%eval -1.54] } 17. Qd3 { [%eval -1.74] } 17... Re8+ { [%eval -1.59] } 18. Kf1 { [%eval -1.69] } 18... g6 { [%eval -1.61] } 19. b3? { [%eval -2.64] } 19... Bf5 { [%eval -2.55] } 20. Qc3?? { [%eval -11.42] } 20... Bf6 { [%eval -10.89] } 0-1,2661.5
 Blitz ,jitanu76,genodesis,1-0,2016.07.21,10:29:45,2774,2550,5.0,-5.0,A43,Old Benoni Defense #2,180+1,Normal,1. d4 { [%eval 0.16] } 1... c5 { [%eval 0.6] } 2. d5 { [%eval 0.45] } 2... g6 { [%eval 0.63] } 3. e4 { [%eval 0.63] } 3... Bg7 { [%eval 0.65] } 4. Nf3 { [%eval 0.5] } 4... d6 { [%eval 0.58] } 5. Bb5+ { [%eval 0.47] } 5... Nd7 { [%eval 0.53] } 6. a4 { [%eval 0.58] } 6... Nf6 { [%eval 0.55] } 7. Nc3 { [%eval 0.54] } 7... O-O { [%eval 0.57] } 8. O-O { [%eval 0.67] } 8... Re8 { [%eval 0.71] } 9. h3 { [%eval 0.67] } 9... e6?! { [%eval 1.57] } 10. dxe6 { [%eval 1.5] } 10... Rxe6 { [%eval 1.63] } 11. Bc4?! { [%eval 1.05] } 11... Nxe4? { [%eval 2.3] } 12. Nxe4?! { [%eval 1.67] } 12... Rxe4 { [%eval 1.61] } 13. Bxf7+ { [%eval 1.62] } 13... Kh8 { [%eval 1.66] } 14. Qxd6 { [%eval 1.39] } 14... Qf6 { [%eval 1.44] } 15. Qxf6 { [%eval 1.34] } 15... Nxf6 { [%eval 1.44] } 16. Ng5 { [%eval 1.44] } 16... Re7 { [%eval 1.45] } 17. Bc4 { [%eval 1.27] } 17... h6 { [%eval 1.33] } 18. Nf7+ { [%eval 1.32] } 18... Kh7 { [%eval 1.38] } 19. Nd6 { [%eval 1.37] } 19... b6?! { [%eval 1.96] } 20. a5 { [%eval 2.07] } 20... Rd7? { [%eval 3.83] } 21. Nxc8 { [%eval 3.78] } 21... Rxc8 { [%eval 3.7] } 22. Be6 { [%eval 3.57] } 1-0,2662.0
 Blitz ,Peaudepailles,DarthMccartney,0-1,2016.07.21,11:15:47,2715,2722,-12.0,14.0,D00,"Blackmar-Diemer Gambit Declined, Langeheinecke Defense",180+0,Normal,1. d4 d5 2. e4 dxe4 3. Nc3 Nf6 4. f3 e3 5. Bxe3 a6 6. Nge2 b5 7. Qd2 Bb7 8. O-O-O e6 9. Kb1 Nbd7 10. Nc1 Nb6 11. Qf2 b4 12. N3e2 a5 13. Nb3 a4 14. Nc5 Bd5 15. Nf4 c6 16. g4 b3 17. cxb3 axb3 18. a3 Nxg4 19. fxg4 Bxh1 20. Ncxe6 fxe6 21. Nxe6 Be4+ 22. Kc1 Qd7 23. Nc5 Bxc5 24. dxc5 Nd5 25. Bd4 Qa7 26. Re1 O-O-O 27. Rxe4 Rhf8 28. Qe2 Rf7 29. Be5 Qxc5+ 30. Rc4 Qe3+ 31. Kb1 Rxf1+ 32. Qxf1 Qxe5 33. Rxc6+ Kd7 34. Rc1 Rc8 35. Qb5+ Kd8 36. Qa5+ Rc7 37. Rd1 Qe4+ 38. Ka1 Kc8 39. Qa8+ Kd7 40. Qxd5+ Qxd5 41. Rxd5+ Ke6 42. Rd1 Rc2 43. Kb1 Rxh2 44. Re1+ Kd5 45. Rd1+ Kc4 46. Re1 Kd3 47. Rd1+ Kc4 48. Rc1+ Kb5 49. Rd1 g6 50. Re1 h5 51. Rd1 hxg4 52. Rg1 g3 53. Kc1 Rc2+ 54. Kb1 g2 55. Re1 Rf2 56. Kc1 Rf1 57. Kd2 Rxe1 58. Kxe1 g1=Q+ 59. Kd2 Qf2+ 60. Kd3 Qxb2 61. a4+ Kxa4 62. Kc4 Qc2+ 63. Kd4 b2 64. Ke3 b1=Q 65. Kf4 Qbc1+ 66. Ke5 Qf5+ 67. Kd6 Qcc5# 0-1,2718.5
 Blitz ,DarthMccartney,Peaudepailles,1-0,2016.07.21,11:22:25,2736,2703,12.0,-12.0,A43,"Benoni Defense: Benoni-Indian Defense, Kingside Move Order",180+0,Normal,1. d4 Nf6 2. Nf3 c5 3. d5 a6 4. a4 e6 5. Nc3 exd5 6. Nxd5 Nxd5 7. Qxd5 Nc6 8. c3 d6 9. Bg5 Qb6 10. Qd2 Be6 11. e4 h6 12. Bh4 g5 13. Bg3 Rd8 14. Be2 Bg7 15. O-O Ne5 16. Rfd1 O-O 17. a5 Qc7 18. Qc2 f5 19. Nxe5 f4 20. Bc4 Bxe5 21. Bxe6+ Kh8 22. Qe2 fxg3 23. hxg3 Kg7 24. Rd3 Qe7 25. Bd5 Rf6 26. Rf3 Rdf8 27. Rd1 h5 28. Rxf6 Qxf6 29. Bxb7 g4 30. Bxa6 Kh6 31. Bb7 h4 32. Qe3+ Kh5 33. gxh4 Qxh4 34. g3 Qh3 35. Rd5 Rf3 36. Rxe5+ dxe5 37. Qxc5 Rxg3+ 38. fxg3 Qxg3+ 39. Kf1 Qh3+ 40. Ke2 Qf3+ 41. Kd2 g3 42. Qxe5+ Kh6 43. Qe6+ Kg7 44. Qe7+ Kh8 45. e5 Qf2+ 46. Kd3 g2 47. Qe8+ Kg7 48. Qd7+ Kf8 49. Qd8+ Kg7 50. Qf6+ Qxf6 51. exf6+ 1-0,2719.5
 Blitz ,Peaudepailles,DarthMccartney,1-0,2016.07.21,11:27:25,2691,2748,15.0,-16.0,D00,"Blackmar-Diemer Gambit Declined, Langeheinecke Defense",180+0,Normal,1. d4 d5 2. e4 dxe4 3. Nc3 Nf6 4. f3 e3 5. Bxe3 a6 6. a4 e6 7. Bd3 b6 8. Nge2 Bb7 9. O-O Nbd7 10. Qe1 c5 11. Rd1 cxd4 12. Bxd4 Qc7 13. Qh4 Bc5 14. Kh1 h6 15. Qf2 O-O 16. Ne4 Nxe4 17. fxe4 Rad8 18. c3 e5 19. Be3 Bxe3 20. Qxe3 Nc5 21. Bc2 Rxd1 22. Rxd1 Rd8 23. Rf1 Qc6 24. Ng3 Nxa4 25. Bb3 Rd7 26. Qf2 Nc5 27. Bxf7+ Kh7 28. Qf5+ g6 29. Qxe5 Qd6 30. Qxd6 Rxd6 31. Bd5 Bxd5 32. Rd1 Na4 33. exd5 Nxb2 34. Rd4 b5 35. Ne4 Rd8 36. d6 Kg7 37. Nc5 Kf6 38. Nxa6 Nc4 39. d7 Ne5 40. Nc5 Ke7 41. Re4 Kf6 42. Rb4 Nxd7 43. Ne4+ Ke5 44. Ng3 Rb8 45. c4 Rc8 46. Rxb5+ Kd4 47. Rd5+ Kxc4 48. Rxd7 Rc6 49. h3 Re6 50. Kh2 Kc5 51. Rd2 Kc6 52. Re2 Rf6 53. Rd2 Re6 54. Nf1 Kc5 55. Kg1 Kc4 56. Kf2 Kc3 57. Re2 Rf6+ 58. Kg3 Kd4 59. Rd2+ Ke4 60. Rd1 h5 61. Nd2+ Ke3 62. Nf3 Ra6 63. Re1+ Kd3 64. Re5 Kc3 65. Rg5 Re6 66. h4 Ra6 67. Ne5 Kd4 68. Nxg6 Ra3+ 69. Kh2 Ke4 70. Rxh5 Ra7 71. Rg5 Rh7 72. Rg3 Kf5 73. Kh3 Rh6 74. Rg5+ Kf6 75. Nf4 Rh7 76. g3 Ra7 77. Kg4 Ra3 78. h5 Rxg3+ 79. Kxg3 Kxg5 80. Kf3 Kf5 81. Kg3 Kg5 82. Kh3 Kf5 83. Kh4 Kf6 84. Kg4 Kg7 85. Kg5 Kh7 86. h6 Kg8 87. Kg6 Kh8 88. Ne6 Kg8 89. Ng5 Kh8 90. Nf7+ Kg8 91. h7+ Kf8 92. h8=Q+ Ke7 93. Qe5+ Kd7 94. Qd6+ Kc8 95. Qe7 Kb8 96. Kf5 Ka8 97. Ke5 Kb8 98. Kd5 Ka8 99. Kc6 Kb8 100. Qb7# 1-0,2719.5
 Blitz ,DarthMccartney,Peaudepailles,1-0,2016.07.21,11:33:44,2732,2706,13.0,-12.0,A61,Benoni Defense: Fianchetto Variation,180+0,Normal,1. d4 Nf6 2. c4 c5 3. d5 e6 4. Nc3 exd5 5. cxd5 d6 6. Nf3 g6 7. g3 Bg7 8. Nd2 O-O 9. Nc4 Re8 10. Bf4 Bf8 11. Bg2 Nh5 12. Bd2 Nd7 13. O-O Ne5 14. Nxe5 Rxe5 15. e4 Re8 16. Re1 Rb8 17. a4 a6 18. a5 Bd7 19. h3 Bg7 20. Qc2 b5 21. axb6 Qxb6 22. Ra2 c4 23. Be3 Bd4 24. Kh2 Bc8 25. Qd2 Bxe3 26. Rxe3 Nf6 27. Bf1 Qc5 28. Ra4 Rb4 29. e5 dxe5 30. Ne4 Rxa4 31. Nxc5 1-0,2719.0
 Blitz ,Peaudepailles,DarthMccartney,0-1,2016.07.21,11:36:51,2694,2745,-10.0,11.0,C11,French Defense: Burn Variation,180+0,Normal,1. d4 Nf6 2. Nc3 d5 3. e4 e6 4. Bg5 dxe4 5. Nxe4 Nbd7 6. Nf3 h6 7. Bh4 Be7 8. Nxf6+ Bxf6 9. Bxf6 Qxf6 10. Qd2 O-O 11. O-O-O b6 12. Qc3 Qf4+ 13. Kb1 Bb7 14. Be2 Rac8 15. Rhe1 Rfd8 16. g3 Qf6 17. Rf1 c5 18. Qa3 Bxf3 19. Bxf3 cxd4 20. Be2 a5 21. Ba6 Rb8 22. f4 Nc5 23. Bb5 Rbc8 24. Qf3 g6 25. a4 Kg7 26. g4 Rc7 27. Qg3 Re7 28. g5 Qf5 29. gxh6+ Kh7 30. Rfe1 d3 31. cxd3 Rd4 32. Rf1 Nxa4 33. Bxa4 Rxa4 34. Rde1 Rd7 35. Re3 Rad4 36. Kc2 a4 37. Rff3 Qc5+ 38. Kb1 a3 39. Qg2 axb2 40. Qxb2 Rb4 41. d4 Rxb2+ 0-1,2719.5
 Blitz ,DarthMccartney,Peaudepailles,0-1,2016.07.21,11:41:39,2756,2684,-16.0,14.0,A43,"Benoni Defense: Benoni-Indian Defense, Kingside Move Order",180+0,Normal,1. d4 Nf6 2. Nf3 c5 3. d5 a6 4. a4 e6 5. Nc3 exd5 6. Nxd5 Nxd5 7. Qxd5 Nc6 8. c3 d6 9. Ng5 Qf6 10. g3 h6 11. Ne4 Qg6 12. Bf4 Be6 13. Nxd6+ Bxd6 14. Qxd6 Qe4 15. f3 Qc2 16. Qd2 Qb3 17. Bd6 O-O-O 18. e4 Rd7 19. f4 Rhd8 20. e5 f6 21. Ra3 Qd5 22. Qxd5 Bxd5 23. Rg1 Be6 24. Be2 fxe5 25. fxe5 c4 26. Bf3 Bf5 27. Bxc6 bxc6 28. Ra1 Bd3 29. Kd2 Rf7 30. Rg2 Rf3 31. Re1 Kd7 32. Re3 Rf1 33. b4 Ke6 34. Re1 Rf3 35. g4 Rd7 36. a5 Rdf7 37. Bc5 Bh7 38. Bd4 Rd3+ 39. Kc1 Rff3 40. g5 Bf5 41. gxh6 gxh6 42. Reg1 Rxc3+ 43. Bxc3 Rxc3+ 44. Kd1 Rb3 45. Rd2 c3 46. Rd6+ Kxe5 47. Rxc6 Rb1+ 48. Ke2 Rxg1 49. Rxc3 Rg2+ 50. Ke3 Rxh2 51. Rc5+ Ke6 52. Rc6+ Ke5 53. Rxa6 Be4 54. Rb6 h5 55. Rb5+ Bd5 56. a6 Rh3+ 57. Kf2 Ra3 58. Rb6 h4 59. b5 Ra2+ 60. Kg1 h3 61. Rh6 Bg2 62. Kh2 Kf4 63. b6 Bb7+ 64. Kxh3 Bxa6 65. Kh4 Rh2# 0-1,2720.0
 Blitz ,opperwezen,jitanu76,1/2-1/2,2016.07.21,13:22:27,2759,2779,1.0,0.0,A09,Reti Opening: Advance Variation,180+1,Normal,1. Nf3 { [%eval 0.15] } 1... d5 { [%eval 0.12] } 2. c4 { [%eval 0.05] } 2... d4 { [%eval 0.07] } 3. g3 { [%eval -0.21] } 3... c5 { [%eval -0.19] } 4. d3 { [%eval -0.21] } 4... Nc6 { [%eval -0.24] } 5. Bg2 { [%eval -0.19] } 5... e5 { [%eval -0.3] } 6. O-O { [%eval -0.23] } 6... f6 { [%eval -0.06] } 7. Nbd2 { [%eval -0.42] } 7... Nh6 { [%eval -0.35] } 8. Ne1 { [%eval -0.53] } 8... Nf7 { [%eval -0.41] } 9. e4 { [%eval -0.86] } 9... Bd6 { [%eval -0.82] } 10. f4 { [%eval -0.65] } 10... Be6 { [%eval -0.6] } 11. f5 { [%eval -0.62] } 11... Bd7 { [%eval -0.61] } 12. g4 { [%eval -0.77] } 12... g5 { [%eval -0.45] } 13. Ndf3 { [%eval -0.57] } 13... h5?! { [%eval 0.0] } 14. gxh5 { [%eval 0.0] } 14... Qe7 { [%eval -0.11] } 15. h4 { [%eval 0.0] } 15... g4 { [%eval 0.09] } 16. Nh2 { [%eval -0.02] } 16... O-O-O { [%eval 0.26] } 17. Qxg4 { [%eval 0.27] } 17... Rdg8 { [%eval 0.08] } 18. Qe2 { [%eval 0.0] } 18... b5? { [%eval 1.65] } 19. cxb5 { [%eval 1.58] } 19... Na5 { [%eval 1.68] } 20. Bd2 { [%eval 1.57] } 20... Qd8 { [%eval 1.62] } 21. b3 { [%eval 1.37] } 21... Bxb5 { [%eval 1.37] } 22. Kh1 { [%eval 1.29] } 22... Be8 { [%eval 1.47] } 23. Bf3 { [%eval 1.44] } 23... Nc6 { [%eval 1.34] } 24. Nc2 { [%eval 1.45] } 24... Bf8 { [%eval 1.53] } 25. Rg1 { [%eval 1.5] } 25... Bh6?! { [%eval 2.05] } 26. Rac1 { [%eval 1.72] } 26... Qe7?! { [%eval 2.31] } 27. b4 { [%eval 1.89] } 27... cxb4?? { [%eval 5.07] } 28. Nxb4? { [%eval 3.99] } 28... Rxg1+ { [%eval 4.15] } 29. Kxg1 { [%eval 4.19] } 29... Bxd2?! { [%eval 4.92] } 30. Qxd2 { [%eval 4.65] } 30... Nd8?! { [%eval 5.19] } 31. Nd5? { [%eval 3.62] } 31... Qg7+ { [%eval 4.28] } 32. Kh1?! { [%eval 3.42] } 32... Bxh5 { [%eval 3.27] } 33. Qa5 { [%eval 2.8] } 33... Bxf3+? { [%eval 4.55] } 34. Nxf3 { [%eval 4.55] } 34... Rh7 { [%eval 4.29] } 35. Qb5?? { [%eval 0.03] } 35... Qg3 { [%eval 0.36] } 36. Rxc6+ { [%eval 0.0] } 36... Nxc6 { [%eval 0.0] } 37. Qxc6+ { [%eval 0.0] } 37... Kb8 { [%eval 0.0] } 38. Qd6+ { [%eval 0.0] } 38... Kb7 { [%eval 0.0] } 39. Qb4+ { [%eval 0.0] } 39... Ka8 { [%eval 0.0] } 40. Qf8+ { [%eval 0.0] } 40... Kb7 { [%eval 0.0] } 41. Qb4+ { [%eval 0.0] } 41... Ka8 { [%eval 0.0] } 42. Qf8+ { [%eval 0.0] } 42... Kb7 { [%eval 0.0] } 43. Qb4+ { [%eval 0.0] } 1/2-1/2,2769.0
 Blitz ,jitanu76,opperwezen,1-0,2016.07.21,13:29:54,2779,2760,11.0,-11.0,D35,"Queen's Gambit Declined: Exchange Variation, Positional Variation #2",180+1,Normal,1. d4 { [%eval 0.14] } 1... d5 { [%eval 0.17] } 2. c4 { [%eval 0.13] } 2... e6 { [%eval 0.17] } 3. Nc3 { [%eval 0.13] } 3... Nf6 { [%eval 0.23] } 4. cxd5 { [%eval 0.1] } 4... exd5 { [%eval 0.19] } 5. Bg5 { [%eval 0.0] } 5... Be7 { [%eval 0.15] } 6. e3 { [%eval 0.12] } 6... c6 { [%eval 0.26] } 7. Bd3 { [%eval 0.34] } 7... Nbd7 { [%eval 0.38] } 8. Nf3 { [%eval 0.39] } 8... O-O { [%eval 0.34] } 9. Qc2 { [%eval 0.47] } 9... Re8 { [%eval 0.48] } 10. h3 { [%eval 0.27] } 10... Nf8 { [%eval 0.42] } 11. Bf4 { [%eval 0.26] } 11... Bd6 { [%eval 0.24] } 12. Bxd6 { [%eval 0.27] } 12... Qxd6 { [%eval 0.31] } 13. O-O-O { [%eval 0.23] } 13... b5 { [%eval 0.27] } 14. Kb1 { [%eval 0.33] } 14... a5 { [%eval 0.27] } 15. g4 { [%eval 0.14] } 15... b4 { [%eval 0.44] } 16. Na4 { [%eval 0.48] } 16... Ne4 { [%eval 0.85] } 17. Ne5 { [%eval 0.69] } 17... f6 { [%eval 0.65] } 18. Bxe4 { [%eval 0.31] } 18... fxe5 { [%eval 0.31] } 19. Bd3 { [%eval -0.05] } 19... exd4 { [%eval -0.06] } 20. exd4 { [%eval 0.0] } 20... Ba6 { [%eval 0.0] } 21. Bxa6 { [%eval 0.0] } 21... Rxa6 { [%eval 0.0] } 22. Nc5 { [%eval -0.17] } 22... Ra7 { [%eval 0.0] } 23. Rhe1 { [%eval 0.0] } 23... Rae7 { [%eval 0.2] } 24. Qd2?! { [%eval -0.36] } 24... Ng6 { [%eval -0.13] } 25. Rxe7 { [%eval -0.22] } 25... Rxe7 { [%eval 0.0] } 26. Nb3 { [%eval -0.23] } 26... Qc7 { [%eval 0.17] } 27. Rc1 { [%eval -0.2] } 27... Qb6?! { [%eval 0.45] } 28. Nc5 { [%eval 0.0] } 28... Qb5 { [%eval 0.0] } 29. Qd3 { [%eval -0.29] } 29... Qxd3+ { [%eval 0.0] } 30. Nxd3 { [%eval 0.0] } 30... Re4 { [%eval 0.0] } 31. Rxc6 { [%eval 0.0] } 31... Rxd4 { [%eval 0.0] } 32. Kc2 { [%eval 0.16] } 32... Rc4+ { [%eval 0.07] } 33. Rxc4 { [%eval 0.07] } 33... dxc4 { [%eval 0.07] } 34. Nc5 { [%eval 0.07] } 34... Nf4 { [%eval 0.07] } 35. h4 { [%eval 0.07] } 35... Kf7 { [%eval 0.07] } 36. Nb7 { [%eval 0.13] } 36... Ke6 { [%eval 0.12] } 37. Nxa5 { [%eval 0.12] } 37... Kd5 { [%eval 0.17] } 38. b3 { [%eval 0.0] } 38... cxb3+ { [%eval 0.13] } 39. Kxb3 { [%eval 0.12] } 39... Nd3 { [%eval 0.25] } 40. g5 { [%eval 0.0] } 40... Kc5 { [%eval 0.07] } 41. f3 { [%eval 0.07] } 41... Kb5 { [%eval 0.07] } 42. Nb7 { [%eval 0.07] } 42... Kc6 { [%eval 0.07] } 43. Nd8+ { [%eval 0.07] } 43... Kd5 { [%eval 0.07] } 44. h5 { [%eval 0.07] } 44... g6 { [%eval 0.07] } 45. h6 { [%eval 0.0] } 45... Ke5 { [%eval 0.07] } 46. Kc4 { [%eval 0.0] } 46... Nc1 { [%eval 0.0] } 47. Nc6+ { [%eval 0.0] } 47... Kf5? { [%eval 1.17] } 48. Nxb4 { [%eval 0.93] } 48... Nxa2 { [%eval 0.93] } 49. Nxa2 { [%eval 0.93] } 49... Kxg5 { [%eval 0.95] } 50. Kd4 { [%eval 0.72] } 50... Kf4?? { [%eval 39.78] } 51. Nc3 { [%eval 9.68] } 51... g5 { [%eval 9.61] } 52. Ne4?? { [%eval 0.07] } 52... g4 { [%eval 0.07] } 53. fxg4 { [%eval 0.07] } 53... Kxg4 { [%eval 0.07] } 54. Nf6+ { [%eval 0.07] } 54... Kg5? { [%eval 2.87] } 55. Ng8 { [%eval 2.87] } 55... Kg6 { [%eval 2.87] } 56. Ke5 { [%eval 2.87] } 56... Kf7 { [%eval 2.87] } 57. Nf6 { [%eval 2.87] } 57... Kg6 { [%eval 2.87] } 58. Ng4 { [%eval 2.81] } 58... Kg5?? { [%eval #17] } 59. Ke6 { [%eval #17] } 59... Kxg4 { [%eval #15] } 60. Kf6 { [%eval #14] } 60... Kf4 { [%eval #14] } 61. Kg7 { [%eval #13] } 61... Kg5 { [%eval #13] } 62. Kxh7 { [%eval #13] } 1-0,2769.5
 Blitz ,opperwezen,jitanu76,1-0,2016.07.21,13:37:42,2749,2790,13.0,-13.0,A01,Nimzo-Larsen Attack: Modern Variation #4,180+1,Normal,1. b3 { [%eval -0.01] } 1... e5 { [%eval -0.02] } 2. Bb2 { [%eval -0.08] } 2... Nc6 { [%eval -0.13] } 3. e3 { [%eval 0.0] } 3... Nf6 { [%eval -0.05] } 4. Bb5 { [%eval 0.03] } 4... Bd6 { [%eval 0.03] } 5. Ne2 { [%eval -0.08] } 5... O-O { [%eval -0.1] } 6. O-O { [%eval -0.13] } 6... Re8 { [%eval 0.03] } 7. f4?! { [%eval -0.47] } 7... exf4 { [%eval -0.33] } 8. Bxc6 { [%eval -0.65] } 8... dxc6 { [%eval -0.54] } 9. Nxf4 { [%eval -0.61] } 9... Be5 { [%eval -0.21] } 10. Bxe5 { [%eval -0.18] } 10... Rxe5 { [%eval -0.15] } 11. Nc3 { [%eval -0.34] } 11... h6 { [%eval -0.15] } 12. Qe2 { [%eval -0.36] } 12... Bf5 { [%eval -0.08] } 13. Nd3 { [%eval -0.32] } 13... Bxd3 { [%eval -0.06] } 14. Qxd3 { [%eval -0.52] } 14... Qxd3 { [%eval -0.56] } 15. cxd3 { [%eval -0.52] } 15... c5 { [%eval -0.46] } 16. Ne2 { [%eval -0.34] } 16... Rd8 { [%eval -0.35] } 17. d4 { [%eval -0.36] } 17... cxd4 { [%eval -0.38] } 18. Nxd4 { [%eval -0.32] } 18... c5 { [%eval -0.35] } 19. Nf3 { [%eval -0.39] } 19... Red5 { [%eval -0.39] } 20. Rac1 { [%eval -0.41] } 20... Ne4 { [%eval -0.19] } 21. d4 { [%eval -0.23] } 21... f6 { [%eval -0.25] } 22. Rc2 { [%eval -0.41] } 22... g5 { [%eval -0.12] } 23. g4 { [%eval -0.15] } 23... Kg7 { [%eval -0.08] } 24. Rfc1 { [%eval -0.22] } 24... b6 { [%eval -0.21] } 25. Kg2 { [%eval -0.62] } 25... Kg6 { [%eval -0.19] } 26. h3 { [%eval -0.52] } 26... h5 { [%eval -0.48] } 27. a3 { [%eval -0.65] } 27... f5?! { [%eval -0.06] } 28. Ne5+ { [%eval 0.0] } 28... Rxe5 { [%eval 0.24] } 29. gxh5+ { [%eval 0.31] } 29... Kxh5 { [%eval 0.32] } 30. dxe5 { [%eval 0.31] } 30... Rd3 { [%eval 0.33] } 31. Kf3 { [%eval 0.38] } 31... Rxb3 { [%eval 0.4] } 32. h4 { [%eval 0.09] } 32... Kg6?! { [%eval 0.93] } 33. hxg5?! { [%eval 0.13] } 33... Nxg5+ { [%eval 0.09] } 34. Ke2 { [%eval 0.09] } 34... Ne4? { [%eval 1.74] } 35. Kf3? { [%eval 0.12] } 35... Rxa3? { [%eval 1.39] } 36. Rg1+ { [%eval 1.58] } 36... Kf7 { [%eval 1.58] } 37. Kf4 { [%eval 1.77] } 37... Nc3?? { [%eval 9.66] } 38. Kxf5 { [%eval 9.51] } 38... Nd5 { [%eval 9.51] } 39. e6+ { [%eval 8.69] } 39... Ke7?! { [%eval 9.4] } 40. Rg7+ { [%eval 9.24] } 40... Kd6 { [%eval 8.93] } 41. Rd7+?? { [%eval 5.57] } 41... Kc6 { [%eval 5.36] } 42. Rxd5 { [%eval 5.62] } 42... Kxd5 { [%eval 5.6] } 43. Rd2+ { [%eval 5.06] } 43... Kc6 { [%eval 5.5] } 44. Ke4 { [%eval 5.34] } 44... Ra4+ { [%eval 5.2] } 45. Ke5 { [%eval 4.94] } 45... Rh4 { [%eval 4.86] } 46. e7 { [%eval 4.12] } 46... Rh5+ { [%eval 4.76] } 47. Kf6 { [%eval 7.6] } 47... Rh6+ { [%eval 11.65] } 48. Kf5 { [%eval 11.29] } 48... Rh5+ { [%eval 11.01] } 49. Kf6? { [%eval 8.52] } 49... Rh6+ { [%eval 11.02] } 50. Kf7 { [%eval 9.61] } 50... Rh7+ { [%eval 6.8] } 51. Kf8 { [%eval 9.45] } 51... Rh8+?! { [%eval 11.2] } 52. Kg7 { [%eval 11.04] } 52... Re8 { [%eval 10.42] } 53. Kf7 { [%eval 9.12] } 53... Rxe7+?! { [%eval 44.18] } 54. Kxe7 { [%eval 44.1] } 54... c4 { [%eval 14.09] } 55. e4 { [%eval 9.61] } 55... b5 { [%eval 49.03] } 56. e5 { [%eval 48.95] } 56... c3 { [%eval 49.15] } 57. Rc2 { [%eval 48.99] } 57... b4 { [%eval 49.03] } 58. e6 { [%eval 49.03] } 1-0,2769.5
 Blitz ,jitanu76,opperwezen,0-1,2016.07.21,13:45:24,2777,2762,-12.0,12.0,A50,Mexican Defense,180+1,Normal,1. d4 { [%eval 0.15] } 1... Nf6 { [%eval 0.2] } 2. c4 { [%eval 0.21] } 2... Nc6 { [%eval 0.36] } 3. Nf3 { [%eval 0.39] } 3... e6 { [%eval 0.35] } 4. e3 { [%eval 0.38] } 4... Bb4+ { [%eval 0.43] } 5. Bd2 { [%eval 0.28] } 5... Bxd2+ { [%eval 0.29] } 6. Qxd2 { [%eval 0.27] } 6... d6 { [%eval 0.27] } 7. Nc3 { [%eval 0.27] } 7... O-O { [%eval 0.32] } 8. d5 { [%eval 0.1] } 8... Ne7 { [%eval 0.14] } 9. e4 { [%eval 0.15] } 9... Ng6 { [%eval 0.12] } 10. Bd3 { [%eval 0.07] } 10... e5 { [%eval 0.12] } 11. O-O { [%eval 0.1] } 11... c5 { [%eval 0.3] } 12. g3 { [%eval 0.27] } 12... h6 { [%eval 0.28] } 13. Kg2 { [%eval 0.12] } 13... Bd7 { [%eval 0.22] } 14. h4 { [%eval 0.13] } 14... a6 { [%eval 0.13] } 15. a4 { [%eval -0.01] } 15... Nh5 { [%eval 0.14] } 16. Rh1 { [%eval -0.28] } 16... f5 { [%eval -0.21] } 17. exf5 { [%eval -0.18] } 17... Bxf5 { [%eval -0.19] } 18. Bxf5 { [%eval 0.03] } 18... Rxf5 { [%eval 0.04] } 19. Ne4?! { [%eval -0.48] } 19... Qd7 { [%eval 0.01] } 20. Ra3?! { [%eval -0.82] } 20... Raf8?! { [%eval 0.0] } 21. Qd1 { [%eval -0.1] } 21... Nf6 { [%eval 0.0] } 22. Nfd2 { [%eval 0.0] } 22... Ne8 { [%eval 0.24] } 23. a5 { [%eval 0.33] } 23... Ne7 { [%eval 0.36] } 24. Qa4 { [%eval 0.27] } 24... Qc7 { [%eval 0.56] } 25. b4 { [%eval 0.36] } 25... cxb4 { [%eval 0.25] } 26. Qxb4 { [%eval 0.82] } 26... Nf6 { [%eval 0.98] } 27. Qxd6?? { [%eval -4.1] } 27... Rxf2+ { [%eval -4.05] } 28. Kh3 { [%eval -3.92] } 28... Qxd6 { [%eval -3.82] } 29. Nxd6 { [%eval -3.63] } 29... Rxd2 { [%eval -3.48] } 30. Rb3? { [%eval -5.72] } 30... g5 { [%eval -5.47] } 31. hxg5 { [%eval -5.57] } 31... hxg5 { [%eval -4.95] } 32. Rxb7?? { [%eval #-10] } 32... Ng6 { [%eval #-9] } 0-1,2769.5
 Blitz ,opperwezen,jitanu76,1-0,2016.07.21,13:51:18,2774,2765,12.0,-12.0,D38,"Queen's Gambit Declined: Ragozin Defense, Alekhine Variation",180+1,Normal,1. d4 { [%eval 0.12] } 1... Nf6 { [%eval 0.19] } 2. c4 { [%eval 0.18] } 2... e6 { [%eval 0.22] } 3. Nf3 { [%eval 0.2] } 3... d5 { [%eval 0.21] } 4. Nc3 { [%eval 0.15] } 4... Bb4 { [%eval 0.29] } 5. Qa4+ { [%eval 0.08] } 5... Nc6 { [%eval 0.12] } 6. Bg5 { [%eval -0.14] } 6... Bd7 { [%eval 0.15] } 7. Qb3 { [%eval 0.09] } 7... a5 { [%eval 0.21] } 8. a3 { [%eval 0.1] } 8... a4 { [%eval 0.19] } 9. Qc2 { [%eval 0.12] } 9... Bxc3+ { [%eval 0.16] } 10. Qxc3 { [%eval -0.02] } 10... h6 { [%eval 0.28] } 11. Bxf6 { [%eval 0.25] } 11... Qxf6 { [%eval 0.31] } 12. cxd5 { [%eval 0.08] } 12... exd5 { [%eval 0.02] } 13. e3 { [%eval 0.09] } 13... O-O { [%eval 0.09] } 14. Be2 { [%eval 0.12] } 14... Rfc8 { [%eval 0.1] } 15. O-O { [%eval 0.21] } 15... Na5 { [%eval 0.2] } 16. Ne5 { [%eval 0.16] } 16... Be8?! { [%eval 1.0] } 17. Bg4 { [%eval 1.02] } 17... Rd8 { [%eval 0.98] } 18. Qxc7 { [%eval 0.91] } 18... Nb3 { [%eval 1.13] } 19. Rae1? { [%eval -0.13] } 19... Qd6? { [%eval 1.1] } 20. Qxd6 { [%eval 1.05] } 20... Rxd6 { [%eval 1.04] } 21. Rd1 { [%eval 1.08] } 21... f6 { [%eval 1.13] } 22. Nd3 { [%eval 1.11] } 22... Bb5 { [%eval 1.19] } 23. Rfe1 { [%eval 1.27] } 23... Rc8?? { [%eval 7.13] } 24. Nb4?? { [%eval 1.33] } 1-0,2769.5
 Blitz ,king_of_nowhere,opperwezen,0-1,2016.07.21,15:08:53,2517,2786,-4.0,4.0,A50,Mexican Defense,180+0,Normal,1. d4 Nf6 2. c4 Nc6 3. Nc3 e5 4. d5 Ne7 5. e4 Ng6 6. Be3 b6 7. f3 Bc5 8. Bxc5 bxc5 9. d6 O-O 10. Nge2 Bb7 11. Nb5 cxd6 12. Qxd6 Qb6 13. Rd1 Bc6 14. Nec3 a6 15. Nc7 Qxb2 16. N3d5 Bxd5 17. Nxd5 Nxd5 18. Qxd5 Qxa2 19. Qxd7 h6 20. Qd2 Qxd2+ 21. Rxd2 Rfd8 22. g3 Rxd2 23. Kxd2 Ne7 24. Bd3 Nc6 25. Ra1 a5 26. Ke3 f6 27. Bc2 Kf8 28. Ba4 Nd4 29. Rb1 Ra7 30. Rb8+ Ke7 31. Rc8 Kd6 32. Rd8+ Kc7 33. Rg8 Kb6 34. Rb8+ Rb7 35. Rc8 f5 36. exf5 Nxf5+ 37. Ke4 Nd6+ 38. Kd5 Nxc8 0-1,2651.5
 Blitz ,opperwezen,king_of_nowhere,1-0,2016.07.21,15:14:02,2790,2513,4.0,-4.0,C60,Ruy Lopez: Cozio Defense,180+0,Normal,1. e4 e5 2. Nf3 Nc6 3. Bb5 Nge7 4. O-O g6 5. c3 Bg7 6. d4 exd4 7. cxd4 d5 8. exd5 Nxd5 9. Re1+ Be6 10. Bg5 Qd6 11. Nbd2 O-O 12. Rc1 Nxd4 13. Nxd4 Bxd4 14. Ne4 Qb4 15. Rc4 Qxb5 16. Qxd4 f5 17. Bh6 Rf7 18. Ng5 Nf6 19. Nxf7 Kxf7 20. Rxc7+ Bd7 21. a4 Re8 22. Rxe8 1-0,2651.5
 Blitz ,king_of_nowhere,opperwezen,0-1,2016.07.21,15:18:29,2509,2794,-4.0,4.0,D35,"Queen's Gambit Declined: Exchange Variation, Positional Variation #2",180+0,Normal,1. d4 d5 2. c4 e6 3. Nc3 Nf6 4. cxd5 exd5 5. Bg5 Be7 6. Qc2 c6 7. e3 Nbd7 8. Bd3 O-O 9. Nge2 Re8 10. O-O Nf8 11. f3 Ng6 12. e4 dxe4 13. fxe4 Be6 14. Rad1 Ng4 15. Bxe7 Qxe7 16. Qd2 c5 17. d5 Qd6 18. Nf4 Bd7 19. h3 Nxf4 20. Qxf4 Qxf4 21. Rxf4 Ne5 22. Bb5 Rad8 23. Rdf1 a6 24. Bxd7 Rxd7 25. Na4 Nd3 26. Rg4 b5 27. Nc3 Nxb2 28. Rb1 Nc4 29. a4 b4 30. Ne2 a5 31. Rc1 Ne5 32. Rg5 f6 33. Rg3 c4 34. Nf4 c3 0-1,2651.5
 Blitz ,opperwezen,king_of_nowhere,1-0,2016.07.21,15:23:19,2798,2505,4.0,-3.0,A00,Polish Opening,180+0,Normal,1. b4?! { [%eval -0.58] } 1... d5 { [%eval -0.44] } 2. Bb2 { [%eval -0.43] } 2... d4?! { [%eval 0.54] } 3. Nf3 { [%eval 0.54] } 3... c5?! { [%eval 1.4] } 4. bxc5 { [%eval 1.25] } 4... Nc6 { [%eval 1.32] } 5. e3 { [%eval 1.18] } 5... e5 { [%eval 1.47] } 6. Bb5 { [%eval 1.52] } 6... Bg4 { [%eval 1.65] } 7. exd4 { [%eval 1.6] } 7... exd4 { [%eval 1.66] } 8. Qe2+ { [%eval 1.63] } 8... Be7 { [%eval 1.55] } 9. Bxc6+ { [%eval 1.64] } 9... bxc6 { [%eval 1.54] } 10. Qe4?! { [%eval 0.63] } 10... Bxf3 { [%eval 0.87] } 11. Qxf3 { [%eval 0.79] } 11... Qd7 { [%eval 1.17] } 12. O-O { [%eval 0.73] } 12... Rb8 { [%eval 0.79] } 13. Ba3 { [%eval 0.77] } 13... Nf6 { [%eval 0.82] } 14. d3 { [%eval 0.75] } 14... O-O { [%eval 0.74] } 15. Nd2 { [%eval 0.66] } 15... Rb5 { [%eval 1.08] } 16. Nb3 { [%eval 0.96] } 16... a5 { [%eval 1.08] } 17. Rfe1?! { [%eval 0.42] } 17... a4 { [%eval 0.75] } 18. Rxe7 { [%eval 0.75] } 18... Qxe7 { [%eval 0.89] } 19. Nxd4 { [%eval 0.69] } 19... Qe5?! { [%eval 1.63] } 20. c3? { [%eval 0.56] } 20... Rb7 { [%eval 0.6] } 21. Qxc6 { [%eval 0.57] } 21... Rfb8 { [%eval 0.41] } 22. g3 { [%eval 0.42] } 22... Qd5? { [%eval 3.04] } 23. Qxd5 { [%eval 3.03] } 23... Nxd5 { [%eval 2.81] } 24. c6 { [%eval 2.46] } 24... Rb6?! { [%eval 3.05] } 25. c4 { [%eval 2.83] } 25... Nb4? { [%eval 5.25] } 26. Bxb4 { [%eval 5.0] } 26... Rxb4 { [%eval 5.08] } 27. c7 { [%eval 5.14] } 27... Rc8 { [%eval 5.12] } 28. Nc6 { [%eval 4.86] } 1-0,2651.5
 Bullet ,opperwezen,BVB09,1-0,2016.07.21,18:09:44,2873,2548,4.0,-3.0,A96,"Dutch Defense: Classical Variation, Huisl Variation",60+0,Normal,1. Nf3 e6 2. c4 f5 3. d4 Nf6 4. Nc3 Be7 5. g3 O-O 6. Bg2 d6 7. O-O Ne4 8. Re1 Bf6 9. Qc2 Nxc3 10. bxc3 e5 11. e4 Nc6 12. Be3 fxe4 13. Qxe4 Qe8 14. Qc2 Qh5 15. dxe5 Nxe5 16. Nxe5 Bxe5 17. c5 Bh3 18. Bxb7 Rab8 19. Bd5+ Kh8 20. Bh1 Rf6 21. cxd6 cxd6 22. Rad1 Rbf8 23. c4 Rf3 24. c5 h6 25. cxd6 Bd7 26. Qe4 Qh3 27. Bxf3 1-0,2710.5
 Bullet ,BVB09,opperwezen,1-0,2016.07.21,18:11:33,2545,2877,22.0,-28.0,E08,Catalan Opening: Closed Variation,60+0,Normal,1. d4 d5 2. Nf3 Nf6 3. c4 e6 4. g3 Be7 5. Bg2 O-O 6. O-O Nbd7 7. Qc2 c6 8. Bg5 b6 9. Nbd2 Bb7 10. Rfc1 Rc8 11. e3 h6 12. Bxf6 Nxf6 13. cxd5 cxd5 14. Qa4 a6 15. Ne5 Qd6 16. a3 Rxc1+ 17. Rxc1 Rc8 18. Rxc8+ Bxc8 19. Bf1 b5 20. Qc2 Bb7 21. Bd3 Bd8 22. Nb3 Nd7 23. Nxd7 Qxd7 24. Nc5 Qe7 25. b4 Bb6 26. f4 Kf8 27. Be2 Bc8 28. Bf3 g6 29. Kg2 Kg7 30. h3 h5 31. g4 hxg4 32. hxg4 a5 33. g5 axb4 34. axb4 Qa7 35. Be2 Bd7 36. Qc1 Be8 37. Kf2 Qa3 38. Qxa3 1-0,2711.0
 Bullet ,opperwezen,BVB09,1/2-1/2,2016.07.21,18:13:09,2849,2567,-11.0,8.0,A96,"Dutch Defense: Classical Variation, Huisl Variation",60+0,Normal,1. Nf3 e6 2. g3 f5 3. Bg2 Nf6 4. O-O Be7 5. d4 O-O 6. c4 d6 7. Nc3 Ne4 8. Qc2 Nxc3 9. bxc3 Bf6 10. Rd1 Qe7 11. e4 fxe4 12. Qxe4 Nc6 13. Bf4 e5 14. Be3 exd4 15. Qxe7 Bxe7 16. cxd4 Bf6 17. h3 Bf5 18. Ne1 Rae8 19. g4 Be4 20. Bxe4 Rxe4 21. Nf3 Be7 22. Kg2 h6 23. a3 b6 24. Rac1 Na5 25. Nd2 Re6 26. d5 Ref6 27. Ne4 R6f7 28. f4 Bf6 29. Rc2 g6 30. Nxf6+ Rxf6 31. Rf1 Kg7 32. h4 Kh7 33. g5 Rf5 34. Kg3 Re8 35. Bd4 Re4 36. Bf6 Rxc4 37. Rxc4 Nxc4 38. Re1 hxg5 39. Re7+ Kg8 40. hxg5 Nd2 41. Rxc7 Ne4+ 42. Kf3 Nxf6 43. gxf6 Rxf6 44. Rxa7 Rf5 45. Rb7 Rxd5 46. Rxb6 Ra5 47. Rxd6 Rxa3+ 48. Kg4 Kg7 49. f5 gxf5+ 50. Kxf5 Ra5+ 1/2-1/2,2708.0
 Bullet ,BVB09,opperwezen,1/2-1/2,2016.07.21,18:15:20,2575,2838,8.0,-10.0,E08,Catalan Opening: Closed Variation,60+0,Normal,1. d4 d5 2. Nf3 Nf6 3. c4 e6 4. g3 Be7 5. Bg2 Nbd7 6. Qc2 O-O 7. O-O c6 8. Bg5 b6 9. Nbd2 Bb7 10. Rfc1 h6 11. Bxf6 Nxf6 12. e3 Rc8 13. cxd5 cxd5 14. Qa4 a6 15. a3 Rxc1+ 16. Rxc1 Qb8 17. Ne5 Rc8 18. Qd1 Bd6 19. f4 Rxc1 20. Qxc1 Qc7 21. Qxc7 Bxc7 22. h3 Ne8 23. g4 f6 24. Ng6 Kf7 25. Nh4 g5 26. fxg5 hxg5 27. Nhf3 Nd6 28. Kf2 a5 29. Ke2 Ba6+ 30. Kd1 Ne4 31. Nxe4 dxe4 32. Nd2 f5 33. Bf1 Bb7 34. Bb5 Kf6 35. Nc4 Bg3 36. Nxb6 f4 37. Ke2 Bh2 38. Nd7+ Ke7 39. Ne5 Bg1 40. exf4 gxf4 41. Bc6 f3+ 42. Kf1 Bxd4 43. Bxb7 Bxe5 44. Bxe4 a4 45. Bxf3 Bxb2 46. Bd1 Bxa3 47. Bxa4 Kf6 48. Bb3 Kg5 49. Kg2 Kh4 50. Bxe6 Be7 51. Bf5 Bg5 52. Be4 Bh6 1/2-1/2,2706.5
 Bullet ,opperwezen,BVB09,1-0,2016.07.21,18:17:18,2828,2583,6.0,-5.0,A40,Horwitz Defense,60+0,Normal,1. d4 { [%eval 0.15] } 1... e6 { [%eval 0.27] } 2. c3 { [%eval 0.02] } 2... f5 { [%eval 0.3] } 3. Nf3 { [%eval 0.24] } 3... Nf6 { [%eval 0.27] } 4. g3 { [%eval 0.22] } 4... Be7 { [%eval 0.18] } 5. Bg2 { [%eval 0.27] } 5... O-O { [%eval 0.27] } 6. O-O { [%eval 0.21] } 6... d6 { [%eval 0.22] } 7. Re1 { [%eval 0.1] } 7... Nc6 { [%eval 0.13] } 8. Nbd2 { [%eval 0.11] } 8... Ne4?! { [%eval 0.66] } 9. Nxe4 { [%eval 0.72] } 9... fxe4 { [%eval 0.78] } 10. Nd2 { [%eval 0.72] } 10... d5 { [%eval 0.74] } 11. f3 { [%eval 0.69] } 11... exf3 { [%eval 0.67] } 12. exf3 { [%eval 0.66] } 12... Bd6 { [%eval 0.65] } 13. f4 { [%eval 0.67] } 13... Ne7 { [%eval 0.65] } 14. Nf3 { [%eval 0.7] } 14... c5 { [%eval 0.91] } 15. Be3 { [%eval 0.8] } 15... Qc7 { [%eval 1.15] } 16. dxc5 { [%eval 0.93] } 16... Bxc5 { [%eval 1.04] } 17. Bxc5 { [%eval 0.89] } 17... Qxc5+ { [%eval 1.02] } 18. Qd4 { [%eval 1.01] } 18... Qxd4+ { [%eval 1.31] } 19. Nxd4 { [%eval 1.3] } 19... Kf7 { [%eval 1.36] } 20. Re2 { [%eval 1.23] } 20... Nf5? { [%eval 2.73] } 21. Nxf5 { [%eval 2.6] } 21... exf5 { [%eval 2.54] } 22. Bxd5+ { [%eval 2.53] } 1-0,2705.5
 Bullet ,BVB09,opperwezen,0-1,2016.07.21,18:18:02,2578,2834,-5.0,6.0,A46,Indian Game: Wade-Tartakower Defense,60+0,Normal,1. d4 d6 2. Nf3 Nf6 3. Bf4 Nbd7 4. h3 g6 5. e3 Bg7 6. Be2 O-O 7. O-O b6 8. c4 Bb7 9. Nc3 Re8 10. Rc1 e5 11. Bh2 a6 12. b4 exd4 13. Nxd4 Ne5 14. a3 Qe7 15. Nd5 Nxd5 16. cxd5 Rac8 17. Nc6 Bxc6 18. dxc6 Ra8 19. f4 Nxc6 20. Bf3 Qxe3+ 21. Kh1 Nd4 22. Bxa8 Rxa8 23. Qe1 Qxe1 24. Rfxe1 c5 25. Re7 Nb5 26. f5 Nxa3 27. fxg6 hxg6 28. Bxd6 c4 29. b5 Nxb5 30. Bc7 Bf8 31. Rd7 Ra7 32. Rxc4 a5 33. Rc2 a4 0-1,2706.0
 Bullet ,BVB09,opperwezen,1-0,2016.07.21,18:21:56,2568,2846,21.0,-26.0,D02,Queen's Pawn Game: Chigorin Variation,60+0,Normal,1. d4 Nc6 2. Nf3 d5 3. Bf4 Bg4 4. Nbd2 e6 5. e3 Bd6 6. Bg3 Nge7 7. Be2 O-O 8. O-O f6 9. c4 Bxg3 10. hxg3 dxc4 11. Nxc4 Qd7 12. Rc1 Rad8 13. a3 Qe8 14. Qc2 Qh5 15. Ncd2 Kh8 16. Rfd1 Rd7 17. Nf1 Rfd8 18. N1h2 Bxf3 19. Nxf3 e5 20. Nxe5 Nxe5 21. Bxh5 1-0,2707.0
 Bullet ,BVB09,opperwezen,1-0,2016.07.21,18:25:11,2584,2827,20.0,-25.0,E06,Catalan Opening: Closed Variation,60+0,Normal,1. d4 { [%eval 0.1] } 1... d5 { [%eval 0.18] } 2. Nf3 { [%eval 0.14] } 2... Nf6 { [%eval 0.17] } 3. c4 { [%eval 0.19] } 3... e6 { [%eval 0.23] } 4. g3 { [%eval 0.0] } 4... Be7 { [%eval -0.06] } 5. Bg2 { [%eval 0.02] } 5... O-O { [%eval 0.01] } 6. O-O { [%eval 0.02] } 6... c6 { [%eval 0.1] } 7. Qc2 { [%eval 0.03] } 7... Nbd7 { [%eval 0.09] } 8. Bg5 { [%eval -0.07] } 8... b6 { [%eval -0.12] } 9. Nbd2 { [%eval -0.17] } 9... Bb7 { [%eval -0.24] } 10. Rfc1 { [%eval -0.17] } 10... Rc8 { [%eval -0.19] } 11. e3 { [%eval -0.36] } 11... h6 { [%eval -0.21] } 12. Bxf6 { [%eval -0.15] } 12... Nxf6 { [%eval -0.24] } 13. cxd5 { [%eval -0.13] } 13... cxd5 { [%eval 0.0] } 14. Qa4 { [%eval -0.08] } 14... a6 { [%eval -0.03] } 15. a3 { [%eval -0.08] } 15... b5 { [%eval 0.0] } 16. Rxc8 { [%eval 0.02] } 16... Qxc8 { [%eval 0.05] } 17. Qd1 { [%eval 0.04] } 17... Qb8 { [%eval 0.22] } 18. Rc1 { [%eval 0.07] } 18... Rc8 { [%eval 0.09] } 19. Ne5 { [%eval 0.12] } 19... Bd6 { [%eval 0.18] } 20. Nd3 { [%eval 0.12] } 20... Nd7 { [%eval 0.18] } 21. Nb3 { [%eval 0.17] } 21... Nb6 { [%eval 0.25] } 22. Nbc5 { [%eval 0.29] } 22... Nc4 { [%eval 0.37] } 23. b3 { [%eval 0.4] } 23... Nb6 { [%eval 0.31] } 24. Qg4 { [%eval 0.28] } 24... Rc7 { [%eval 0.2] } 25. Bh3 { [%eval 0.07] } 25... Bc8 { [%eval 0.19] } 26. Qh5 { [%eval 0.12] } 26... a5 { [%eval 0.16] } 27. Bg2 { [%eval 0.0] } 27... a4 { [%eval 0.0] } 28. Qd1 { [%eval -0.05] } 28... axb3 { [%eval 0.1] } 29. Qxb3 { [%eval 0.11] } 29... Nc4 { [%eval 0.58] } 30. a4 { [%eval 0.44] } 30... Bxc5?! { [%eval 1.29] } 31. Nxc5 { [%eval 1.12] } 31... Nd6?! { [%eval 1.7] } 32. Bf1 { [%eval 1.65] } 32... Bd7?? { [%eval 6.48] } 33. Na6 { [%eval 6.31] } 33... Rxc1? { [%eval 7.33] } 34. Nxb8 { [%eval 7.25] } 34... Ne4? { [%eval 8.98] } 35. Nxd7?? { [%eval 3.6] } 35... Rxf1+ { [%eval 3.65] } 36. Kxf1 { [%eval 3.65] } 36... Nd2+ { [%eval 3.63] } 37. Kg2 { [%eval 3.59] } 37... Nxb3 { [%eval 3.59] } 38. axb5 { [%eval 3.55] } 38... Na5 { [%eval 3.56] } 39. b6 { [%eval 3.31] } 39... f6?! { [%eval 4.12] } 40. Nc5 { [%eval 4.12] } 40... Kf7 { [%eval 4.11] } 41. b7 { [%eval 4.1] } 41... Nc6 { [%eval 4.09] } 42. Nd7 { [%eval 4.07] } 42... Ke7 { [%eval 3.96] } 43. b8=Q { [%eval 3.87] } 43... Nxb8 { [%eval 3.8] } 44. Nxb8 { [%eval 3.73] } 1-0,2705.5
 Bullet ,opperwezen,BVB09,1-0,2016.07.21,18:27:07,2802,2604,8.0,-6.0,A96,Dutch Defense: Classical Variation,60+0,Normal,1. Nf3 e6 2. g3 f5 3. Bg2 Nf6 4. d4 Be7 5. O-O O-O 6. c4 d6 7. Nbd2 Ne4 8. b3 Nc3 9. Qe1 Ne4 10. Bb2 Bf6 11. Nxe4 fxe4 12. Nd2 d5 13. e3 c6 14. f3 exf3 15. Nxf3 Bd7 16. e4 dxe4 17. Qxe4 Na6 18. Rad1 Qa5 19. a3 Qf5 20. Rfe1 Rae8 21. b4 Nc7 22. Ne5 Bc8 23. Qe3 Bxe5 24. dxe5 b6 25. Bxc6 1-0,2703.0
 Bullet ,opperwezen,BVB09,1-0,2016.07.21,18:30:11,2787,2617,8.0,-7.0,D02,Queen's Pawn Game: Zukertort Variation,60+0,Normal,1. d4 d5 2. Nf3 c6 3. g3 e6 4. Bg2 Nf6 5. O-O Nbd7 6. Nbd2 Bd6 7. c4 O-O 8. Qc2 Qe7 9. b3 a5 10. Bb2 b6 11. e4 dxe4 12. Nxe4 Nxe4 13. Qxe4 Bb7 14. Rfe1 Nf6 15. Qh4 c5 16. d5 Qd7 17. Bxf6 1-0,2702.0
 Bullet ,opperwezen,BVB09,0-1,2016.07.21,18:33:11,2803,2604,-22.0,19.0,A01,Nimzo-Larsen Attack: Symmetrical Variation,60+0,Normal,1. b3 { [%eval -0.2] } 1... b6 { [%eval 0.11] } 2. Bb2 { [%eval 0.12] } 2... Bb7 { [%eval 0.12] } 3. e3 { [%eval 0.12] } 3... Nf6 { [%eval 0.13] } 4. Nf3 { [%eval 0.13] } 4... e6 { [%eval 0.1] } 5. c4 { [%eval 0.1] } 5... Be7 { [%eval 0.13] } 6. d3 { [%eval -0.06] } 6... O-O { [%eval -0.05] } 7. Be2 { [%eval -0.13] } 7... d6 { [%eval 0.12] } 8. O-O { [%eval 0.08] } 8... Nbd7 { [%eval 0.1] } 9. Nbd2 { [%eval 0.04] } 9... a6 { [%eval 0.11] } 10. Qc2 { [%eval 0.0] } 10... c5 { [%eval 0.03] } 11. Rad1 { [%eval 0.0] } 11... Rc8 { [%eval -0.05] } 12. Rfe1 { [%eval 0.0] } 12... Rc7 { [%eval 0.17] } 13. Qb1 { [%eval -0.01] } 13... Qa8 { [%eval -0.01] } 14. d4 { [%eval -0.08] } 14... Rfc8 { [%eval -0.01] } 15. Bf1 { [%eval -0.15] } 15... cxd4 { [%eval -0.17] } 16. exd4 { [%eval -0.14] } 16... d5 { [%eval -0.18] } 17. Ne5 { [%eval -0.06] } 17... dxc4 { [%eval 0.03] } 18. bxc4 { [%eval -0.07] } 18... Nxe5 { [%eval -0.01] } 19. dxe5 { [%eval -0.11] } 19... Nd7 { [%eval -0.1] } 20. Ne4 { [%eval 0.0] } 20... Bxe4 { [%eval 0.0] } 21. Rxe4 { [%eval 0.0] } 21... Qc6 { [%eval 0.0] } 22. h4 { [%eval 0.0] } 22... Nc5 { [%eval 0.0] } 23. Rg4 { [%eval -0.08] } 23... Rd7 { [%eval -0.09] } 24. Rxd7 { [%eval -0.12] } 24... Qxd7 { [%eval -0.13] } 25. Bd4 { [%eval -0.32] } 25... h5 { [%eval -0.36] } 26. Rf4 { [%eval -0.35] } 26... Qc7 { [%eval 0.0] } 27. Be2 { [%eval 0.0] } 27... g6 { [%eval 0.0] } 28. Bf3?! { [%eval -0.71] } 28... Bf8 { [%eval -0.77] } 29. g4?! { [%eval -1.32] } 29... hxg4? { [%eval 0.19] } 30. Rxg4 { [%eval 0.26] } 30... Bg7 { [%eval 0.27] } 31. h5 { [%eval 0.41] } 31... Bxe5 { [%eval 0.36] } 32. Bxe5 { [%eval 0.0] } 32... Qxe5 { [%eval 0.0] } 33. hxg6 { [%eval 0.0] } 33... f5 { [%eval 0.03] } 34. Rg2 { [%eval -0.1] } 34... Rd8 { [%eval -0.61] } 35. Qxb6?? { [%eval -5.88] } 35... Rb8 { [%eval -5.81] } 36. Qa7?? { [%eval #-2] } 36... Rb1+ { [%eval #-1] } 0-1,2703.5
 Bullet ,BVB09,opperwezen,0-1,2016.07.21,18:34:56,2623,2781,-8.0,8.0,D00,Queen's Pawn Game,60+0,Normal,1. d4 { [%eval 0.13] } 1... d5 { [%eval 0.18] } 2. Nd2 { [%eval -0.02] } 2... e6 { [%eval 0.26] } 3. e3 { [%eval -0.08] } 3... Nf6 { [%eval -0.12] } 4. f4 { [%eval -0.52] } 4... Be7 { [%eval -0.27] } 5. Ngf3 { [%eval -0.43] } 5... O-O { [%eval -0.29] } 6. Bd3 { [%eval -0.35] } 6... c5 { [%eval -0.32] } 7. c3 { [%eval -0.29] } 7... Nc6 { [%eval -0.11] } 8. O-O { [%eval -0.17] } 8... b6 { [%eval -0.1] } 9. Ne5 { [%eval -0.07] } 9... Bb7 { [%eval -0.09] } 10. g4 { [%eval -0.4] } 10... Qc7 { [%eval -0.34] } 11. g5 { [%eval -0.34] } 11... Nd7?! { [%eval 0.33] } 12. Qh5 { [%eval 0.3] } 12... f5 { [%eval 0.33] } 13. Rf3?! { [%eval -0.54] } 13... Ncxe5 { [%eval -0.55] } 14. dxe5 { [%eval -0.53] } 14... g6 { [%eval -0.57] } 15. Qh6 { [%eval -0.59] } 15... Rf7 { [%eval -0.61] } 16. Rh3 { [%eval -0.72] } 16... a6 { [%eval -0.6] } 17. Nf3 { [%eval -0.51] } 17... b5 { [%eval -0.58] } 18. Bd2 { [%eval -0.53] } 18... Rd8 { [%eval -0.44] } 19. Nh4?? { [%eval -4.05] } 19... Nf8?? { [%eval -0.42] } 20. Nf3 { [%eval -0.43] } 20... Bc6 { [%eval -0.49] } 21. Rd1 { [%eval -0.49] } 21... Qb7 { [%eval -0.53] } 22. Be1? { [%eval -2.33] } 22... d4 { [%eval -2.3] } 23. Be2? { [%eval -4.09] } 23... d3 { [%eval -3.98] } 0-1,2702.0
 Bullet ,opperwezen,BVB09,0-1,2016.07.21,18:36:04,2789,2615,-20.0,18.0,D30,Queen's Gambit Declined,60+0,Normal,1. d4 { [%eval 0.2] } 1... d5 { [%eval 0.15] } 2. c4 { [%eval 0.17] } 2... e6 { [%eval 0.26] } 3. cxd5 { [%eval 0.05] } 3... exd5 { [%eval 0.06] } 4. Nc3 { [%eval 0.1] } 4... c6 { [%eval 0.09] } 5. Bf4 { [%eval 0.13] } 5... Bf5 { [%eval 0.12] } 6. e3 { [%eval 0.13] } 6... Bd6 { [%eval 0.15] } 7. Bg3 { [%eval -0.03] } 7... Nf6 { [%eval 0.02] } 8. Bd3 { [%eval 0.0] } 8... Bxd3 { [%eval 0.0] } 9. Qxd3 { [%eval -0.21] } 9... O-O { [%eval 0.03] } 10. Nf3 { [%eval -0.23] } 10... Qe7 { [%eval 0.0] } 11. Bxd6 { [%eval 0.0] } 11... Qxd6 { [%eval 0.0] } 12. O-O { [%eval 0.04] } 12... Nbd7 { [%eval 0.0] } 13. Rab1 { [%eval 0.0] } 13... Rfe8 { [%eval 0.0] } 14. b4 { [%eval 0.01] } 14... Ne4 { [%eval 0.03] } 15. Rfc1 { [%eval 0.01] } 15... Nxc3 { [%eval 0.13] } 16. Qxc3 { [%eval 0.15] } 16... a6 { [%eval 0.12] } 17. a4 { [%eval 0.12] } 17... Nb6 { [%eval 0.13] } 18. Qc2 { [%eval -0.03] } 18... Nc4 { [%eval -0.1] } 19. Qd3 { [%eval -0.11] } 19... b5 { [%eval 0.0] } 20. a5 { [%eval 0.0] } 20... Re6 { [%eval -0.12] } 21. Nd2 { [%eval -0.15] } 21... Rae8 { [%eval 0.0] } 22. Nb3?! { [%eval -0.81] } 22... h5? { [%eval 0.6] } 23. Nc5 { [%eval 1.0] } 23... Rg6 { [%eval 1.15] } 24. Nxa6 { [%eval 1.16] } 24... Qf6 { [%eval 0.8] } 25. Rc2?! { [%eval 0.25] } 25... Qg5 { [%eval 0.74] } 26. f4? { [%eval -0.91] } 26... Qh4 { [%eval -1.08] } 27. Re2 { [%eval -0.54] } 27... Rg4? { [%eval 1.65] } 28. Rbe1 { [%eval 1.55] } 28... Re6 { [%eval 1.68] } 29. Nc5?? { [%eval -2.15] } 29... Reg6 { [%eval -2.14] } 30. Rf1? { [%eval -4.2] } 30... Qh3 { [%eval -3.92] } 31. Rff2 { [%eval -3.31] } 31... Rh4 { [%eval -3.05] } 32. g3? { [%eval -5.53] } 32... Rxg3+ { [%eval -4.51] } 33. Rg2?? { [%eval #-4] } 33... Qxh2+ { [%eval #-3] } 0-1,2702.0
 Bullet ,BVB09,opperwezen,0-1,2016.07.21,18:37:50,2633,2769,-8.0,9.0,C42,Russian Game: Three Knights Game,60+0,Normal,1. e4 e5 2. Nf3 Nf6 3. Nc3 Bb4 4. Bd3 d6 5. O-O O-O 6. a3 Bxc3 7. dxc3 h6 8. Nh4 Nc6 9. Nf5 Bxf5 10. exf5 d5 11. Re1 Re8 12. h3 a6 13. g4 Qd7 14. Bf1 Rad8 15. Bg2 e4 16. Bf4 Ne5 17. Qd4 b6 18. b4 Qe7 19. a4 c5 20. Qxe5 Qxe5 21. Bxe5 Rxe5 22. bxc5 bxc5 23. Rab1 d4 24. Rb6 dxc3 25. Rxa6 Red5 26. Re3 Rd1+ 27. Kh2 R1d2 28. Rxc3 Rxf2 29. Kg3 Rdd2 30. Bh1 Rf1 31. Rxf6 gxf6 32. Bxe4 Rd4 33. Bf3 Rxa4 34. Rxc5 Ra3 35. c3 Rc1 36. h4 Rcxc3 37. Rxc3 Rxc3 38. Kf4 Kf8 39. Be4 Rc4 40. Kf3 Ke7 41. Bd5 Rb4 42. h5 Kd6 43. Be4 Ke5 0-1,2701.0
 Bullet ,opperwezen,BVB09,1-0,2016.07.21,18:39:41,2778,2625,8.0,-7.0,A00,Van Geet Opening,60+0,Normal,1. Nc3 d5 2. e4 dxe4 3. Nxe4 Nd7 4. d4 Ngf6 5. Nxf6+ Nxf6 6. Nf3 b6 7. Be2 Bb7 8. Kf1 e6 9. c3 Be7 10. Bf4 O-O 11. h3 c5 12. dxc5 Qxd1+ 13. Rxd1 Bxc5 14. Be5 Rfd8 15. Bd4 Bxd4 16. Nxd4 g6 17. f3 e5 18. Nc2 Rxd1+ 19. Bxd1 Rd8 20. Ke1 Nd5 21. g3 Ba6 22. Rh2 f5 23. Rd2 Rd7 24. Nb4 Bb7 25. Bb3 1-0,2701.5
 Bullet ,BVB09,opperwezen,0-1,2016.07.21,18:40:50,2618,2786,-7.0,7.0,D02,Queen's Pawn Game: Zukertort Variation,60+0,Normal,1. d4 { [%eval 0.15] } 1... d5 { [%eval 0.16] } 2. Nf3 { [%eval 0.19] } 2... e6 { [%eval 0.19] } 3. g3 { [%eval 0.06] } 3... Nf6 { [%eval -0.03] } 4. Bg2 { [%eval 0.01] } 4... Be7 { [%eval 0.03] } 5. O-O { [%eval 0.02] } 5... O-O { [%eval 0.0] } 6. c4 { [%eval -0.04] } 6... dxc4 { [%eval -0.07] } 7. Qc2 { [%eval 0.0] } 7... a6 { [%eval 0.0] } 8. Qxc4 { [%eval 0.01] } 8... b5 { [%eval -0.03] } 9. Qc2 { [%eval -0.12] } 9... Bb7 { [%eval -0.14] } 10. Bf4 { [%eval -0.08] } 10... Bd6 { [%eval 0.18] } 11. Nbd2 { [%eval 0.2] } 11... Nbd7 { [%eval 0.13] } 12. Nb3 { [%eval 0.01] } 12... Qe7 { [%eval 0.38] } 13. Rac1 { [%eval 0.05] } 13... Be4 { [%eval 0.09] } 14. Qd2 { [%eval 0.04] } 14... Rfd8 { [%eval -0.05] } 15. Ne5? { [%eval -1.41] } 15... Bxg2 { [%eval -1.19] } 16. Nxd7?! { [%eval -1.82] } 16... Bxf1?! { [%eval -1.27] } 17. Nxf6+ { [%eval -1.48] } 17... Qxf6?! { [%eval -0.86] } 0-1,2702.0
 Blitz ,jitanu76,felipe111,1-0,2016.07.21,20:40:36,2753,2655,9.0,-9.0,E97,"King's Indian Defense: Orthodox Variation, Aronin-Taimanov Defense",180+1,Normal,1. d4 { [%eval 0.19] } 1... Nf6 { [%eval 0.16] } 2. c4 { [%eval 0.21] } 2... g6 { [%eval 0.39] } 3. Nc3 { [%eval 0.38] } 3... Bg7 { [%eval 0.41] } 4. e4 { [%eval 0.53] } 4... d6 { [%eval 0.59] } 5. Nf3 { [%eval 0.5] } 5... O-O { [%eval 0.43] } 6. Be2 { [%eval 0.32] } 6... e5 { [%eval 0.4] } 7. O-O { [%eval 0.19] } 7... Nc6 { [%eval 0.57] } 8. dxe5 { [%eval 0.12] } 8... dxe5 { [%eval 0.23] } 9. Bg5 { [%eval 0.1] } 9... Qxd1 { [%eval 0.24] } 10. Rfxd1 { [%eval 0.25] } 10... h6 { [%eval 0.31] } 11. Be3 { [%eval 0.44] } 11... Be6 { [%eval 0.65] } 12. Nd5 { [%eval 0.62] } 12... Nxe4 { [%eval 0.79] } 13. Nxc7 { [%eval 0.79] } 13... Rac8 { [%eval 0.9] } 14. Nxe6 { [%eval 0.88] } 14... fxe6 { [%eval 0.9] } 15. Rd7 { [%eval 0.52] } 15... Rf7 { [%eval 0.89] } 16. Rad1 { [%eval 0.59] } 16... Rc7 { [%eval 0.64] } 17. Rxf7 { [%eval 0.56] } 17... Rxf7 { [%eval 0.83] } 18. a3 { [%eval 0.89] } 18... a5 { [%eval 0.84] } 19. c5 { [%eval 0.55] } 19... Rc7 { [%eval 0.69] } 20. Bd3?! { [%eval 0.13] } 20... Rd7 { [%eval 0.13] } 21. Bc2 { [%eval 0.17] } 21... Rxd1+ { [%eval 0.21] } 22. Bxd1 { [%eval 0.1] } 22... Bf8?! { [%eval 0.72] } 23. Bc2 { [%eval 0.5] } 23... Nxc5 { [%eval 0.66] } 24. Bxg6 { [%eval 0.68] } 24... Na4 { [%eval 0.68] } 25. Bc1 { [%eval 0.34] } 25... Bd6?! { [%eval 1.28] } 26. Bc2 { [%eval 1.24] } 26... Nc5 { [%eval 1.36] } 27. Be3?! { [%eval 0.7] } 27... Kg7 { [%eval 0.7] } 28. Nd2 { [%eval 0.69] } 28... Nd4 { [%eval 0.69] } 29. Bd1 { [%eval 0.21] } 29... b5 { [%eval 0.16] } 30. Nf3 { [%eval 0.17] } 30... Nf5 { [%eval 0.5] } 31. Bxc5 { [%eval 0.4] } 31... Bxc5 { [%eval 0.35] } 32. Nxe5 { [%eval 0.45] } 32... Nd6 { [%eval 0.53] } 33. Nd3 { [%eval 0.53] } 33... Bb6 { [%eval 0.53] } 34. Kf1 { [%eval 0.55] } 34... Bd4 { [%eval 0.54] } 35. a4 { [%eval 0.57] } 35... bxa4 { [%eval 0.62] } 36. Bxa4 { [%eval 0.55] } 36... Nc4 { [%eval 0.65] } 37. b3 { [%eval 0.65] } 37... Nb2 { [%eval 1.05] } 38. Nf4 { [%eval 0.98] } 38... Kf6 { [%eval 1.04] } 39. Ke2 { [%eval 0.97] } 39... e5 { [%eval 1.15] } 40. Nd5+ { [%eval 1.16] } 40... Ke6 { [%eval 1.23] } 41. Ne3 { [%eval 1.02] } 41... e4 { [%eval 1.37] } 42. Bc6 { [%eval 1.31] } 42... Ke5 { [%eval 1.37] } 43. Ng4+ { [%eval 1.39] } 43... Kf4 { [%eval 1.32] } 44. Nxh6 { [%eval 1.2] } 44... Nd3 { [%eval 1.2] } 45. g3+ { [%eval 1.2] } 45... Kg5 { [%eval 1.2] } 46. Nf7+ { [%eval 1.2] } 46... Kf6 { [%eval 1.2] } 47. Nd6 { [%eval 1.2] } 47... Nxf2 { [%eval 1.2] } 48. Nxe4+ { [%eval 1.2] } 48... Nxe4 { [%eval 1.2] } 49. Bxe4 { [%eval 1.2] } 49... Kg5 { [%eval 1.2] } 50. Kf3 { [%eval 1.2] } 50... Bc3 { [%eval 1.2] } 51. h4+ { [%eval 1.2] } 51... Kf6 { [%eval 1.37] } 52. g4 { [%eval 1.37] } 52... Bd2?? { [%eval 8.27] } 53. g5+ { [%eval 4.57] } 53... Kg7?? { [%eval 19.66] } 54. Kg4 { [%eval 17.2] } 54... Kf7 { [%eval 15.97] } 55. Kf5 { [%eval 13.93] } 55... Kg7 { [%eval 12.88] } 56. h5 { [%eval 6.35] } 56... Bc3?? { [%eval 49.53] } 57. h6+ { [%eval 52.27] } 57... Kh8 { [%eval 52.19] } 58. g6 { [%eval 48.95] } 58... Bd4?! { [%eval #12] } 59. Bd5 { [%eval #11] } 59... a4 { [%eval #8] } 60. bxa4 { [%eval #7] } 60... Bc3 { [%eval #6] } 61. g7+ { [%eval #10] } 61... Bxg7 { [%eval #10] } 62. hxg7+ { [%eval #9] } 62... Kxg7 { [%eval #9] } 63. a5 { [%eval #8] } 63... Kf8 { [%eval #8] } 64. a6 { [%eval #7] } 64... Ke7 { [%eval #7] } 1-0,2704.0
 Blitz ,felipe111,jitanu76,0-1,2016.07.21,20:48:09,2646,2762,-8.0,8.0,B10,Caro-Kann Defense,180+1,Normal,1. e4 { [%eval 0.32] } 1... c6 { [%eval 0.4] } 2. g3 { [%eval -0.01] } 2... d5 { [%eval 0.0] } 3. Bg2 { [%eval -0.18] } 3... dxe4 { [%eval -0.19] } 4. Bxe4 { [%eval -0.17] } 4... Nf6 { [%eval -0.24] } 5. Bg2 { [%eval -0.15] } 5... Bg4 { [%eval 0.0] } 6. Ne2 { [%eval -0.2] } 6... Nbd7 { [%eval -0.03] } 7. h3 { [%eval -0.17] } 7... Bh5 { [%eval 0.11] } 8. f4 { [%eval -0.11] } 8... e6 { [%eval 0.0] } 9. O-O { [%eval -0.46] } 9... Bc5+ { [%eval -0.52] } 10. Kh2 { [%eval -0.51] } 10... Bg6 { [%eval -0.05] } 11. Nbc3 { [%eval -0.48] } 11... h5 { [%eval -0.39] } 12. d3? { [%eval -1.57] } 12... Ng4+ { [%eval -1.58] } 13. hxg4? { [%eval -3.6] } 13... hxg4+ { [%eval -3.86] } 14. Bh3 { [%eval -4.14] } 14... Rxh3+ { [%eval -4.02] } 15. Kg2 { [%eval -3.97] } 15... Ke7 { [%eval -3.85] } 16. Bd2?? { [%eval #-3] } 16... Rh2+ { [%eval #-2] } 0-1,2704.0
 Blitz ,jitanu76,zsoltik,1-0,2016.07.21,20:50:36,2770,2635,7.0,-6.0,E34,"Nimzo-Indian Defense: Classical Variation, Noa Variation",180+1,Normal,1. d4 { [%eval 0.17] } 1... Nf6 { [%eval 0.2] } 2. c4 { [%eval 0.11] } 2... e6 { [%eval 0.18] } 3. Nc3 { [%eval 0.14] } 3... Bb4 { [%eval 0.26] } 4. Qc2 { [%eval 0.0] } 4... d5 { [%eval 0.1] } 5. cxd5 { [%eval -0.05] } 5... Qxd5 { [%eval 0.38] } 6. Bd2?! { [%eval -0.2] } 6... Qf5? { [%eval 0.82] } 7. e4 { [%eval 0.71] } 7... Qa5?! { [%eval 1.39] } 8. a3 { [%eval 1.24] } 8... b6 { [%eval 1.69] } 9. Rd1 { [%eval 1.34] } 9... Bxc3 { [%eval 1.22] } 10. Bxc3 { [%eval 1.48] } 10... Qh5 { [%eval 1.51] } 11. Ne2?! { [%eval 0.98] } 11... Bb7? { [%eval 2.25] } 12. f3?! { [%eval 1.54] } 12... O-O { [%eval 1.43] } 13. Nf4?! { [%eval 0.82] } 13... Qh4+?! { [%eval 1.41] } 14. g3 { [%eval 1.25] } 14... Qg5 { [%eval 1.34] } 15. Bd2?! { [%eval 0.8] } 15... Rc8? { [%eval 1.81] } 16. Nd5 { [%eval 1.43] } 16... Qh5 { [%eval 1.21] } 17. Ne7+ { [%eval 1.2] } 17... Kh8 { [%eval 1.12] } 18. Nxc8 { [%eval 1.35] } 18... Qxf3 { [%eval 1.23] } 19. Rg1 { [%eval 0.92] } 19... Nxe4?? { [%eval 5.36] } 20. Bf4 { [%eval 5.9] } 20... Bxc8?! { [%eval 6.87] } 21. Bg2 { [%eval 6.67] } 1-0,2702.5
 Blitz ,zsoltik,jitanu76,0-1,2016.07.21,20:54:33,2629,2777,-7.0,7.0,B10,Caro-Kann Defense: Two Knights Attack,180+1,Normal,1. e4 { [%eval 0.32] } 1... c6 { [%eval 0.34] } 2. Nf3 { [%eval 0.29] } 2... d5 { [%eval 0.41] } 3. Nc3 { [%eval 0.39] } 3... dxe4 { [%eval 0.36] } 4. Nxe4 { [%eval 0.28] } 4... Nf6 { [%eval 0.27] } 5. Nxf6+ { [%eval 0.35] } 5... exf6 { [%eval 0.31] } 6. d4 { [%eval 0.34] } 6... Bd6 { [%eval 0.36] } 7. Bc4 { [%eval 0.09] } 7... O-O { [%eval 0.13] } 8. O-O { [%eval 0.16] } 8... Bg4 { [%eval 0.17] } 9. Qd3 { [%eval -0.01] } 9... Nd7 { [%eval 0.4] } 10. h3 { [%eval 0.36] } 10... Bh5 { [%eval 0.37] } 11. Nh4 { [%eval 0.39] } 11... Nb6 { [%eval 0.28] } 12. Bb3 { [%eval 0.35] } 12... Re8 { [%eval 0.56] } 13. Qf5? { [%eval -1.77] } 13... Be2 { [%eval -1.29] } 14. Re1 { [%eval -1.5] } 14... Bd3? { [%eval -0.08] } 15. Rxe8+ { [%eval 0.06] } 15... Qxe8 { [%eval 0.0] } 16. Qxd3?? { [%eval -6.85] } 16... Qe1+ { [%eval -6.78] } 17. Qf1 { [%eval -6.81] } 17... Bh2+ { [%eval -6.83] } 18. Kxh2 { [%eval -6.72] } 18... Qxf1 { [%eval -6.63] } 19. Nf5 { [%eval -6.76] } 19... Re8 { [%eval -6.5] } 20. Nxg7? { [%eval -8.32] } 20... Re1 { [%eval -8.12] } 21. Nf5 { [%eval -8.22] } 21... Rxc1 { [%eval -7.97] } 0-1,2703.0
 Bullet tournament ,ferrari9182,gnejs,0-1,2016.07.21,21:17:29,2523,2804,-6.0,6.0,B01,Scandinavian Defense,30+0,Normal,1. e4 d5 2. Nc3 dxe4 3. Nxe4 Nf6 4. Ng3 h5 5. Nf3 h4 6. Ne2 h3 7. gxh3 Bxh3 8. Bxh3 Rxh3 9. Ng5 Rh5 10. d4 Nc6 11. Ng3 Rh8 12. c3 Qd5 13. Rg1 e5 14. Qf3 exd4 15. cxd4 Nxd4 16. Qxd5 Nxd5 17. Kd2 Bb4+ 18. Kd3 c5 19. Be3 Nxe3 20. fxe3 Nc6 21. Rad1 f6 22. Kc2 fxg5 23. Nf5 Rxh2+ 24. Kb3 b5 25. a3 Na5+ 26. Ka2 Bc3 27. Nd6+ Ke7 28. Nxb5 Rxb2+ 29. Ka1 Nb3# 0-1,2663.5
 Bullet tournament ,lovlas,chickencrossroad,1-0,2016.07.21,21:29:34,2757,2646,13.0,-10.0,A00,Van't Kruijs Opening,30+0,Normal,1. e3 d5 2. Nf3 Nf6 3. c4 c6 4. cxd5 cxd5 5. Nc3 Nc6 6. d4 Bg4 7. Be2 e6 8. O-O Bd6 9. h3 Bh5 10. b4 Bxb4 11. Bd2 O-O 12. Rb1 Qc7 13. Nb5 Qa5 14. Bxb4 Nxb4 15. Qb3 Nc6 16. Nd6 b6 17. Rfc1 Ne7 18. Nb7 Bxf3 19. Nxa5 Bxe2 20. Nc6 Nf5 21. Ne5 Bc4 22. Nxc4 dxc4 23. Qxc4 Ne4 24. Qe2 Rac8 25. g4 Nfd6 26. f3 Nc3 27. Rxc3 Rxc3 28. Qd2 Rfc8 29. Rb2 Rc1+ 30. Kg2 R1c4 31. e4 R4c7 32. e5 Nc4 33. Rc2 Nb2 34. Rxc7 Rxc7 35. Qxb2 Rd7 36. Qa3 Rd8 37. Qxa7 Rb8 38. Qxb8# 1-0,2701.5
 Bullet tournament ,lovlas,gnejs,0-1,2016.07.21,21:33:38,2767,2791,-16.0,15.0,A00,Van't Kruijs Opening,30+0,Normal,1. e3 d5 2. Nc3 e5 3. d4 e4 4. f3 Nf6 5. fxe4 dxe4 6. g3 Bb4 7. Bg2 h5 8. Ne2 h4 9. Bd2 h3 10. Bf1 Bg4 11. a3 Bd6 12. Rg1 Bf3 13. b4 Ng4 14. Qb1 Nxh2 15. Qb3 Ng4 16. Nf4 h2 17. Rh1 Bxf4 18. Rxh2 Rxh2 19. Bc4 Bxg3+ 0-1,2779.0
 Bullet tournament ,chickencrossroad,gnejs,0-1,2016.07.21,21:35:08,2645,2779,-9.0,11.0,A43,Benoni Defense: Old Benoni,30+0,Normal,1. d4 c5 2. d5 d6 3. c4 g6 4. Nc3 Bg7 5. e4 Nf6 6. h3 O-O 7. Nf3 e6 8. Bd3 exd5 9. cxd5 b5 10. Bxb5 Nxe4 11. Nxe4 Qa5+ 12. Nc3 Bxc3+ 13. bxc3 Qxb5 14. Qe2 Qxe2+ 15. Kxe2 Re8+ 16. Be3 Ba6+ 17. Kd2 Nd7 18. Rhe1 Nf6 19. Bf4 Nxd5 20. Bxd6 Red8 21. Be5 f6 22. Bg3 Nf4+ 23. Kc2 Nxg2 24. Rg1 Bd3+ 25. Kc1 Be4 26. Rxg2 Bxf3 27. Rg1 Rd5 28. Kc2 Rad8 29. Bf4 Be4+ 30. Kc1 g5 31. Be3 Kf7 32. Re1 Bd3 33. f3 c4 34. Kb2 R8d7 35. Rac1 h6 36. Ka3 Rb5 37. Bd4 Rd6 38. Bc5 Ra6# 0-1,2712.0
 Bullet tournament ,lovlas,gnejs,0-1,2016.07.21,21:56:11,2696,2813,-11.0,12.0,A00,Van't Kruijs Opening,30+0,Normal,1. e3 { [%eval 0.18] } 1... e5 { [%eval 0.19] } 2. Nc3 { [%eval -0.27] } 2... d5 { [%eval -0.2] } 3. Nf3 { [%eval -0.34] } 3... e4 { [%eval -0.44] } 4. Nd4 { [%eval -0.28] } 4... c5 { [%eval -0.15] } 5. Nb3 { [%eval -0.49] } 5... Nf6 { [%eval -0.41] } 6. d3 { [%eval -0.35] } 6... exd3 { [%eval -0.42] } 7. cxd3 { [%eval -0.36] } 7... Nc6 { [%eval -0.36] } 8. g3 { [%eval -0.81] } 8... h5 { [%eval -0.48] } 9. Bg2 { [%eval -0.72] } 9... h4 { [%eval -0.55] } 10. O-O { [%eval -0.66] } 10... hxg3 { [%eval -0.39] } 11. fxg3 { [%eval -0.67] } 11... Bd6?! { [%eval -0.12] } 12. Nxd5?! { [%eval -0.93] } 12... Be6? { [%eval 1.55] } 13. Nxf6+ { [%eval 1.66] } 13... gxf6 { [%eval 1.72] } 14. Qf3 { [%eval 1.23] } 14... Qe7 { [%eval 1.43] } 15. Qxf6 { [%eval 1.03] } 15... Qxf6 { [%eval 1.22] } 16. Rxf6 { [%eval 1.25] } 16... Ke7?! { [%eval 1.78] } 17. Rf1 { [%eval 1.82] } 17... Ne5 { [%eval 2.17] } 18. d4 { [%eval 2.32] } 18... Ng4 { [%eval 2.32] } 19. h3 { [%eval 2.36] } 19... Nf6 { [%eval 2.29] } 20. g4 { [%eval 2.46] } 20... c4?! { [%eval 3.16] } 21. Nd2? { [%eval 1.96] } 21... Rag8 { [%eval 2.06] } 22. Ne4?? { [%eval -1.88] } 22... Nxe4 { [%eval -1.84] } 23. Bxe4 { [%eval -1.85] } 23... Rxh3 { [%eval -1.97] } 24. Bg2 { [%eval -1.7] } 24... Rxg4 { [%eval -1.69] } 25. Bd2?? { [%eval -7.84] } 25... Rhg3 { [%eval -7.63] } 26. Rf2 { [%eval -7.51] } 26... Bd5 { [%eval -7.33] } 27. e4 { [%eval -7.46] } 27... Rxe4?? { [%eval -1.59] } 28. Kh2?? { [%eval -13.65] } 28... Rh4+?? { [%eval -6.39] } 29. Kg1 { [%eval -6.23] } 29... Rhg4? { [%eval -4.36] } 30. Re1+ { [%eval -4.4] } 30... Kd7 { [%eval -4.12] } 31. Be3?? { [%eval -9.63] } 31... c3 { [%eval -9.43] } 32. bxc3?! { [%eval -10.26] } 32... Rxg2+ { [%eval -9.15] } 33. Kf1? { [%eval #-10] } 33... Bc4+ { [%eval #-10] } 34. Ree2 { [%eval #-1] } 34... Rg1# 0-1,2754.5
 Bullet tournament ,gnejs,lovlas,1-0,2016.07.21,21:58:26,2825,2690,11.0,-10.0,D24,Queen's Gambit Accepted: Bogoljubov Defense,30+0,Normal,1. Nf3 d5 2. d4 Nf6 3. c4 dxc4 4. Nc3 a6 5. e4 b5 6. e5 Nd5 7. a4 Nxc3 8. bxc3 Bb7 9. Ng5 e6 10. Qh5 g6 11. Qg4 h6 12. Nxe6 fxe6 13. Qxe6+ Qe7 14. Qxg6+ Qf7 15. Qc2 Bg7 16. axb5 axb5 17. Rxa8 Bxa8 18. Ba3 Nd7 19. h4 c5 20. Rh3 O-O 21. Rg3 b4 22. Bb2 b3 23. Qe2 cxd4 24. cxd4 Bd5 25. Qg4 Be6 26. Qe4 Bf5 27. Qc6 Re8 28. Bxc4 Be6 29. Bxe6 Rxe6 30. Qc8+ Re8 31. Qc3 Nxe5 32. dxe5 Rxe5+ 33. Qxe5 Kh7 34. Rxg7+ 1-0,2757.5
 Bullet tournament ,lovlas,gnejs,1-0,2016.07.21,22:00:44,2655,2839,22.0,-25.0,A40,"Englund Gambit Declined, Reversed French",30+0,Normal,1. e3 { [%eval 0.24] } 1... e5 { [%eval 0.2] } 2. d4 { [%eval 0.22] } 2... e4 { [%eval 0.39] } 3. c4 { [%eval 0.39] } 3... Nf6 { [%eval 0.41] } 4. Nc3 { [%eval 0.46] } 4... Bb4 { [%eval 0.7] } 5. Qb3 { [%eval 0.22] } 5... a5 { [%eval 0.6] } 6. a3 { [%eval 0.18] } 6... Bxc3+ { [%eval 0.16] } 7. bxc3 { [%eval -0.02] } 7... a4 { [%eval 0.06] } 8. Qb2 { [%eval -0.32] } 8... Nc6 { [%eval -0.22] } 9. Ne2 { [%eval -0.32] } 9... d6 { [%eval -0.06] } 10. Ng3 { [%eval -0.36] } 10... h5 { [%eval -0.15] } 11. h4 { [%eval -0.51] } 11... Qe7 { [%eval -0.26] } 12. Be2 { [%eval -0.17] } 12... Na5 { [%eval -0.22] } 13. Bd2 { [%eval -0.53] } 13... Be6 { [%eval -0.14] } 14. Rb1?! { [%eval -0.76] } 14... c6?! { [%eval -0.17] } 15. Qb4?! { [%eval -0.94] } 15... Nb3 { [%eval -1.01] } 16. Bd1 { [%eval -0.78] } 16... c5?! { [%eval 0.07] } 17. Qb5+ { [%eval -0.06] } 17... Kf8 { [%eval -0.01] } 18. Bxb3 { [%eval -0.05] } 18... axb3 { [%eval 0.09] } 19. Qxb3 { [%eval 0.21] } 19... d5? { [%eval 1.78] } 20. dxc5? { [%eval 0.45] } 20... dxc4 { [%eval 0.52] } 21. Qb4 { [%eval 0.2] } 21... Nd7? { [%eval 1.43] } 22. Ne2? { [%eval -0.9] } 22... Nxc5 { [%eval -0.87] } 23. Nf4 { [%eval -0.98] } 23... Nd3+?! { [%eval -0.34] } 24. Nxd3 { [%eval -0.31] } 24... exd3 { [%eval -0.16] } 25. Qxe7+ { [%eval -0.62] } 25... Kxe7 { [%eval -0.62] } 26. Rxb7+ { [%eval -0.62] } 26... Kf6 { [%eval -0.59] } 27. f3 { [%eval -0.79] } 27... Rxa3 { [%eval -0.62] } 28. Kf2 { [%eval -0.64] } 28... Ra2 { [%eval -0.64] } 29. Rd1 { [%eval -0.58] } 29... Rha8 { [%eval -0.58] } 30. e4 { [%eval -0.65] } 30... Rc2 { [%eval -0.47] } 31. Ke3 { [%eval -0.53] } 31... Ra5 { [%eval -0.34] } 32. Rb4 { [%eval -0.47] } 32... Kg6 { [%eval -0.3] } 33. g4?! { [%eval -0.94] } 33... Raa2?! { [%eval -0.19] } 34. gxh5+ { [%eval -0.32] } 34... Kxh5 { [%eval -0.4] } 35. f4?? { [%eval -5.05] } 35... Kxh4?? { [%eval 2.48] } 36. f5 { [%eval 2.38] } 36... Kg3?? { [%eval 7.6] } 37. fxe6 { [%eval 7.43] } 37... fxe6 { [%eval 6.49] } 38. Rb5 { [%eval 6.44] } 38... Kg2?? { [%eval #4] } 39. Rg5+ { [%eval #3] } 39... Kh3 { [%eval #1] } 40. Rh1# 1-0,2747.0
 Bullet tournament ,lovlas,gnejs,0-1,2016.07.21,22:04:33,2634,2820,-7.0,9.0,A00,Mieses Opening,30+0,Normal,1. d3 Nf6 2. Nf3 d5 3. g3 Nc6 4. Bg2 e5 5. O-O h5 6. e4 h4 7. exd5 Nxd5 8. Nc3 Nxc3 9. bxc3 hxg3 10. fxg3 Bc5+ 11. d4 exd4 12. cxd4 Nxd4 13. Kh1 Bg4 14. Re1+ Kf8 15. Bb2 Nxf3 16. Bxf3 Qxd1 17. Bxd1 Be6 18. Rb1 Bd5+ 19. Re4 Bxe4+ 20. Bf3 Bxf3# 0-1,2727.0
 Bullet tournament ,gnejs,lovlas,1-0,2016.07.21,22:06:08,2829,2628,8.0,-8.0,D85,"Gruenfeld Defense: Exchange Variation, Modern Exchange Variation",30+0,Normal,1. Nf3 d5 2. d4 Nf6 3. c4 g6 4. Nc3 Bg7 5. cxd5 Nxd5 6. e4 Nxc3 7. bxc3 c5 8. Be2 Nc6 9. Be3 cxd4 10. cxd4 Qa5+ 11. Qd2 Qxd2+ 12. Kxd2 O-O 13. Rac1 Rd8 14. d5 Ne5 15. Nxe5 Bxe5 16. f4 Bg7 17. Ke1 e6 18. Bf3 exd5 19. exd5 Bf5 20. Kf2 Rac8 21. g4 Bd7 22. Bxa7 Ra8 23. Bb6 Rxa2+ 24. Kg3 Re8 25. Rhe1 Rea8 26. d6 g5 27. fxg5 h6 28. Rc7 Bc6 29. Bxc6 bxc6 30. d7 hxg5 31. Rc8+ Kh7 32. Rxa8 Rxa8 33. d8=Q Ra3+ 34. Re3 Be5+ 35. Kf3 Bf6 36. Qxf6 Ra4 37. Qxf7+ Kh6 38. Qf6+ Kh7 39. Re7+ Kg8 40. Qg7# 1-0,2728.5
 Bullet tournament ,lovlas,gnejs,0-1,2016.07.21,22:08:46,2621,2838,-7.0,7.0,A00,Van Geet Opening: Hector Gambit,30+0,Normal,1. e4 d5 2. Nc3 dxe4 3. Bc4 Nf6 4. Nge2 Nc6 5. Ng3 Bg4 6. f3 exf3 7. gxf3 Bd7 8. d3 e5 9. Bg5 Be7 10. Qd2 Nd4 11. O-O h6 12. Bxf6 gxf6 13. Nh5 Bc5 14. Kh1 Bc6 15. Ne4 Be7 16. Ng7+ Kf8 17. Nh5 Qd7 18. Nhxf6 Qf5 19. Nd5 Bg5 20. Qg2 b5 21. Bb3 Nxb3 22. axb3 Bxd5 23. Ra6 Rg8 24. Ng3 Qd7 25. Qe2 c6 26. Raa1 Re8 27. Rae1 Bf4 28. Kg2 Be6 29. Qe4 Bh3+ 30. Kf2 Bxf1 31. Nxf1 Bg3+ 32. Nxg3 Qd4+ 33. Qxd4 exd4 34. Rxe8+ Kxe8 35. Ne4 Rg6 36. Nf6+ Rxf6 37. Ke2 Re6+ 38. Kf2 c5 39. Kg3 Re3 40. Kf4 Re2 41. c3 Rc2 42. cxd4 cxd4 43. Ke4 Rxb2 44. Kxd4 Rxb3 45. Kc5 a5 46. d4 a4 47. Kd5 a3 48. Ke4 Kd8 49. Kd5 a2 50. Ke4 a1=Q 51. Kf5 Rb4 52. Kf6 Qxd4+ 53. Kxf7 Qd7+ 54. Kg8 Rf4 55. Kh8 Qf7 56. h4 Qe7 57. h5 Rf8# 0-1,2729.5
 Bullet tournament ,lovlas,gnejs,0-1,2016.07.21,22:14:10,2610,2851,-6.0,7.0,A67,Benoni Defense: Taimanov Variation,30+0,Normal,1. d4 c5 2. d5 e6 3. c4 exd5 4. cxd5 d6 5. Nc3 g6 6. e4 Bg7 7. f4 Nf6 8. Bb5+ Nfd7 9. Nf3 O-O 10. O-O Na6 11. Bd3 Nf6 12. a3 Bg4 13. h3 Bxf3 14. Qxf3 Re8 15. Bd2 Nd7 16. Rae1 Nc7 17. Qg3 Rb8 18. a4 a6 19. a5 b5 20. axb6 Rxb6 21. Bc1 Nb5 22. Nxb5 axb5 23. f5 c4 24. Bb1 Be5 25. Qg4 b4 26. Bg5 Qc7 27. fxg6 fxg6 28. Rf2 Bd4 29. Be3 Ne5 30. Qg5 Qc5 31. Bxd4 Qxd4 32. Rf1 Rb7 33. Kh2 Rf7 34. Rxf7 Nxf7 35. Qf4 Qe5 36. Qxe5 Nxe5 37. Rc1 Rc8 38. Ba2 c3 39. bxc3 Rxc3 40. Bb1 Rxc1 41. Ba2 b3 42. Kg3 bxa2 0-1,2730.5
 Bullet tournament ,LOVEVAE,gnejs,0-1,2016.07.21,22:19:32,2476,2836,-3.0,4.0,B01,Scandinavian Defense,30+0,Normal,1. e4 d5 2. Nc3 dxe4 3. Nxe4 Nf6 4. Nc3 e5 5. Be2 Nc6 6. d3 Bc5 7. h3 Qd4 8. Be3 Qb4 9. Bxc5 Qxc5 10. Nf3 Qe7 11. O-O g5 12. Re1 g4 13. hxg4 Bxg4 14. Nd2 Be6 15. Nde4 Rg8 16. Bf3 O-O-O 17. g3 Nd4 18. Kg2 Ng4 19. Bxg4 Bxg4 20. f3 Bxf3+ 21. Qxf3 Nxf3 22. Kxf3 f5 23. Ke3 fxe4 24. dxe4 Rxg3+ 25. Ke2 Qg5 26. Rf1 Rd2+ 27. Ke1 Qe3+ 28. Ne2 Qxe2# 0-1,2656.0
 Bullet tournament ,gnejs,lovlas,1-0,2016.07.21,22:22:59,2848,2592,6.0,-5.0,A04,Zukertort Opening: Pirc Invitation,30+0,Normal,1. Nf3 { [%eval 0.16] } 1... d6 { [%eval 0.41] } 2. c4 { [%eval 0.28] } 2... e5 { [%eval 0.24] } 3. d4 { [%eval 0.19] } 3... exd4 { [%eval 0.18] } 4. Nxd4 { [%eval 0.37] } 4... Nf6 { [%eval 0.31] } 5. Nc3 { [%eval 0.37] } 5... Be7 { [%eval 0.35] } 6. g3 { [%eval 0.37] } 6... O-O { [%eval 0.48] } 7. Bg2 { [%eval 0.48] } 7... c6 { [%eval 0.5] } 8. O-O { [%eval 0.59] } 8... Qc7 { [%eval 0.53] } 9. e4 { [%eval 0.61] } 9... Nbd7 { [%eval 0.73] } 10. Nf5 { [%eval 0.65] } 10... Re8 { [%eval 0.97] } 11. Nxe7+ { [%eval 1.0] } 11... Rxe7 { [%eval 0.96] } 12. Bf4 { [%eval 0.98] } 12... Ne5 { [%eval 0.95] } 13. b3 { [%eval 0.87] } 13... Be6 { [%eval 1.32] } 14. h3 { [%eval 1.06] } 14... Rd8 { [%eval 1.0] } 15. g4 { [%eval 0.98] } 15... Ree8 { [%eval 1.04] } 16. g5?! { [%eval 0.53] } 16... Nfd7 { [%eval 0.65] } 17. Bg3 { [%eval 0.74] } 17... Nc5 { [%eval 1.2] } 18. f4 { [%eval 1.02] } 18... Ned3 { [%eval 0.88] } 19. f5 { [%eval 0.72] } 19... Bc8 { [%eval 0.64] } 20. Kh2 { [%eval 0.51] } 20... Ne5 { [%eval 0.47] } 21. b4?! { [%eval -0.12] } 21... Na6 { [%eval 0.28] } 22. a3 { [%eval 0.34] } 22... b6?! { [%eval 1.1] } 23. Qh5 { [%eval 1.26] } 23... g6?! { [%eval 1.84] } 24. Qh6 { [%eval 2.05] } 24... Rf8?? { [%eval #3] } 25. f6 { [%eval #2] } 1-0,2720.0
 Bullet tournament ,gnejs,chickencrossroad,0-1,2016.07.21,22:32:45,2851,2621,-28.0,22.0,A04,Zukertort Opening: Kingside Fianchetto,30+0,Normal,1. Nf3 { [%eval 0.18] } 1... g6 { [%eval 0.64] } 2. c4 { [%eval 0.25] } 2... c5 { [%eval 0.25] } 3. h4 { [%eval 0.0] } 3... Nf6 { [%eval -0.03] } 4. h5 { [%eval -0.49] } 4... Nxh5 { [%eval -0.62] } 5. Nc3 { [%eval -0.6] } 5... Nf6 { [%eval -0.48] } 6. d4 { [%eval -0.55] } 6... cxd4 { [%eval -0.44] } 7. Nxd4 { [%eval -0.55] } 7... Nc6 { [%eval -0.6] } 8. e4 { [%eval -0.59] } 8... Bg7 { [%eval -0.45] } 9. Be3 { [%eval -0.57] } 9... O-O { [%eval -0.54] } 10. Be2 { [%eval -0.54] } 10... d6 { [%eval -0.49] } 11. Qd2 { [%eval -0.53] } 11... Nxd4 { [%eval -0.27] } 12. Bxd4 { [%eval -0.23] } 12... Be6 { [%eval -0.22] } 13. Rc1 { [%eval -0.43] } 13... Rc8 { [%eval -0.38] } 14. b3 { [%eval -0.37] } 14... Qa5 { [%eval -0.34] } 15. f3 { [%eval -0.37] } 15... Nd7?? { [%eval 5.49] } 16. Bxg7 { [%eval 5.44] } 16... f6 { [%eval 5.35] } 17. Qh6 { [%eval 5.39] } 17... Kf7 { [%eval 5.34] } 18. Qxh7?! { [%eval 4.72] } 18... Ke8?? { [%eval 8.68] } 19. Bxf8 { [%eval 8.57] } 19... Nxf8 { [%eval 8.27] } 20. Qh6? { [%eval 6.26] } 20... b5?? { [%eval 9.34] } 21. Qd2? { [%eval 6.58] } 21... bxc4 { [%eval 6.43] } 22. Bxc4 { [%eval 6.5] } 22... Bxc4 { [%eval 6.56] } 23. bxc4?! { [%eval 5.87] } 23... Rxc4 { [%eval 6.0] } 24. O-O?! { [%eval 5.03] } 24... Ne6 { [%eval 4.9] } 25. Nd5?? { [%eval -1.01] } 25... Qxd2 { [%eval -0.94] } 26. Rxc4 { [%eval -1.13] } 26... Qxa2?! { [%eval -0.62] } 27. Nc7+? { [%eval -2.4] } 27... Nxc7?! { [%eval -1.53] } 28. Rxc7 { [%eval -1.57] } 28... a5 { [%eval -1.37] } 29. Rc8+ { [%eval -1.51] } 29... Kd7 { [%eval -1.34] } 30. Rcc1 { [%eval -1.43] } 30... a4 { [%eval -1.01] } 31. Ra1 { [%eval -1.17] } 31... Qb3 { [%eval -1.04] } 32. Kh1 { [%eval -1.18] } 32... a3?! { [%eval -0.6] } 33. Rfb1 { [%eval -0.75] } 33... Qc3 { [%eval -0.79] } 34. Rb7+? { [%eval -2.0] } 34... Ke6 { [%eval -2.1] } 35. Rbb1 { [%eval -1.98] } 35... f5 { [%eval -2.05] } 36. Rc1 { [%eval -2.51] } 36... Qd4? { [%eval -0.84] } 37. exf5+ { [%eval -0.63] } 37... gxf5 { [%eval -0.65] } 38. Rd1? { [%eval -2.41] } 38... Qh4+? { [%eval -1.13] } 39. Kg1 { [%eval -1.31] } 39... Qb4 { [%eval -1.15] } 40. Re1+? { [%eval -2.93] } 40... Kf6 { [%eval -2.93] } 41. Reb1 { [%eval -2.93] } 41... Qc3? { [%eval -1.55] } 42. Rf1? { [%eval -2.93] } 42... Qd4+ { [%eval -2.93] } 43. Rf2?? { [%eval #-15] } 43... Qb2?? { [%eval 4.62] } 44. Kh2?? { [%eval #-39] } 44... Qxf2?! { [%eval -12.82] } 45. Rxa3 { [%eval -10.22] } 45... Qb2 { [%eval -9.65] } 46. Ra4 { [%eval -10.87] } 46... Qe5+ { [%eval -9.62] } 47. Kh3 { [%eval -16.13] } 47... f4 { [%eval -10.5] } 48. Re4?! { [%eval #-1] } 48... d5?! { [%eval -49.18] } 49. Kh2?! { [%eval #-7] } 49... dxe4 { [%eval #-6] } 50. fxe4 { [%eval #-5] } 50... Qxe4?! { [%eval #-5] } 51. Kh3 { [%eval #-5] } 51... Kg5 { [%eval #-4] } 52. g3 { [%eval #-1] } 52... Qe3?! { [%eval #-3] } 53. Kg2 { [%eval #-3] } 53... Qxg3+?! { [%eval #-4] } 54. Kf1 { [%eval #-4] } 54... Qh2 { [%eval #-3] } 55. Ke1 { [%eval #-3] } 55... f3 { [%eval #-2] } 56. Kd1 { [%eval #-2] } 56... Qb2 { [%eval #-1] } 57. Ke1 { [%eval #-1] } 57... Qe2# 0-1,2736.0
 Bullet tournament ,CrushKing,gnejs,0-1,2016.07.21,22:43:48,2486,2816,-4.0,4.0,A10,English Opening: Anglo-Scandinavian Defense,30+0,Normal,1. c4 d5 2. Nc3 dxc4 3. g3 Bd7 4. Bg2 Bc6 5. Nf3 e5 6. O-O Bd6 7. d3 cxd3 8. exd3 Nf6 9. Re1 O-O 10. Nxe5 Bxg2 11. Kxg2 Bxe5 12. Rxe5 Nc6 13. Re1 Qd7 14. Be3 h6 15. d4 Ne7 16. Qd2 Kh7 17. Rad1 Ned5 18. Qd3+ g6 19. Ne4 Nxe4 20. Qxe4 Rae8 21. Qd3 c6 22. Bd2 f5 23. Bc3 Nf6 24. a3 Qd5+ 25. f3 Re4 26. fxe4 fxe4 27. Qe3 Ng4 28. Qe2 e3+ 29. Kg1 Nf2 30. Rf1 Qh1# 0-1,2651.0
 Bullet tournament ,rondep,gnejs,0-1,2016.07.21,22:58:00,2468,2834,-3.0,4.0,D00,"Queen's Pawn Opening: Veresov Attack, Irish Gambit",30+0,Normal,1. Nc3 { [%eval -0.06] } 1... d5 { [%eval 0.0] } 2. d4 { [%eval 0.01] } 2... c5 { [%eval 0.05] } 3. Nf3 { [%eval -0.06] } 3... cxd4 { [%eval 0.41] } 4. Nxd4?! { [%eval -0.35] } 4... e5 { [%eval -0.17] } 5. Nf3 { [%eval -0.65] } 5... d4 { [%eval -0.63] } 6. Ne4 { [%eval -0.93] } 6... Nc6?! { [%eval -0.28] } 7. e3 { [%eval -0.38] } 7... f5 { [%eval -0.48] } 8. Ng3 { [%eval -0.53] } 8... Bb4+ { [%eval -0.28] } 9. Bd2 { [%eval -0.12] } 9... Bxd2+ { [%eval -0.14] } 10. Qxd2 { [%eval -0.13] } 10... dxe3 { [%eval -0.07] } 11. Qxd8+ { [%eval -0.14] } 11... Kxd8 { [%eval -0.07] } 12. fxe3 { [%eval -0.08] } 12... e4 { [%eval -0.12] } 13. O-O-O+ { [%eval -0.05] } 13... Ke7 { [%eval -0.08] } 14. Nd4 { [%eval -0.12] } 14... Nxd4 { [%eval -0.1] } 15. exd4?! { [%eval -0.84] } 15... Nf6 { [%eval -0.77] } 16. Bc4 { [%eval -0.81] } 16... f4? { [%eval 1.23] } 17. Ne2? { [%eval -0.81] } 17... Bf5? { [%eval 1.02] } 18. Nxf4 { [%eval 1.0] } 18... Rhc8 { [%eval 1.34] } 19. Bb3 { [%eval 1.26] } 19... a5 { [%eval 1.73] } 20. a4 { [%eval 1.29] } 20... b5 { [%eval 1.22] } 21. axb5 { [%eval 0.96] } 21... a4?! { [%eval 1.89] } 22. Ba2?! { [%eval 1.29] } 22... e3? { [%eval 2.7] } 23. Nd3?! { [%eval 2.19] } 23... a3 { [%eval 2.25] } 24. b4? { [%eval 0.18] } 24... Rc3 { [%eval 0.37] } 25. Rde1?! { [%eval -0.62] } 25... Ng4 { [%eval -0.24] } 26. Kd1?? { [%eval -6.59] } 26... Bxd3? { [%eval -3.99] } 27. cxd3 { [%eval -3.84] } 27... Rac8 { [%eval -3.58] } 28. Ke2? { [%eval -5.96] } 28... Rf8 { [%eval -4.82] } 29. Bb1?? { [%eval #-2] } 29... Rf2+ { [%eval #-1] } 30. Kd1 { [%eval #-1] } 30... Rb3?! { [%eval #-12] } 31. Rxe3+ { [%eval #-4] } 31... Nxe3+ { [%eval #-3] } 32. Ke1 { [%eval #-3] } 32... Rbb2 { [%eval #-2] } 33. d5 { [%eval #-1] } 33... Rbe2# 0-1,2651.0
 Blitz ,RacingChess74,jitanu76,1-0,2016.07.22,11:37:54,2555,2784,17.0,-18.0,B15,Caro-Kann Defense: Tartakower Variation,180+1,Normal,1. e4 c6 2. d4 d5 3. Nc3 dxe4 4. Nxe4 Nf6 5. Nxf6+ exf6 6. c3 Bd6 7. Bd3 O-O 8. Qc2 Re8+ 9. Ne2 g6 10. h4 Be6 11. h5 f5 12. Be3 Nd7 13. c4 Nf6 14. hxg6 fxg6 15. Bg5 Qa5+ 16. Kf1 Ne4 17. Be3 Bf7 18. g4 Bb4 19. gxf5 gxf5 20. Rg1+ Kh8 21. d5 Nd2+ 22. Qxd2 1-0,2669.5
 Blitz ,jitanu76,RacingChess74,1/2-1/2,2016.07.22,11:43:16,2766,2572,-6.0,5.0,A70,"Benoni Defense: Classical Variation, New York Variation",180+1,Normal,1. d4 { [%eval 0.15] } 1... Nf6 { [%eval 0.22] } 2. c4 { [%eval 0.15] } 2... c5?! { [%eval 0.65] } 3. d5 { [%eval 0.43] } 3... e6 { [%eval 0.62] } 4. Nc3 { [%eval 0.55] } 4... exd5 { [%eval 0.63] } 5. cxd5 { [%eval 0.55] } 5... d6 { [%eval 0.55] } 6. e4 { [%eval 0.51] } 6... g6 { [%eval 0.56] } 7. Nf3 { [%eval 0.52] } 7... Bg7 { [%eval 0.62] } 8. h3 { [%eval 0.56] } 8... a6 { [%eval 0.6] } 9. a4 { [%eval 0.63] } 9... Nbd7 { [%eval 0.73] } 10. Bd3 { [%eval 0.55] } 10... Nh5 { [%eval 0.86] } 11. O-O { [%eval 0.37] } 11... Ne5 { [%eval 0.4] } 12. Be2 { [%eval 0.26] } 12... Nxf3+ { [%eval 0.59] } 13. Bxf3 { [%eval 0.53] } 13... Qh4 { [%eval 0.72] } 14. Bxh5 { [%eval 0.29] } 14... gxh5 { [%eval 0.34] } 15. Ra3 { [%eval 0.17] } 15... Rg8 { [%eval 0.36] } 16. Qf3?! { [%eval -0.57] } 16... Be5?! { [%eval 0.41] } 17. Ne2 { [%eval 0.24] } 17... Bg4 { [%eval 0.26] } 18. Qd3 { [%eval 0.24] } 18... c4 { [%eval 0.2] } 19. Qxc4 { [%eval 0.29] } 19... Bxh3 { [%eval 0.29] } 20. Rg3 { [%eval 0.38] } 20... Bxg3 { [%eval 0.28] } 21. fxg3 { [%eval 0.21] } 21... Rxg3 { [%eval 0.41] } 22. Nxg3 { [%eval 0.44] } 22... Qxg3 { [%eval 0.19] } 23. Rf2 { [%eval 0.48] } 23... Rc8 { [%eval 0.55] } 24. Qf1 { [%eval 0.3] } 24... Bd7 { [%eval 0.62] } 25. Rxf7?! { [%eval 0.0] } 25... Rxc1 { [%eval 0.0] } 26. Rf8+ { [%eval 0.0] } 26... Ke7 { [%eval 0.0] } 27. Rf7+ { [%eval 0.0] } 27... Ke8 { [%eval 0.0] } 28. Rf8+ { [%eval 0.0] } 28... Ke7 { [%eval 0.0] } 29. Rf7+ { [%eval 0.0] } 29... Ke8 { [%eval 0.0] } 1/2-1/2,2669.0
 Blitz ,RacingChess74,jitanu76,1-0,2016.07.22,11:49:45,2577,2760,17.0,-17.0,C11,French Defense: Burn Variation,180+1,Normal,1. e4 { [%eval 0.15] } 1... e6 { [%eval 0.22] } 2. d4 { [%eval 0.21] } 2... d5 { [%eval 0.21] } 3. Nc3 { [%eval 0.15] } 3... Nf6 { [%eval 0.18] } 4. Bg5 { [%eval 0.1] } 4... dxe4 { [%eval 0.29] } 5. Bxf6?! { [%eval -0.25] } 5... gxf6 { [%eval -0.22] } 6. Nxe4 { [%eval -0.27] } 6... f5 { [%eval -0.22] } 7. Ng3 { [%eval -0.18] } 7... c5 { [%eval -0.07] } 8. dxc5 { [%eval -0.33] } 8... Qxd1+ { [%eval -0.23] } 9. Rxd1 { [%eval -0.29] } 9... Bxc5 { [%eval -0.27] } 10. Nf3 { [%eval -0.2] } 10... Ke7 { [%eval 0.19] } 11. Bc4 { [%eval -0.04] } 11... b6?! { [%eval 0.93] } 12. Nxf5+ { [%eval 0.93] } 12... exf5 { [%eval 0.91] } 13. Bd5 { [%eval 0.92] } 13... Nc6 { [%eval 0.95] } 14. Bxc6 { [%eval 1.0] } 14... Rb8 { [%eval 0.98] } 15. O-O { [%eval 0.89] } 15... Be6 { [%eval 1.03] } 16. Nd4?! { [%eval 0.2] } 16... Kf6 { [%eval 0.63] } 17. Nxe6 { [%eval 0.63] } 17... fxe6 { [%eval 0.72] } 18. Rfe1 { [%eval 0.6] } 18... Rhd8 { [%eval 0.62] } 19. Bd7 { [%eval 0.67] } 19... e5 { [%eval 0.63] } 20. c3 { [%eval 0.63] } 20... Rb7 { [%eval 0.67] } 21. Bb5 { [%eval 0.63] } 21... Rbb8 { [%eval 0.65] } 22. Kf1 { [%eval 0.66] } 22... e4 { [%eval 0.73] } 23. Ke2 { [%eval 0.8] } 23... Ke5 { [%eval 0.81] } 24. f3 { [%eval 0.62] } 24... Rg8 { [%eval 0.96] } 25. g3 { [%eval 1.0] } 25... Rbd8 { [%eval 1.33] } 26. b4 { [%eval 1.18] } 26... Be7 { [%eval 1.46] } 27. Bd7 { [%eval 1.37] } 27... h5?! { [%eval 2.03] } 28. f4+ { [%eval 2.03] } 28... Kf6 { [%eval 2.02] } 29. Rd5 { [%eval 1.92] } 29... Kg7 { [%eval 2.0] } 30. Red1 { [%eval 1.93] } 1-0,2668.5
 Blitz ,jitanu76,Morkva,0-1,2016.07.22,12:01:09,2743,2566,-17.0,16.0,D20,"Queen's Gambit Accepted: Central Variation, Greco Variation",180+1,Normal,1. d4 { [%eval 0.4] } 1... d5 { [%eval 0.32] } 2. c4 { [%eval 0.18] } 2... dxc4 { [%eval 0.63] } 3. e4?! { [%eval 0.04] } 3... b5?! { [%eval 0.66] } 4. a4 { [%eval 0.62] } 4... c6 { [%eval 0.56] } 5. axb5 { [%eval 0.41] } 5... cxb5 { [%eval 0.47] } 6. Nc3 { [%eval 0.48] } 6... a6 { [%eval 0.78] } 7. Nxb5 { [%eval 0.87] } 7... axb5 { [%eval 0.57] } 8. Rxa8 { [%eval 0.6] } 8... Bb7 { [%eval 0.77] } 9. Ra1 { [%eval 0.31] } 9... e6 { [%eval 0.54] } 10. Nf3 { [%eval 0.12] } 10... Nf6 { [%eval 0.16] } 11. Be2 { [%eval 0.02] } 11... Nxe4 { [%eval 0.1] } 12. O-O { [%eval 0.0] } 12... Be7?! { [%eval 0.66] } 13. b3 { [%eval 0.81] } 13... Nc3 { [%eval 0.89] } 14. Qc2 { [%eval 0.74] } 14... Nxe2+ { [%eval 0.7] } 15. Qxe2 { [%eval 0.99] } 15... O-O { [%eval 1.13] } 16. bxc4 { [%eval 1.11] } 16... bxc4 { [%eval 1.16] } 17. Qxc4 { [%eval 0.98] } 17... Bxf3 { [%eval 1.11] } 18. gxf3 { [%eval 0.91] } 18... Nd7 { [%eval 1.19] } 19. Be3?! { [%eval 0.39] } 19... Nb6 { [%eval 0.67] } 20. Qc6 { [%eval 0.64] } 20... Nd5 { [%eval 0.66] } 21. Ra7 { [%eval 0.34] } 21... Bg5 { [%eval 0.35] } 22. Qc1 { [%eval 0.34] } 22... Be7 { [%eval 0.31] } 23. Kh1 { [%eval 0.08] } 23... Bd6 { [%eval 0.08] } 24. Rg1 { [%eval 0.06] } 24... Bxh2 { [%eval 0.06] } 25. Kxh2 { [%eval 0.1] } 25... Qb8+ { [%eval 0.1] } 26. Kh1 { [%eval 0.0] } 26... Qxa7 { [%eval 0.28] } 27. Bh6 { [%eval 0.3] } 27... g6 { [%eval 0.48] } 28. Bxf8 { [%eval 0.48] } 28... Kxf8 { [%eval 0.48] } 29. Qc5+ { [%eval 0.48] } 29... Qe7 { [%eval 0.48] } 30. Rb1?! { [%eval -0.06] } 30... Kg7 { [%eval -0.12] } 31. Qxe7 { [%eval 0.0] } 31... Nxe7 { [%eval 0.0] } 32. Rb7 { [%eval -0.17] } 32... Nd5 { [%eval -0.17] } 33. Kg2 { [%eval -0.17] } 33... Kf6 { [%eval -0.17] } 34. Kg3 { [%eval -0.17] } 34... h6?! { [%eval 0.48] } 35. f4 { [%eval 0.48] } 35... Ne7 { [%eval 0.48] } 36. Kf3 { [%eval 0.48] } 36... Nf5 { [%eval 0.48] } 37. Ke4?? { [%eval -50.37] } 37... Nd6+ { [%eval -9.87] } 0-1,2654.5
 Blitz ,hiimgosu,bigsotos2420,1-0,2016.07.22,20:37:05,2760,2610,8.0,-7.0,D02,Queen's Pawn Game: London System,180+0,Normal,1. d4 d5 2. Nf3 Nf6 3. Bf4 c5 4. c3 Nc6 5. e3 Qb6 6. Qb3 c4 7. Qc2 Bf5 8. Qc1 e6 9. Nh4 Bg4 10. h3 Bh5 11. g4 Bg6 12. Nd2 Be7 13. Nxg6 hxg6 14. Bg2 Qd8 15. b3 b5 16. a4 a6 17. axb5 axb5 18. bxc4 bxc4 19. Nxc4 Rxa1 20. Qxa1 O-O 21. Nd2 Nd7 22. O-O g5 23. Bg3 Nb6 24. c4 Bb4 25. cxd5 Nxd5 26. Nf3 Bc3 27. Qb1 Ncb4 28. Rc1 Qb6 29. Qb3 Rc8 30. Nxg5 Nd3 31. Qxb6 Nxb6 32. Rb1 Nc4 33. Ne4 Bb2 34. Bf1 Na3 35. Rd1 Nb4 36. Nc5 Nac2 37. Rb1 Bc3 38. Nd3 Nxd3 39. Bxd3 Nb4 40. Be2 g6 41. Bd6 Nd5 42. e4 Nf6 43. e5 Ne4 44. Rc1 Bxd4 45. Rxc8+ 1-0,2685.0
 Blitz ,bigsotos2420,hiimgosu,1-0,2016.07.22,20:42:47,2603,2768,16.0,-20.0,A04,Zukertort Opening: Queenside Fianchetto Variation,180+0,Normal,1. Nf3 { [%eval 0.19] } 1... b6 { [%eval 0.43] } 2. g3 { [%eval 0.1] } 2... Bb7 { [%eval 0.1] } 3. Bg2 { [%eval 0.01] } 3... Nf6 { [%eval 0.05] } 4. O-O { [%eval 0.07] } 4... c5 { [%eval 0.23] } 5. b3 { [%eval 0.05] } 5... e6 { [%eval 0.07] } 6. Bb2 { [%eval -0.06] } 6... Be7 { [%eval 0.1] } 7. c4 { [%eval 0.03] } 7... O-O { [%eval 0.04] } 8. e3 { [%eval -0.09] } 8... d6 { [%eval 0.18] } 9. d3 { [%eval 0.03] } 9... Nbd7 { [%eval 0.06] } 10. Nbd2 { [%eval 0.0] } 10... Re8 { [%eval 0.03] } 11. Rc1 { [%eval -0.01] } 11... Bf8 { [%eval 0.17] } 12. Qc2 { [%eval 0.1] } 12... Rc8 { [%eval 0.14] } 13. Qb1 { [%eval 0.0] } 13... Qc7 { [%eval 0.0] } 14. Ne1 { [%eval -0.08] } 14... Bxg2 { [%eval 0.09] } 15. Nxg2 { [%eval 0.07] } 15... Qb7 { [%eval 0.09] } 16. Qa1 { [%eval -0.08] } 16... a6 { [%eval 0.17] } 17. h3 { [%eval -0.2] } 17... b5 { [%eval 0.01] } 18. Kh2 { [%eval -0.4] } 18... Rb8 { [%eval -0.41] } 19. Nf4 { [%eval -0.36] } 19... d5 { [%eval -0.41] } 20. cxd5 { [%eval -0.43] } 20... exd5 { [%eval -0.5] } 21. Nf3 { [%eval -0.6] } 21... Bd6 { [%eval -0.24] } 22. Nh4 { [%eval -0.34] } 22... d4 { [%eval -0.41] } 23. Nf5? { [%eval -1.55] } 23... Bxf4 { [%eval -1.37] } 24. gxf4 { [%eval -1.82] } 24... Qd5 { [%eval -1.81] } 25. e4 { [%eval -1.86] } 25... Nxe4 { [%eval -1.79] } 26. dxe4 { [%eval -1.87] } 26... Qxe4? { [%eval -0.37] } 27. Ng3 { [%eval -0.55] } 27... Qxf4 { [%eval -0.75] } 28. Rce1? { [%eval -2.64] } 28... Qf3? { [%eval 0.35] } 29. b4 { [%eval 0.39] } 29... Ne5 { [%eval 0.68] } 30. bxc5 { [%eval 0.74] } 30... Qf4 { [%eval 0.86] } 31. Rxe5 { [%eval 0.81] } 31... Rxe5 { [%eval 1.0] } 32. Bxd4 { [%eval 0.68] } 32... Rg5? { [%eval 3.42] } 33. Be3 { [%eval 3.48] } 33... Qe5?! { [%eval 4.15] } 34. Bxg5?! { [%eval 3.49] } 34... Qxg5 { [%eval 3.48] } 35. Qc3 { [%eval 3.37] } 35... Rc8 { [%eval 3.33] } 36. c6 { [%eval 3.43] } 36... h5 { [%eval 3.27] } 37. Qe3? { [%eval 1.16] } 37... Qxe3 { [%eval 1.2] } 38. fxe3 { [%eval 1.11] } 38... Rxc6 { [%eval 1.16] } 39. Rf2 { [%eval 1.13] } 39... g6 { [%eval 1.17] } 40. Kg2 { [%eval 1.16] } 40... Rc3 { [%eval 1.25] } 41. Kf3 { [%eval 1.25] } 41... f5?! { [%eval 1.98] } 42. Ne2 { [%eval 1.98] } 42... Ra3 { [%eval 2.22] } 43. h4? { [%eval 0.31] } 43... Rxa2 { [%eval 0.46] } 44. Rg2 { [%eval 0.25] } 44... Kf7 { [%eval 0.46] } 45. Rg1 { [%eval 0.39] } 45... Ra4 { [%eval 0.82] } 46. Nf4 { [%eval 0.68] } 46... b4? { [%eval 1.74] } 47. Rxg6 { [%eval 1.78] } 47... Ra5? { [%eval 3.54] } 48. Rb6 { [%eval 3.42] } 48... Rb5?? { [%eval 52.04] } 49. Rxb5 { [%eval 51.42] } 49... axb5 { [%eval 50.07] } 50. Ke2 { [%eval 48.72] } 50... b3 { [%eval 49.91] } 51. Kd3?? { [%eval 5.09] } 51... Kf6?? { [%eval 53.12] } 52. Nxh5+ { [%eval 120.66] } 52... Ke5 { [%eval 62.84] } 53. Nf4 { [%eval 48.98] } 53... b4 { [%eval 75.37] } 54. h5 { [%eval 107.05] } 54... Kf6 { [%eval 121.28] } 55. Kd2 { [%eval 61.93] } 55... Ke5 { [%eval 61.89] } 56. Kc1 { [%eval 53.2] } 56... Ke4?! { [%eval #36] } 57. h6 { [%eval #59] } 57... Kxe3 { [%eval 49.15] } 58. h7 { [%eval 49.1] } 58... Kxf4 { [%eval 49.03] } 59. h8=Q { [%eval 49.03] } 59... Ke3?! { [%eval #10] } 60. Qe5+ { [%eval #9] } 60... Kd3 { [%eval #9] } 61. Qxf5+ { [%eval #8] } 61... Kc3 { [%eval #7] } 62. Qc5+ { [%eval #9] } 62... Kd3 { [%eval #9] } 63. Qxb4 { [%eval #8] } 63... b2+ { [%eval #7] } 64. Qxb2 { [%eval #8] } 64... Ke3 { [%eval #6] } 65. Qd2+ { [%eval #7] } 65... Ke4 { [%eval #7] } 66. Qc3 { [%eval #9] } 66... Kf4 { [%eval #8] } 67. Qd3 { [%eval #8] } 67... Ke5 { [%eval #8] } 68. Qc4 { [%eval #9] } 68... Kf5 { [%eval #9] } 69. Qd4 { [%eval #8] } 69... Ke6 { [%eval #9] } 70. Qc5 { [%eval #8] } 70... Kd7 { [%eval #9] } 71. Qb6 { [%eval #8] } 71... Ke7 { [%eval #8] } 72. Qc6 { [%eval #7] } 72... Kf7 { [%eval #7] } 73. Kd2 { [%eval #6] } 73... Kg7 { [%eval #6] } 74. Ke3 { [%eval #5] } 74... Kf7 { [%eval #5] } 75. Kf4 { [%eval #4] } 75... Ke7 { [%eval #4] } 76. Ke5?! { [%eval #4] } 76... Kd8 { [%eval #3] } 77. Qb7 { [%eval #2] } 77... Ke8 { [%eval #2] } 78. Kd6?! { [%eval #2] } 78... Kd8 { [%eval #1] } 79. Qb8# 1-0,2685.5
 Bullet tournament ,ok1975,gnejs,0-1,2016.07.22,21:15:18,2551,2834,-5.0,5.0,A00,Hungarian Opening: Reversed Alekhine,30+0,Normal,1. Nf3 e5 2. g3 e4 3. Bg2 exf3 4. Bxf3 Nf6 5. O-O Be7 6. d4 h5 7. e4 h4 8. e5 hxg3 9. fxg3 Ng8 10. d5 d6 11. e6 Nf6 12. exf7+ Kxf7 13. Bh5+ Kg8 14. Bg6 Nbd7 15. Qe2 Ne5 16. Bf5 Bxf5 17. Rxf5 Qd7 18. Rxe5 dxe5 19. c3 Bc5+ 20. Be3 Qxd5 21. Nd2 Rd8 22. Rf1 Qxd2 23. Qxd2 Rxd2 24. Bxc5 Rhxh2 25. Bxa7 Rdg2# 0-1,2692.5
 Bullet tournament ,KyleKorver,ok1975,1-0,2016.07.22,21:16:30,2758,2546,7.0,-7.0,E09,"Catalan Opening: Closed Variation, Traditional Variation",30+0,Normal,1. d4 { [%eval 0.15] } 1... Nf6 { [%eval 0.25] } 2. Nf3 { [%eval 0.21] } 2... d5 { [%eval 0.24] } 3. g3 { [%eval 0.0] } 3... e6 { [%eval 0.05] } 4. Bg2 { [%eval 0.06] } 4... Be7 { [%eval 0.08] } 5. O-O { [%eval 0.05] } 5... O-O { [%eval 0.08] } 6. c4 { [%eval 0.02] } 6... Nbd7 { [%eval 0.01] } 7. Qc2 { [%eval 0.1] } 7... c6 { [%eval 0.09] } 8. Nbd2 { [%eval 0.08] } 8... b6 { [%eval 0.1] } 9. e4 { [%eval 0.13] } 9... Bb7 { [%eval 0.14] } 10. e5 { [%eval 0.14] } 10... Ne8 { [%eval 0.19] } 11. Re1 { [%eval 0.09] } 11... Rc8 { [%eval 0.19] } 12. cxd5 { [%eval 0.2] } 12... cxd5 { [%eval 0.18] } 13. Qa4 { [%eval 0.19] } 13... Nc7 { [%eval -0.03] } 14. Bf1 { [%eval 0.02] } 14... a5 { [%eval 0.0] } 15. Qd1 { [%eval -0.01] } 15... Ba6 { [%eval 0.02] } 16. h4 { [%eval -0.05] } 16... Bxf1 { [%eval 0.11] } 17. Nxf1 { [%eval 0.08] } 17... Nb5 { [%eval 0.1] } 18. h5 { [%eval -0.02] } 18... Rc4?! { [%eval 0.51] } 19. Ne3 { [%eval 0.51] } 19... Rc6 { [%eval 0.58] } 20. h6 { [%eval 0.56] } 20... g6 { [%eval 0.54] } 21. Ng4 { [%eval 0.72] } 21... Re8 { [%eval 0.86] } 22. Bf4 { [%eval 0.7] } 22... Qc7 { [%eval 0.99] } 23. Re2?! { [%eval 0.41] } 23... Na7 { [%eval 0.56] } 24. Qd3 { [%eval 0.34] } 24... Rc4?! { [%eval 0.92] } 25. Bg5 { [%eval 0.45] } 25... Rc8?? { [%eval 5.29] } 26. Bxe7 { [%eval 5.31] } 26... Rc1+? { [%eval 7.35] } 27. Rxc1 { [%eval 6.18] } 27... Qxc1+ { [%eval 5.25] } 28. Re1 { [%eval 5.08] } 28... Qxb2?? { [%eval 9.61] } 29. Qe3?? { [%eval 3.67] } 29... Rc2?? { [%eval #9] } 30. Qf4 { [%eval #8] } 30... Rxf2 { [%eval #7] } 31. Nxf2?! { [%eval 22.6] } 31... Nb5?! { [%eval #7] } 32. Ng5 { [%eval #6] } 32... Nc3 { [%eval #2] } 33. Qxf7+ { [%eval #1] } 1-0,2652.0
 Bullet tournament ,ok1975,KyleKorver,0-1,2016.07.22,21:18:40,2543,2768,-7.0,7.0,A00,Van Geet Opening,30+0,Normal,1. Nc3 e6 2. Nf3 d5 3. g3 Nf6 4. d4 c6 5. Bg2 Nbd7 6. O-O Bd6 7. Bf4 Bxf4 8. gxf4 O-O 9. e3 Qb6 10. Ne5 Qxb2 11. Qd2 Qa3 12. Rab1 Qd6 13. Kh1 h6 14. Rg1 Kh8 15. Bf3 b6 16. Rg3 Qe7 17. Rbg1 Ne8 18. Bh5 Nxe5 19. fxe5 Rg8 20. f4 Bd7 21. Qg2 f5 22. Qh3 Kh7 23. Rg6 Nc7 24. Bf3 Be8 25. R6g3 g5 26. Ne2 g4 27. Qf1 Bh5 28. Bg2 Nb5 29. h3 Raf8 30. hxg4 Bxg4 31. Bh3 h5 32. Kh2 Kg7 33. Qg2 Kf7 34. Nc3 Ke8 35. Nxb5 cxb5 36. c3 Qc7 37. c4 Qxc4 38. Rb1 h4 39. Rb3 hxg3+ 40. Qxg3 Bxh3 41. Qh4 Qc2+ 42. Kxh3 Qg2# 0-1,2655.5
 Bullet tournament ,ok1975,gnejs,0-1,2016.07.22,21:23:38,2512,2851,-4.0,5.0,A00,Hungarian Opening: Van Kuijk Gambit,30+0,Normal,1. Nf3 h5 2. g3 h4 3. Nxh4 e5 4. Nf3 e4 5. Nd4 c5 6. e3 cxd4 7. exd4 Nc6 8. Nc3 d5 9. d3 Nf6 10. Be3 Bg4 11. dxe4 Bxd1 12. Rxd1 Bb4 13. Bb5 Nxe4 14. Bxc6+ bxc6 15. O-O Bxc3 16. bxc3 Qd7 17. Bf4 Qh3 0-1,2681.5
 Bullet tournament ,gnejs,CrushKing,1-0,2016.07.22,21:27:46,2829,2489,5.0,-4.0,A04,Zukertort Opening: Pirc Invitation,30+0,Normal,1. Nf3 d6 2. d4 g6 3. c4 c6 4. Nc3 Nf6 5. h4 Nfd7 6. h5 gxh5 7. e4 Na6 8. Be2 Nc7 9. Be3 a6 10. d5 b5 11. Bd4 Rg8 12. dxc6 Nb8 13. cxb5 axb5 14. Nxb5 Nxb5 15. Bxb5 Qc7 16. e5 Nxc6 17. Rc1 Bd7 18. exd6 Qxd6 19. Be3 Rc8 20. Qxd6 exd6 21. O-O Be7 22. Nd4 1-0,2659.0
 Bullet tournament ,GoGSWarriors_30,gnejs,1-0,2016.07.22,21:28:36,2488,2834,22.0,-32.0,A00,Gedult's Opening,30+0,Normal,1. f3 e5 2. g3 h5 3. Bg2 h4 4. g4 h3 5. Nxh3 d5 6. Nf2 Qh4 7. e3 f5 8. Qe2 fxg4 9. fxg4 Nf6 10. h3 Nc6 11. Nc3 Nb4 12. d3 Bd6 13. a3 Nc6 14. Nb5 Bd7 15. Nxd6+ cxd6 16. Bd2 O-O-O 17. O-O-O d4 18. Kb1 d5 19. exd4 Nxd4 20. Qf1 Rhf8 21. Qe1 Rde8 22. g5 Nh5 23. Ng4 Qxe1 24. Rhxe1 Bxg4 25. hxg4 Nf4 26. Bxf4 exf4 27. Bxd5 f3 28. Rf1 Ne2 29. Bxf3 Nf4 30. Be4 Kd8 31. Bf5 Nd5 32. Rfe1 Ne3 33. Rc1 g6 34. Be4 Re7 35. Rxe3 Rf4 36. Rce1 Rxg4 37. Bxg6 Rxe3 38. Rxe3 Rxg5 39. Be4 Rg1+ 40. Ka2 Rg7 41. Rf3 Kc7 42. Rf5 Rd7 43. Rd5 Kb6 44. Rxd7 Kc5 45. Rxb7 a5 46. Rb3 a4 47. Rb4 1-0,2661.0
 Blitz ,Peaudepailles,KingsNeverDie,1-0,2016.07.22,21:36:33,2705,2745,13.0,-17.0,A45,Paleface Attack,180+0,Normal,1. d4 { [%eval 0.18] } 1... Nf6 { [%eval 0.17] } 2. f3?! { [%eval -0.37] } 2... g6?! { [%eval 0.32] } 3. e4 { [%eval 0.39] } 3... d6 { [%eval 0.44] } 4. Nc3 { [%eval 0.39] } 4... Bg7 { [%eval 0.28] } 5. Be3 { [%eval 0.37] } 5... O-O { [%eval 0.33] } 6. Qd2 { [%eval 0.28] } 6... Nbd7 { [%eval 0.55] } 7. Bh6?! { [%eval 0.0] } 7... c5 { [%eval 0.39] } 8. d5?! { [%eval -0.16] } 8... a6 { [%eval -0.06] } 9. h4 { [%eval -0.04] } 9... b5 { [%eval -0.01] } 10. h5 { [%eval -0.07] } 10... Bxh6 { [%eval 0.0] } 11. Qxh6 { [%eval -0.18] } 11... Ne5 { [%eval -0.08] } 12. g4 { [%eval -0.51] } 12... c4? { [%eval 0.59] } 13. Be2 { [%eval 0.56] } 13... Qb6 { [%eval 0.48] } 14. O-O-O? { [%eval -0.77] } 14... b4 { [%eval -1.02] } 15. Na4 { [%eval -1.58] } 15... Qa5 { [%eval -1.51] } 16. b3 { [%eval -1.62] } 16... Bd7 { [%eval -1.39] } 17. g5 { [%eval -1.37] } 17... cxb3?? { [%eval #5] } 18. gxf6 { [%eval #4] } 18... b2+ { [%eval #4] } 19. Kb1 { [%eval #3] } 19... exf6 { [%eval #3] } 20. hxg6 { [%eval #2] } 1-0,2725.0
 Blitz ,KingsNeverDie,Peaudepailles,1-0,2016.07.22,21:39:41,2728,2718,15.0,-11.0,B41,"Sicilian Defense: Kan Variation, Maroczy Bind, Reti Variation",180+0,Normal,1. e4 c5 2. Nf3 e6 3. d4 cxd4 4. Nxd4 a6 5. c4 Nf6 6. Bd3 Nc6 7. Be3 Qc7 8. Nc3 Ne5 9. f3 Nxd3+ 10. Qxd3 d6 11. Kf2 Be7 12. g4 h6 13. h4 g6 14. g5 Nh5 15. Nde2 Bd7 16. Rad1 Rc8 17. b3 b6 18. Qd4 Rh7 19. Qxb6 Qxb6 20. Bxb6 hxg5 21. hxg5 Bxg5 22. Rxd6 Be7 23. Rd2 Nf6 24. Rxh7 Nxh7 25. Ke3 g5 26. Ng3 Nf6 27. Bd4 Bc5 28. Bxc5 Rxc5 29. Kd4 Rc8 30. e5 Nh7 31. Nce4 Ke7 32. Rh2 Nf8 33. Nh5 Bc6 34. Nxg5 Ng6 35. f4 a5 36. Nf6 Nxf4 37. Rh7 Rf8 38. Rg7 Be8 39. Ng8+ Kd8 40. Nh7 Nh5 41. Rg5 f6 42. exf6 Rf7 43. Rxa5 Bc6 44. Rxh5 Rd7+ 45. Ke5 Kc7 46. Ng5 Rd1 47. f7 Re1+ 48. Kf6 Rf1+ 49. Ke7 e5 50. f8=Q Rxf8 51. Kxf8 e4 52. Ne6+ Kd6 53. Kf7 Bd7 54. c5+ Kc6 55. Ne7+ Kb5 56. Re5 Bc6 57. Nxc6 Kxc6 58. Rxe4 Kd5 59. Rc4 Kc6 60. b4 Kb7 61. b5 Kc8 62. Rd4 Kb7 63. Rd7+ Kc8 64. c6 Kb8 65. b6 Ka8 66. Rd8# 1-0,2723.0
 Bullet tournament ,gnejs,CrushKing,1-0,2016.07.22,21:41:30,2836,2481,4.0,-3.0,A04,Reti Opening,30+0,Normal,1. Nf3 1-0,2658.5
 Blitz ,Peaudepailles,KingsNeverDie,0-1,2016.07.22,21:45:31,2707,2743,-11.0,13.0,A45,Paleface Attack,180+0,Normal,1. d4 Nf6 2. f3 g6 3. e4 d6 4. Nc3 Bg7 5. Be3 O-O 6. Qd2 c6 7. O-O-O b5 8. Bh6 Nbd7 9. h4 b4 10. Nce2 Qa5 11. Kb1 Nb6 12. Nc1 Nh5 13. Nge2 Nc4 14. Qg5 Qxg5 15. Bxg5 f6 16. Nf4 Ne3 17. Nxh5 fxg5 18. Nxg7 Nxd1 19. Bc4+ d5 20. exd5 Ne3 21. Bb3 Kxg7 22. dxc6 gxh4 23. Re1 Nxg2 24. Rxe7+ Kh6 25. d5 h3 26. Re2 h2 27. Rxg2 h1=Q 28. Rd2 Bf5 29. d6 Rac8 30. c7 Qxf3 31. a3 a5 32. axb4 axb4 33. Nd3 Bxd3 34. cxd3 Qf1+ 35. Kc2 Rf2 36. Be6 Rxd2+ 37. Kxd2 Re8 38. c8=Q Rxc8 39. Bxc8 Qf2+ 40. Kd1 Qd4 41. d7 Qxd3+ 42. Kc1 b3 43. d8=Q Qc2# 0-1,2725.0
 Bullet tournament ,gnejs,TalBaron-YouTube,1-0,2016.07.22,21:47:19,2852,2453,3.0,-3.0,C17,"French Defense: Winawer Variation, Bogoljubov Variation",30+0,Normal,1. e4 { [%eval 0.18] } 1... e6 { [%eval 0.12] } 2. d4 { [%eval 0.15] } 2... d5 { [%eval 0.23] } 3. Nc3 { [%eval 0.24] } 3... Bb4 { [%eval 0.29] } 4. e5 { [%eval 0.0] } 4... c5 { [%eval -0.06] } 5. Bd2 { [%eval 0.0] } 5... Nh6 { [%eval 0.23] } 6. Nf3 { [%eval 0.2] } 6... Nf5 { [%eval 0.23] } 7. dxc5 { [%eval 0.15] } 7... Bxc5 { [%eval 0.15] } 8. Bd3 { [%eval 0.22] } 8... Nh4 { [%eval 0.27] } 9. O-O { [%eval 0.12] } 9... O-O?? { [%eval 4.17] } 10. Re1?? { [%eval 0.32] } 10... Nxf3+ { [%eval 0.26] } 11. Qxf3 { [%eval 0.27] } 11... Nc6 { [%eval 0.31] } 12. Qg3 { [%eval 0.26] } 12... g6 { [%eval 0.67] } 13. Bg5 { [%eval 0.62] } 13... Qb6? { [%eval 2.31] } 14. Bh6? { [%eval 0.91] } 14... Re8? { [%eval 2.69] } 15. Na4 { [%eval 2.29] } 15... Qb4 { [%eval 2.68] } 16. Nxc5 { [%eval 2.23] } 16... Qxc5 { [%eval 2.34] } 17. c3 { [%eval 2.46] } 17... b5? { [%eval 3.74] } 18. h4 { [%eval 3.36] } 18... b4?! { [%eval 4.25] } 19. h5 { [%eval 4.16] } 19... bxc3?? { [%eval 22.69] } 20. hxg6 { [%eval 21.49] } 20... fxg6 { [%eval 20.93] } 21. Bxg6 { [%eval 19.44] } 21... Qe3?! { [%eval #2] } 22. Rxe3?! { [%eval #3] } 1-0,2652.5
 Bullet tournament ,gnejs,KyleKorver,0-1,2016.07.22,21:50:58,2821,2711,-22.0,18.0,A04,Zukertort Opening: Queen's Gambit Invitation,30+0,Normal,1. Nf3 e6 2. d4 d5 3. c3 Nf6 4. Bg5 Nbd7 5. Nbd2 c6 6. e4 dxe4 7. Nxe4 h6 8. Bxf6 Nxf6 9. Bd3 Be7 10. Qe2 Nxe4 11. Qxe4 Bf6 12. O-O-O Qc7 13. Qe2 b6 14. Kb1 Bb7 15. g4 O-O-O 16. Rhg1 Kb8 17. h4 c5 18. g5 hxg5 19. hxg5 Be7 20. Ne5 cxd4 21. Nxf7 dxc3 22. Nxd8 Rxd8 23. Rc1 Qf4 24. Rxc3 Bb4 25. Rb3 Bc5 26. Qxe6 Bd5 27. Qe2 Bxb3 28. axb3 Qd4 29. Rd1 Qxf2 30. Qxf2 Bxf2 31. Be2 Rxd1+ 32. Bxd1 g6 33. Kc2 Be3 34. Kd3 Bxg5 35. Bc2 Bf6 36. Ke4 g5 37. Kd5 Bxb2 38. Ke6 Bc1 39. Bf5 Bf4 40. Kd5 Bd2 41. Kc4 a5 42. b4 Bxb4 43. Kb5 Kc7 44. Bg4 Bc5 45. Bf3 Kd6 46. Bg4 Ke5 0-1,2766.0
 Blitz ,Peaudepailles,KingsNeverDie,0-1,2016.07.22,21:55:57,2710,2739,-11.0,13.0,A43,Benoni Defense: Old Benoni,180+0,Normal,1. d4 { [%eval 0.16] } 1... c5 { [%eval 0.55] } 2. d5 { [%eval 0.54] } 2... d6 { [%eval 0.61] } 3. Nc3 { [%eval 0.42] } 3... Bf5?! { [%eval 1.1] } 4. e4 { [%eval 1.04] } 4... Bg6 { [%eval 1.05] } 5. f4 { [%eval 1.28] } 5... h6 { [%eval 1.55] } 6. f5?! { [%eval 0.8] } 6... Bh7 { [%eval 0.82] } 7. g4 { [%eval 0.65] } 7... Nd7 { [%eval 0.67] } 8. Nf3 { [%eval 0.58] } 8... Ngf6 { [%eval 0.75] } 9. Rg1 { [%eval 0.8] } 9... a6 { [%eval 0.85] } 10. h4 { [%eval 0.45] } 10... g6 { [%eval 0.46] } 11. g5 { [%eval 0.54] } 11... hxg5 { [%eval 0.56] } 12. hxg5 { [%eval 0.1] } 12... Nh5 { [%eval 0.27] } 13. Bd3?! { [%eval -0.36] } 13... Bg7 { [%eval -0.25] } 14. a4 { [%eval -0.28] } 14... Qa5 { [%eval -0.25] } 15. Bd2 { [%eval -0.31] } 15... c4 { [%eval -0.4] } 16. Bxc4 { [%eval -0.89] } 16... gxf5 { [%eval -0.79] } 17. Qe2? { [%eval -1.84] } 17... f4 { [%eval -1.52] } 18. e5 { [%eval -1.76] } 18... Nxe5 { [%eval -1.81] } 19. Nxe5 { [%eval -1.83] } 19... Bxe5 { [%eval -1.67] } 20. Qxh5 { [%eval -2.33] } 20... Qc5?! { [%eval -1.74] } 21. O-O-O? { [%eval -3.77] } 21... Qxc4 { [%eval -3.33] } 22. Qf3?! { [%eval -3.97] } 22... b5 { [%eval -3.93] } 23. g6?! { [%eval -4.72] } 23... Bxg6 { [%eval -4.58] } 24. Rxg6 { [%eval -4.99] } 24... fxg6 { [%eval -4.99] } 25. Qg4 { [%eval -5.23] } 25... Kd8 { [%eval -5.14] } 26. Kb1 { [%eval -5.49] } 26... bxa4 { [%eval -5.35] } 27. Re1? { [%eval -7.49] } 27... a3 { [%eval -7.24] } 28. Re4? { [%eval -67.68] } 28... Rh1+ { [%eval -58.8] } 29. Be1?! { [%eval #-8] } 29... Rxe1+ { [%eval #-7] } 30. Rxe1 { [%eval #-7] } 30... Bxc3 { [%eval #-10] } 31. b3 { [%eval #-10] } 31... Qb4 { [%eval #-9] } 32. Ka2 { [%eval #-12] } 32... Bf6?! { [%eval -12.44] } 33. Qf3?! { [%eval #-7] } 33... Qd4?! { [%eval -16.21] } 34. Qd3?! { [%eval #-1] } 34... Qb2# 0-1,2724.5
 Blitz ,KingsNeverDie,Peaudepailles,0-1,2016.07.22,22:01:36,2752,2699,-16.0,13.0,B43,"Sicilian Defense: Kan Variation, Knight Variation",180+0,Normal,1. e4 c5 2. Nf3 e6 3. d4 cxd4 4. Nxd4 a6 5. Nc3 Qc7 6. Be3 Bb4 7. Be2 Bxc3+ 8. bxc3 Qxc3+ 9. Kf1 Nc6 10. Rb1 Nf6 11. Rb3 Qa5 12. Nxc6 dxc6 13. Qa1 O-O 14. Bb6 Qa4 15. Rg3 Ne8 16. h4 f6 17. Bh5 Qb5+ 0-1,2725.5
 Blitz ,Peaudepailles,KingsNeverDie,0-1,2016.07.22,22:03:49,2712,2736,-10.0,13.0,A45,Paleface Attack,180+0,Normal,1. d4 { [%eval 0.14] } 1... Nf6 { [%eval 0.15] } 2. f3?! { [%eval -0.36] } 2... g6?! { [%eval 0.36] } 3. e4 { [%eval 0.31] } 3... Bg7 { [%eval 0.34] } 4. Nc3 { [%eval 0.35] } 4... d6 { [%eval 0.31] } 5. Be3 { [%eval 0.37] } 5... O-O { [%eval 0.33] } 6. Qd2 { [%eval 0.24] } 6... c6 { [%eval 0.31] } 7. Bh6 { [%eval 0.05] } 7... b5 { [%eval 0.48] } 8. h4 { [%eval 0.46] } 8... Bxh6 { [%eval 0.58] } 9. Qxh6 { [%eval 0.43] } 9... e5 { [%eval 0.53] } 10. dxe5 { [%eval 0.25] } 10... dxe5 { [%eval 0.15] } 11. h5 { [%eval 0.01] } 11... Nxh5? { [%eval 2.25] } 12. g4 { [%eval 2.17] } 12... Nf6 { [%eval 2.12] } 13. Nge2 { [%eval 1.51] } 13... Qb6?! { [%eval 2.39] } 14. Ng3?! { [%eval 1.7] } 14... Rd8 { [%eval 1.79] } 15. Be2 { [%eval 1.65] } 15... Be6?! { [%eval 2.39] } 16. Kf1? { [%eval 0.55] } 16... Nbd7 { [%eval 0.46] } 17. g5 { [%eval 0.75] } 17... Nh5 { [%eval 1.1] } 18. Rxh5 { [%eval 0.85] } 18... gxh5 { [%eval 0.87] } 19. Nxh5?? { [%eval -4.53] } 19... Bh3+ { [%eval -4.5] } 20. Ke1 { [%eval -4.45] } 20... Qg1+ { [%eval -4.33] } 21. Kd2 { [%eval -4.39] } 21... Nf6+ { [%eval -4.36] } 22. Nd5? { [%eval -5.44] } 22... Qd4+ { [%eval -5.41] } 23. Bd3 { [%eval -5.41] } 23... Qf2+ { [%eval -5.24] } 24. Kc3 { [%eval -5.16] } 24... Qc5+ { [%eval -5.1] } 25. Kd2 { [%eval -5.1] } 25... Nxh5 { [%eval -4.77] } 26. Nf6+? { [%eval -5.79] } 26... Nxf6 { [%eval -5.81] } 27. gxf6 { [%eval -5.77] } 27... Qf2+ { [%eval -5.67] } 28. Kc3 { [%eval -5.6] } 28... Qg2 { [%eval -5.43] } 29. Rh1?? { [%eval #-9] } 29... Rxd3+ { [%eval #-8] } 30. cxd3 { [%eval #-8] } 30... b4+ { [%eval #-7] } 31. Kb3 { [%eval #-7] } 31... Be6+ { [%eval #-6] } 32. Ka4 { [%eval #-6] } 32... Qc2+ { [%eval #-5] } 33. Ka5 { [%eval #-2] } 33... Qc5+ { [%eval #-1] } 34. Ka4 { [%eval #-1] } 34... Qb5# 0-1,2724.0
 Bullet tournament ,gnejs,KyleKorver,1-0,2016.07.22,22:06:03,2736,2738,16.0,-14.0,D15,Slav Defense: Three Knights Variation,30+0,Normal,1. Nf3 c6 2. d4 d5 3. c4 Nf6 4. Nc3 Bg4 5. g3 Bxf3 6. exf3 e6 7. Qb3 Qb6 8. c5 Qxb3 9. axb3 Nbd7 10. b4 Be7 11. b5 O-O 12. f4 Ne4 13. bxc6 bxc6 14. Ra6 Nxc3 15. bxc3 Rfc8 16. Bd3 Rc7 17. O-O f6 18. Be3 e5 19. fxe5 fxe5 20. Bf5 exd4 21. cxd4 Nb8 22. Ra4 g6 23. Be6+ Kg7 24. Bf4 Rb7 25. Be5+ Bf6 26. f4 a5 27. Rfa1 Raa7 28. Bc8 Rb2 29. Rxa5 Rxa5 30. Rxa5 Bxe5 31. fxe5 Kf8 32. Ra7 g5 33. Bf5 Rb4 34. g4 h5 35. e6 Rxd4 36. Rf7+ Ke8 37. Bg6 hxg4 38. Kf2 Re4 39. Bxe4 d4 40. Rh7 Na6 41. Bg6+ Kd8 42. e7+ Kd7 43. e8=Q# 1-0,2737.0
 Blitz ,KingsNeverDie,Peaudepailles,0-1,2016.07.22,22:09:14,2749,2702,-15.0,12.0,B41,"Sicilian Defense: Kan Variation, Maroczy Bind, Reti Variation",180+0,Normal,1. e4 c5 2. Nf3 e6 3. d4 cxd4 4. Nxd4 a6 5. c4 Nf6 6. Nc3 Qc7 7. Be3 Bb4 8. Bd3 Nc6 9. Nxc6 dxc6 10. a3 Bxc3+ 11. bxc3 e5 12. O-O Be6 13. f3 O-O 14. c5 h6 15. Qe2 Rfd8 16. Rfd1 Rd7 17. Bc4 Bxc4 18. Qxc4 Rad8 19. Rxd7 Qxd7 20. Rb1 Qd3 21. Qxd3 Rxd3 22. Kf2 Rd7 23. a4 Kf8 24. g4 Ke8 25. h4 Ng8 26. g5 hxg5 27. hxg5 Ne7 28. f4 exf4 29. Bxf4 Ng6 30. Bd6 f6 31. gxf6 gxf6 32. Rg1 Kf7 33. Ke3 Rd8 34. a5 Rd7 35. Rg2 Nf8 36. e5 fxe5 37. Rf2+ Ke6 38. Rxf8 Rh7 39. Kd3 Kd5 40. c4+ Ke6 41. Re8+ Kf6 42. Rxe5 Rh3+ 43. Re3 Rh1 44. Bc7 Rd1+ 45. Kc2 Rd7 46. Bb6 Kf5 47. Rd3 Rh7 48. Rd8 Ke4 49. Rc8 Kd4 50. Kb3 Rh3+ 51. Kb4 Rh1 52. Rc7 Rb1+ 53. Ka3 Kc3 54. Ka2 Rb2+ 55. Ka1 Rb4 56. Rxb7 Kc2 57. Bc7 Ra4# 0-1,2725.5
 Blitz ,Peaudepailles,KingsNeverDie,1-0,2016.07.22,22:14:31,2714,2734,12.0,-14.0,D00,Blackmar-Diemer Gambit: Euwe Defense,180+0,Normal,1. d4 { [%eval 0.12] } 1... d5 { [%eval 0.21] } 2. e4?! { [%eval -0.36] } 2... dxe4 { [%eval -0.34] } 3. Nc3 { [%eval -0.39] } 3... Nf6 { [%eval -0.4] } 4. f3 { [%eval -0.41] } 4... exf3 { [%eval -0.4] } 5. Nxf3 { [%eval -0.46] } 5... e6 { [%eval -0.46] } 6. Bg5 { [%eval -0.44] } 6... Be7 { [%eval -0.43] } 7. Bd3 { [%eval -0.55] } 7... O-O { [%eval -0.55] } 8. O-O { [%eval -0.55] } 8... h6 { [%eval -0.52] } 9. Bf4 { [%eval -0.75] } 9... Nc6 { [%eval -0.6] } 10. Kh1 { [%eval -0.63] } 10... a6 { [%eval -0.36] } 11. a3 { [%eval -0.48] } 11... b5 { [%eval -0.01] } 12. Qe2?! { [%eval -0.94] } 12... Bb7 { [%eval -0.62] } 13. Rad1 { [%eval -0.54] } 13... Bd6 { [%eval -0.52] } 14. Bc1 { [%eval -0.84] } 14... Re8 { [%eval -0.76] } 15. Qf2 { [%eval -0.96] } 15... Ng4 { [%eval -0.94] } 16. Qg1 { [%eval -1.21] } 16... f5 { [%eval -1.06] } 17. h3 { [%eval -0.93] } 17... Nf6 { [%eval -0.92] } 18. d5? { [%eval -1.98] } 18... Nh5 { [%eval -1.64] } 19. Ne2 { [%eval -1.67] } 19... exd5 { [%eval -2.12] } 20. g4 { [%eval -2.11] } 20... Nf6 { [%eval -1.99] } 21. Bxf5?? { [%eval -5.19] } 21... Ne5?? { [%eval -1.16] } 22. Nxe5? { [%eval -3.47] } 22... d4+ { [%eval -3.6] } 23. Nf3 { [%eval -3.26] } 23... Rxe2 { [%eval -3.21] } 24. Rxd4? { [%eval -4.44] } 24... Ne4? { [%eval -2.97] } 25. Bxe4 { [%eval -2.89] } 25... Bxe4 { [%eval -2.66] } 26. Rf2?? { [%eval -8.65] } 26... Qh4 { [%eval -8.42] } 27. Rxe4?! { [%eval -9.01] } 27... Qxh3+ { [%eval -8.82] } 28. Nh2 { [%eval -8.64] } 28... Rxe4 { [%eval -8.15] } 29. Bd2 { [%eval -7.97] } 29... Rxg4?? { [%eval 1.1] } 30. Qxg4 { [%eval 0.93] } 30... Qxg4 { [%eval 0.92] } 31. Nxg4 { [%eval 1.04] } 31... Re8 { [%eval 1.01] } 32. Rg2 { [%eval 0.7] } 32... Kh7 { [%eval 0.84] } 33. Bc3 { [%eval 0.7] } 33... Re6 { [%eval 0.73] } 34. Nf2 { [%eval 0.53] } 34... g5 { [%eval 0.47] } 35. Kg1 { [%eval 0.44] } 35... Kg6 { [%eval 0.55] } 36. Kf1 { [%eval 0.31] } 36... h5 { [%eval 0.48] } 37. Nd3 { [%eval 0.34] } 37... g4 { [%eval 0.16] } 38. Re2 { [%eval 0.0] } 38... Kg5?? { [%eval 9.06] } 39. Rxe6 { [%eval 8.88] } 1-0,2724.0
 Blitz ,KingsNeverDie,Peaudepailles,1-0,2016.07.22,22:19:55,2720,2726,13.0,-11.0,B22,"Sicilian Defense: Alapin Variation, Smith-Morra Declined",180+0,Normal,1. e4 c5 2. d4 cxd4 3. c3 Nf6 4. e5 Nd5 5. Nf3 e6 6. cxd4 d6 7. Bc4 Be7 8. O-O O-O 9. Bd2 Nc6 10. Nc3 Nxc3 11. bxc3 dxe5 12. dxe5 Qc7 13. Bd3 b6 14. Qc2 h6 15. Qa4 Bb7 16. Qe4 g6 17. Bxh6 Rfd8 18. Qe2 Na5 19. Rad1 Qxc3 20. Ng5 Nc6 21. Bxg6 Nxe5 22. Bh7+ Kh8 23. Rxd8+ Rxd8 24. Qh5 Bf8 25. Be4 Bxe4 26. Nxe4 Qd3 27. Bf4+ Kg7 28. Qh6+ Kg8 29. Nf6# 1-0,2723.0
 Blitz ,Peaudepailles,KingsNeverDie,1/2-1/2,2016.07.22,22:24:34,2715,2733,0.0,-1.0,C01,French Defense: Mediterranean Defense,180+0,Normal,1. d4 e6 2. e4 Nf6 3. e5 Nd5 4. Nf3 c5 5. c4 Nb6 6. d5 d6 7. Nc3 dxe5 8. Nxe5 Bd6 9. Bf4 exd5 10. Nxd5 O-O 11. Be2 Nxd5 12. Qxd5 Bxe5 13. Qxd8 Rxd8 14. Bxe5 Nc6 15. Bc3 Bf5 16. f3 Nd4 17. Bxd4 Rxd4 18. Rd1 Rxd1+ 19. Bxd1 Rd8 20. Be2 f6 21. a3 a5 22. Bd1 Bd3 23. b3 a4 24. Kf2 Kf7 25. Ke3 Bg6 26. bxa4 Rd3+ 27. Kf2 Rxa3 28. Re1 Bd3 29. Be2 Ra2 30. Ke3 Bc2 31. Bd3 Ra3 32. Kd2 Bxd3 33. Re3 Rxa4 34. Rxd3 Ra2+ 35. Ke3 Rxg2 36. Rd7+ Kg6 37. h4 b6 38. Rb7 Rh2 39. Rxb6 Rxh4 40. f4 Kf5 41. Rc6 Rh3+ 42. Kd2 Kxf4 43. Rxc5 g5 44. Rc6 f5 45. Re6 g4 46. c5 g3 47. c6 g2 48. c7 g1=Q 49. c8=Q Rh2+ 50. Re2 Qe3+ 51. Kc2 Qxe2+ 52. Kb3 Qc2+ 53. Qxc2 Rxc2 54. Kxc2 Ke3 55. Kd1 f4 56. Ke1 f3 57. Kf1 Kf4 58. Kf2 h5 59. Kg1 Ke3 60. Kf1 h4 61. Kg1 Ke2 62. Kh1 f2 63. Kh2 f1=Q 1/2-1/2,2724.0
 Blitz ,Peaudepailles,KingsNeverDie,0-1,2016.07.22,22:36:18,2727,2719,-11.0,13.0,D00,Blackmar-Diemer Gambit: Euwe Defense,180+0,Normal,1. d4 { [%eval 0.19] } 1... Nf6 { [%eval 0.17] } 2. f3?! { [%eval -0.38] } 2... d5 { [%eval -0.39] } 3. e4 { [%eval -0.5] } 3... dxe4 { [%eval -0.48] } 4. Nc3 { [%eval -0.34] } 4... exf3 { [%eval -0.36] } 5. Nxf3 { [%eval -0.41] } 5... e6 { [%eval -0.45] } 6. Bg5 { [%eval -0.48] } 6... Nbd7 { [%eval -0.54] } 7. Bd3 { [%eval -0.48] } 7... h6 { [%eval -0.5] } 8. Bf4 { [%eval -0.54] } 8... c5 { [%eval -0.25] } 9. Qe2 { [%eval -0.32] } 9... cxd4 { [%eval -0.46] } 10. Nxd4 { [%eval -0.39] } 10... Bb4 { [%eval -0.18] } 11. O-O-O { [%eval -0.18] } 11... O-O { [%eval -0.18] } 12. Ndb5 { [%eval -0.29] } 12... Ba5 { [%eval -0.3] } 13. g4? { [%eval -1.52] } 13... a6 { [%eval -1.59] } 14. Nd6 { [%eval -1.69] } 14... Bxc3 { [%eval -1.48] } 15. bxc3 { [%eval -1.91] } 15... Qa5 { [%eval -1.43] } 16. Rdg1? { [%eval -2.8] } 16... Nd5 { [%eval -2.55] } 17. Be5? { [%eval -3.73] } 17... Nxe5 { [%eval -3.65] } 18. Qxe5 { [%eval -3.58] } 18... f6 { [%eval -3.03] } 19. Qe4? { [%eval -4.52] } 19... Qa3+ { [%eval -4.78] } 20. Kd2 { [%eval -4.67] } 20... Qxd6 { [%eval -4.67] } 21. Qh7+ { [%eval -4.63] } 21... Kf7 { [%eval -4.68] } 22. Bg6+ { [%eval -4.58] } 22... Ke7 { [%eval -4.49] } 23. Qxg7+ { [%eval -4.6] } 23... Kd8 { [%eval -4.62] } 24. c4 { [%eval -4.61] } 24... Nf4+?! { [%eval -4.03] } 25. Ke3 { [%eval -3.8] } 25... Qe5+ { [%eval -4.12] } 26. Kf3 { [%eval -4.03] } 26... Nxg6 { [%eval -3.95] } 27. Rd1+ { [%eval -4.09] } 27... Ke8 { [%eval -3.92] } 28. Qxg6+ { [%eval -3.98] } 28... Ke7 { [%eval -4.01] } 29. Rhe1 { [%eval -4.06] } 29... Qc3+ { [%eval -4.02] } 30. Rd3?? { [%eval -10.62] } 30... Qxe1 { [%eval -10.62] } 31. Qg7+ { [%eval -10.41] } 31... Rf7 { [%eval -10.13] } 32. Qg8 { [%eval -11.2] } 32... Qa5 { [%eval -10.82] } 33. h4 { [%eval -14.31] } 33... b5 { [%eval -13.71] } 34. Kg3 { [%eval -19.03] } 34... bxc4 { [%eval -16.45] } 35. Re3 { [%eval -51.34] } 35... Bb7 { [%eval -24.8] } 36. Qg6 { [%eval -54.42] } 36... Rd8 { [%eval -26.38] } 37. Qf5?! { [%eval #-10] } 37... Qxf5 { [%eval #-9] } 38. gxf5 { [%eval #-12] } 38... e5?! { [%eval -61.04] } 39. h5?! { [%eval #-8] } 39... Rg7+ { [%eval #-7] } 40. Kh4 { [%eval #-5] } 40... Rd4+?! { [%eval #-5] } 41. Kh3 { [%eval #-5] } 41... Bg2+?! { [%eval #-5] } 42. Kh2 { [%eval #-5] } 42... Bf1?! { [%eval #-5] } 43. Rg3 { [%eval #-5] } 43... Rh4+?! { [%eval #-5] } 44. Kg1 { [%eval #-5] } 44... Rxg3+ { [%eval #-4] } 45. Kf2 { [%eval #-4] } 45... Rg5?! { [%eval #-4] } 46. c3 { [%eval #-4] } 46... Rh3?! { [%eval #-4] } 47. a4 { [%eval #-4] } 47... Rg2+ { [%eval #-3] } 48. Ke1 { [%eval #-2] } 48... Ra2?! { [%eval #-2] } 49. Kd1 { [%eval #-2] } 49... Rxc3?! { [%eval #-2] } 50. a5 { [%eval #-2] } 50... Rb3?! { [%eval #-2] } 51. Kc1 { [%eval #-2] } 51... Rh2 { [%eval #-1] } 52. Kd1 { [%eval #-1] } 52... Bh3?! { [%eval #-2] } 53. Ke1 { [%eval #-1] } 53... Rh1+?! { [%eval #-3] } 54. Kf2 { [%eval #-3] } 54... Rh2+ { [%eval #-2] } 55. Kg1 { [%eval #-2] } 55... Rb1+?! { [%eval #-6] } 56. Kxh2 { [%eval #-6] } 56... Bxf5 { [%eval #-5] } 57. Kg3 { [%eval #-5] } 57... c3 { [%eval #-4] } 58. Kf2 { [%eval #-4] } 58... Ke6?! { [%eval #-4] } 59. Ke3 { [%eval #-4] } 59... c2 { [%eval #-3] } 60. Ke2 { [%eval #-3] } 60... c1=Q { [%eval #-2] } 61. Kf2 { [%eval #-2] } 61... Rb3?! { [%eval #-2] } 62. Ke2 { [%eval #-2] } 62... Qc2+ { [%eval #-1] } 63. Ke1 { [%eval #-1] } 63... Rb1# 0-1,2723.0
 Bullet tournament ,gnejs,KyleKorver,1-0,2016.07.22,22:39:04,2779,2721,13.0,-12.0,D11,Slav Defense: Modern,30+0,Normal,1. Nf3 { [%eval 0.16] } 1... d5 { [%eval 0.18] } 2. d4 { [%eval 0.14] } 2... c6 { [%eval 0.32] } 3. c4 { [%eval 0.26] } 3... Nf6 { [%eval 0.32] } 4. g3 { [%eval 0.11] } 4... e6 { [%eval 0.14] } 5. Bg2 { [%eval 0.05] } 5... Nbd7 { [%eval 0.13] } 6. O-O { [%eval 0.07] } 6... Be7 { [%eval 0.09] } 7. Nc3 { [%eval 0.06] } 7... O-O { [%eval 0.08] } 8. Qc2 { [%eval -0.28] } 8... dxc4 { [%eval -0.27] } 9. e4 { [%eval -0.58] } 9... b5 { [%eval -0.51] } 10. e5?! { [%eval -1.01] } 10... Nd5 { [%eval -0.98] } 11. Ne4 { [%eval -1.03] } 11... Bb7 { [%eval -0.68] } 12. Rd1 { [%eval -0.82] } 12... h6 { [%eval -0.77] } 13. h4?! { [%eval -1.39] } 13... Rc8 { [%eval -1.0] } 14. h5? { [%eval -2.0] } 14... c5 { [%eval -1.81] } 15. a4 { [%eval -1.77] } 15... a6 { [%eval -1.73] } 16. axb5 { [%eval -1.94] } 16... axb5 { [%eval -1.88] } 17. Qe2 { [%eval -2.12] } 17... cxd4 { [%eval -2.03] } 18. Nxd4 { [%eval -2.13] } 18... Nxe5 { [%eval -2.11] } 19. Nxb5 { [%eval -2.2] } 19... Bc5? { [%eval -0.6] } 20. Kh2?! { [%eval -1.57] } 20... Nd3?! { [%eval -0.91] } 21. Nxc5? { [%eval -2.25] } 21... Rxc5 { [%eval -2.46] } 22. Nc3 { [%eval -2.8] } 22... Nf6?? { [%eval 1.4] } 23. Bxb7 { [%eval 1.41] } 23... Rxh5+ { [%eval 1.38] } 24. Kg2 { [%eval 1.13] } 24... e5? { [%eval 3.08] } 25. Bf3 { [%eval 2.88] } 25... Rf5 { [%eval 2.96] } 26. Ne4 { [%eval 2.74] } 26... Nxe4 { [%eval 2.93] } 27. Bxe4 { [%eval 2.78] } 27... Rxf2+? { [%eval 4.71] } 28. Qxf2 { [%eval 4.81] } 28... Nxf2 { [%eval 4.77] } 29. Rxd8 { [%eval 4.75] } 29... Nxe4 { [%eval 4.68] } 30. Rxf8+ { [%eval 4.56] } 30... Kxf8 { [%eval 4.49] } 31. Ra8+ { [%eval 4.08] } 31... Ke7 { [%eval 3.96] } 32. Ra7+ { [%eval 4.03] } 32... Ke6 { [%eval 3.82] } 33. Ra6+ { [%eval 3.55] } 33... Kf5?! { [%eval 4.22] } 34. Be3 { [%eval 3.98] } 34... f6 { [%eval 4.17] } 35. Ra5?! { [%eval 3.58] } 35... g5?! { [%eval 4.13] } 36. Rc5?? { [%eval -0.07] } 36... h5?? { [%eval 5.36] } 37. Rxc4 { [%eval 5.01] } 37... g4?? { [%eval 10.58] } 38. Rxe4?? { [%eval 0.69] } 38... Kxe4 { [%eval 0.69] } 39. b4 { [%eval 0.69] } 39... Kd5 { [%eval 0.69] } 40. b5 { [%eval 0.69] } 40... f5 { [%eval 0.69] } 41. b6?! { [%eval 0.07] } 41... Kc6 { [%eval 0.07] } 42. Bd4?? { [%eval #-18] } 42... Kd6?? { [%eval 52.12] } 43. Bxe5+ { [%eval 48.46] } 43... Kxe5?! { [%eval #19] } 44. b7 { [%eval 109.3] } 44... f4?! { [%eval #14] } 45. b8=Q+ { [%eval #13] } 45... Ke4 { [%eval #13] } 46. Qxf4+ { [%eval #13] } 46... Kd5 { [%eval #13] } 47. Qg5+ { [%eval #12] } 47... Ke4 { [%eval #8] } 48. Qxh5 { [%eval #7] } 48... Kd3 { [%eval #6] } 49. Qxg4 { [%eval #6] } 49... Kd2 { [%eval #5] } 50. Qf4+?! { [%eval #7] } 50... Ke1 { [%eval #4] } 51. Qf3?! { [%eval #6] } 51... Kd2 { [%eval #6] } 52. g4 { [%eval #6] } 52... Kc1 { [%eval #5] } 53. g5?! { [%eval #5] } 53... Kb1 { [%eval #5] } 54. g6 { [%eval #4] } 54... Kc1 { [%eval #4] } 55. g7 { [%eval #3] } 1-0,2750.0
 Bullet tournament ,gnejs,KyleKorver,0-1,2016.07.22,22:41:17,2793,2710,-19.0,17.0,A13,English Opening: Agincourt Defense #3,30+0,Normal,1. Nf3 e6 2. c4 Nf6 3. b3 d5 4. Bb2 Nbd7 5. g3 c6 6. Bg2 a5 7. O-O a4 8. Nc3 a3 9. Bc1 Bd6 10. d4 O-O 11. Qc2 Re8 12. e4 Bb4 13. e5 Bxc3 14. Qxc3 Ne4 15. Qe3 c5 16. dxc5 Ndxc5 17. Rd1 Qe7 18. Bd2 h6 19. Bb4 Qc7 20. Nd4 Nd7 21. Nb5 Qxe5 22. cxd5 exd5 23. Rac1 Ndf6 24. Nc7 Bg4 25. f3 Bxf3 26. Bxf3 Rec8 27. Nxa8 Rxc1 28. Rxc1 Qb2 29. Rf1 Qxa2 30. Bxe4 dxe4 31. Bc3 Ng4 32. Bd4 Qxh2# 0-1,2751.5
 Blitz ,KingsNeverDie,Peaudepailles,0-1,2016.07.22,22:42:12,2732,2716,-13.0,11.0,B01,Scandinavian Defense: Portuguese Variation,180+0,Normal,1. e4 d5 2. exd5 Nf6 3. d4 Bg4 4. f4 Bxd1 0-1,2724.0
 Bullet tournament ,KyleKorver,gnejs,0-1,2016.07.22,22:43:51,2734,2784,-12.0,12.0,A43,Old Benoni Defense,30+0,Normal,1. d4 c5 2. Nf3 cxd4 3. Nxd4 Nf6 4. Nb3 g6 5. g3 Bg7 6. Bg2 O-O 7. O-O d5 8. c4 dxc4 9. Qxd8 Rxd8 10. Na5 Nc6 11. Nxc4 Be6 12. Nba3 Nd5 13. Rd1 Ndb4 14. Be3 Bd5 15. Bxd5 Nxd5 16. Bg5 h6 17. Bd2 a6 18. Rac1 b5 19. Ne3 Bxb2 20. Rxc6 Nxe3 21. fxe3 Bxa3 22. Kf1 Bb4 23. Ke1 Rxd2 24. Rxd2 Rd8 25. Kf2 Bxd2 26. Rxa6 Rd6 27. Ra8+ Kg7 28. Kf3 Rf6+ 29. Kg2 Re6 30. e4 Be3 31. g4 Bd4 32. Rb8 Rxe4 33. Rxb5 Rxe2+ 34. Kf3 Re3+ 35. Kf4 Re5 36. Kf3 Rxb5 37. a4 Ra5 38. Ke4 Rxa4 39. Kd5 Bc5 0-1,2759.0
 Blitz ,KingsNeverDie,Peaudepailles,1-0,2016.07.22,22:44:24,2721,2727,13.0,-11.0,B01,Scandinavian Defense: Portuguese Variation,180+0,Normal,1. e4 d5 2. exd5 Nf6 3. d4 Bg4 4. f3 Bf5 5. Bb5+ c6 6. dxc6 Qa5+ 7. Nc3 Nxc6 8. Ne2 O-O-O 9. Bxc6 bxc6 10. b4 Qxb4 11. Bf4 e5 12. Bxe5 Nd5 13. Qd2 f6 14. Rb1 Qa5 15. Rb8+ Kd7 16. Nxd5 Qxd2+ 17. Kxd2 cxd5 18. Rb7+ Ke8 19. Bc7 Rd7 20. Nf4 Kf7 21. g4 Bg6 22. Rhb1 Be7 23. Ba5 Rxb7 24. Rxb7 Re8 25. Nxd5 h5 26. Bb4 hxg4 27. fxg4 Be4 28. Rxe7+ Rxe7 29. Nxe7 a5 30. Bc5 g6 31. d5 f5 32. g5 f4 33. c4 f3 34. Ke3 f2 35. Kxf2 Bd3 36. Nc6 Kg7 37. Ne5 Bb1 38. a3 a4 39. Ke3 Ba2 40. Kd4 Kh7 41. h4 Kg8 42. Bb4 Bxc4 43. Kxc4 Kg7 44. Kc5 Kf8 45. Kc6+ Ke8 46. d6 Kd8 47. Nf7+ Ke8 48. d7+ Kxf7 49. d8=Q Ke6 50. Qf6# 1-0,2724.0
 Bullet tournament ,gnejs,KyleKorver,1-0,2016.07.22,22:45:55,2800,2699,10.0,-10.0,B12,"Caro-Kann Defense: Advance Variation, Botvinnik-Carls Defense",30+0,Normal,1. e4 c6 2. d4 d5 3. e5 c5 4. dxc5 Nc6 5. Bb5 Bf5 6. Nf3 e6 7. Nd4 Bg6 8. Nxc6 bxc6 9. Bxc6+ Ke7 10. Bxa8 Qxa8 11. O-O f6 12. f4 Kf7 13. b4 Bf5 14. c3 a5 15. Nd2 axb4 16. cxb4 Ne7 17. a3 Ng6 18. Nf3 Be4 19. Nd4 Be7 20. f5 exf5 21. e6+ Kg8 22. Nxf5 h6 23. Nxe7+ Nxe7 24. Be3 Kh7 25. Bd4 Nf5 26. Rxf5 Bxf5 27. Qf3 Be4 28. Qg3 Re8 29. Rf1 Rxe6 30. Bxf6 Qe8 31. Qxg7# 1-0,2749.5
 Blitz ,Peaudepailles,KingsNeverDie,1/2-1/2,2016.07.22,22:50:03,2716,2734,1.0,-1.0,D00,"Blackmar-Diemer Gambit Declined, Brombacher Countergambit",180+0,Normal,1. d4 Nf6 2. f3 d5 3. e4 dxe4 4. Nc3 c5 5. d5 e6 6. Bb5+ Bd7 7. dxe6 fxe6 8. Qe2 Bxb5 9. Qxb5+ Nc6 10. Bg5 Qb6 11. O-O-O Qxb5 12. Nxb5 Rd8 13. Rxd8+ Kxd8 14. fxe4 a6 15. Nc3 Bd6 16. Nf3 Kc7 17. Rd1 h6 18. Bh4 Rf8 19. a3 Ng4 20. Bg3 Bxg3 21. hxg3 Ne3 22. Rd2 Nxg2 23. Rxg2 Rxf3 24. g4 Ne5 25. a4 Nc4 26. Nd1 Rf1 27. Re2 Ne5 28. Rg2 Re1 29. b3 Kd6 30. Kd2 Nf3+ 31. Kc1 Ke5 32. g5 h5 33. g6 h4 34. Rf2 Kf4 35. b4 cxb4 36. e5 h3 37. Kb2 h2 38. Rxh2 Nxh2 39. Nf2 Kxe5 40. Nd3+ Kf5 41. Nxe1 Kxg6 42. Kb3 a5 43. Kc4 Kf5 44. Kb5 Ke4 45. Kxa5 Ke3 46. Kxb4 g5 47. c4 g4 48. c5 Nf3 49. Ng2+ Kf2 50. Nf4 e5 51. Nh5 Nd4 52. Kc4 g3 53. Nxg3 Kxg3 54. a5 Kf4 55. Kd5 Nc6 56. a6 e4 57. axb7 Nb8 58. c6 Na6 59. Kd6 e3 60. c7 Nxc7 61. Kxc7 e2 62. b8=Q e1=Q 63. Kc8+ Kf3 64. Qc7 Ke2 65. Qb7 Qd2 66. Qe7+ Kd1 67. Qd7 Qxd7+ 68. Kxd7 1/2-1/2,2725.0
 Blitz ,KingsNeverDie,Peaudepailles,1-0,2016.07.22,22:56:00,2733,2717,12.0,-11.0,B20,Sicilian Defense: Lasker-Dunne Attack,180+0,Normal,1. e4 c5 2. g3 e6 3. Bg2 h5 4. h4 Nf6 5. Nh3 Nc6 6. O-O d5 7. d3 dxe4 8. dxe4 Qxd1 9. Rxd1 Be7 10. Nf4 Bd7 11. Nc3 Ne5 12. b3 Bc6 13. a4 a6 14. Bb2 O-O 15. Ncd5 exd5 16. exd5 Nxd5 17. Nxd5 Bxd5 18. Rxd5 f6 19. Re1 Rab8 20. f4 Ng6 21. Rxh5 Rfe8 22. Bd5+ Kf8 23. f5 c4 24. fxg6 Bc5+ 25. Kf1 Rxe1+ 26. Kxe1 Ke7 27. Bxc4 Kd6 28. Rh7 b5 29. axb5 axb5 30. Bf7 Ra8 31. Rxg7 Ra2 32. Bc3 Rxc2 33. Bxf6 Bb4+ 34. Kf1 Bc5 35. Bg5 Rf2+ 36. Ke1 Rg2 37. h5 Ke5 38. Bf4+ Ke4 39. h6 Kd3 40. Bc4+ bxc4 41. Rd7+ Ke4 42. bxc4 Rg1+ 43. Kd2 Bd4 44. Rxd4+ Kf3 45. g7 Rg2+ 46. Kd3 Rg1 47. g8=Q Rd1+ 48. Kc3 Ra1 49. Bd2 Ra3+ 50. Kc2 Ra2+ 51. Kd1 Ra1+ 52. Bc1 Ra5 53. Qg4+ Kf2 54. Be3+ Kg2 55. Qe2+ Kh3 56. Rh4+ Kxg3 57. Qg4# 1-0,2725.0
 Bullet tournament ,KyleKorver,GoGSWarriors_30,0-1,2016.07.22,22:57:58,2735,2659,-17.0,15.0,A40,English Defense #2,30+0,Normal,1. d4 b6 2. Nf3 Bb7 3. g3 a6 4. Bg2 d5 5. O-O e6 6. Nc3 Nf6 7. Re1 Be7 8. Bg5 Ne4 9. Bxe7 Qxe7 10. Nxe4 dxe4 11. Ne5 f5 12. c4 Nd7 13. Nxd7 Qxd7 14. Qc2 O-O-O 15. Rad1 Qe7 16. f3 e3 17. f4 Bxg2 18. Kxg2 g5 19. c5 gxf4 20. cxb6 Rd6 21. bxc7 fxg3 22. h3 Qd7 23. Rc1 Qb5 24. Qd3 Qb7+ 25. Kg1 Rf8 26. Rc5 f4 27. Rf1 f3 28. exf3 Rxf3 29. Rg5 Rxf1+ 30. Qxf1 Qxc7 31. Rg8+ Rd8 32. Rxg3 Qxg3+ 33. Qg2 Qxg2+ 34. Kxg2 e2 35. Kf2 Rxd4 36. Ke1 Rh4 37. Kxe2 Rxh3 38. a4 Rh2+ 39. Kd3 Rxb2 40. Kc4 Ra2 41. a5 Rxa5 42. Kb4 Rb5+ 43. Kc4 Kb7 44. Kd3 Kc6 45. Ke3 a5 46. Kd2 a4 47. Kc3 a3 48. Kc2 a2 49. Kd3 a1=Q 50. Kc4 Qa4+ 51. Kc3 Rb3+ 52. Kd2 Qa2+ 53. Kc1 Rb1# 0-1,2697.0
 Blitz ,Peaudepailles,KingsNeverDie,0-1,2016.07.22,23:00:49,2706,2745,-9.0,10.0,B08,"Pirc Defense: Classical Variation, Schlechter Variation",180+0,Normal,1. d4 Nf6 2. Nf3 g6 3. Nc3 Bg7 4. e4 d6 5. h3 O-O 6. Be2 Nbd7 7. O-O b6 8. a4 Bb7 9. Bd3 a6 10. Re1 Rc8 11. e5 dxe5 12. dxe5 Ne8 13. e6 fxe6 14. Rxe6 Bxf3 15. gxf3 Nc5 16. Re1 Nxd3 17. cxd3 Nd6 18. d4 Qd7 19. Qb3+ Rf7 20. Qe6 Qxe6 21. Rxe6 Rxf3 22. Nd5 Nf5 23. Kg2 Nh4+ 24. Kg1 Rd8 25. Nxe7+ Kf7 26. Re2 Re8 27. Bg5 Bf6 28. Bxf6 Rxf6 29. Rc1 c6 30. d5 c5 31. b4 Rxe7 32. Rxe7+ Kxe7 33. bxc5 bxc5 34. Rxc5 Kd6 35. Ra5 Kc7 36. Kh2 Kb6 37. d6 Kxa5 38. d7 Rd6 39. Kg3 Nf5+ 40. Kf4 Rxd7 41. f3 Rd4+ 42. Ke5 Rxa4 43. h4 Rxh4 44. f4 Rxf4 45. Kxf4 Kb4 46. Kg4 a5 0-1,2725.5
 Blitz ,easytobeat,DarthMccartney,1-0,2016.07.23,05:51:29,2683,2702,15.0,-14.0,D15,"Slav Defense: Chameleon Variation, Advance System",180+2,Normal,1. d4 { [%eval 0.14] } 1... d5 { [%eval 0.25] } 2. c4 { [%eval 0.19] } 2... c6 { [%eval 0.27] } 3. Nf3 { [%eval 0.28] } 3... Nf6 { [%eval 0.27] } 4. Nc3 { [%eval 0.08] } 4... a6 { [%eval 0.44] } 5. c5 { [%eval 0.39] } 5... g6 { [%eval 0.44] } 6. Bf4 { [%eval 0.47] } 6... Bg7 { [%eval 0.43] } 7. h3 { [%eval 0.37] } 7... O-O { [%eval 0.38] } 8. e3 { [%eval 0.47] } 8... Bf5 { [%eval 0.46] } 9. Be2 { [%eval 0.49] } 9... Ne4 { [%eval 0.36] } 10. O-O { [%eval 0.47] } 10... Nd7 { [%eval 0.44] } 11. g4 { [%eval 0.44] } 11... Nxc3 { [%eval 0.62] } 12. bxc3 { [%eval 0.7] } 12... Be4 { [%eval 0.8] } 13. Nd2 { [%eval 0.69] } 13... e5 { [%eval 0.7] } 14. Bg3 { [%eval 0.44] } 14... g5? { [%eval 2.17] } 15. Nxe4 { [%eval 2.08] } 15... dxe4 { [%eval 2.08] } 16. Rb1?! { [%eval 1.43] } 16... Ra7 { [%eval 1.78] } 17. Bc4?! { [%eval 1.12] } 17... Qe7? { [%eval 2.31] } 18. Qc2 { [%eval 2.39] } 18... exd4 { [%eval 2.79] } 19. exd4?! { [%eval 2.17] } 19... Re8 { [%eval 2.13] } 20. Rbe1 { [%eval 1.97] } 20... Nf6 { [%eval 2.23] } 21. Bd6?! { [%eval 1.7] } 21... Qd7 { [%eval 1.58] } 22. f3 { [%eval 1.64] } 22... e3 { [%eval 1.77] } 23. Qd3 { [%eval 1.8] } 23... b5 { [%eval 2.08] } 24. Bb3 { [%eval 2.03] } 24... Raa8 { [%eval 2.05] } 25. Rxe3 { [%eval 2.07] } 25... h5? { [%eval 4.01] } 26. Rfe1? { [%eval 2.62] } 26... Rxe3 { [%eval 2.73] } 27. Qxe3?! { [%eval 1.77] } 27... Re8 { [%eval 1.74] } 28. Qf2 { [%eval 1.54] } 28... hxg4 { [%eval 1.96] } 29. hxg4 { [%eval 1.85] } 29... Bf8?! { [%eval 2.68] } 30. Be5?! { [%eval 1.71] } 30... Bg7 { [%eval 1.75] } 31. Kg2?! { [%eval 1.18] } 31... Qe7? { [%eval 3.52] } 32. Bg3? { [%eval 2.06] } 32... Qd7 { [%eval 2.12] } 33. Rxe8+ { [%eval 1.95] } 33... Qxe8 { [%eval 2.12] } 34. Qe1 { [%eval 2.22] } 34... Qd7 { [%eval 2.71] } 35. Qe3 { [%eval 2.44] } 35... Bh6?! { [%eval 3.21] } 36. Qe5 { [%eval 3.22] } 36... Ne8 { [%eval 3.7] } 37. Qe4?! { [%eval 2.75] } 37... Nc7?? { [%eval 7.12] } 38. Bd6?? { [%eval 3.05] } 38... a5?? { [%eval 8.54] } 39. a4?? { [%eval 5.12] } 39... bxa4 { [%eval 4.96] } 40. Bxa4 { [%eval 4.81] } 40... Nb5?? { [%eval 11.41] } 41. Bxb5 { [%eval 11.01] } 41... cxb5 { [%eval 10.54] } 42. Be5 { [%eval 9.39] } 42... b4?! { [%eval 11.93] } 43. c6 { [%eval 10.63] } 43... Qe6 { [%eval 20.55] } 44. d5 { [%eval 14.94] } 44... Qe8 { [%eval 19.01] } 45. cxb4 { [%eval 16.6] } 45... axb4 { [%eval 64.04] } 46. d6 { [%eval 26.38] } 46... b3?! { [%eval #9] } 47. d7 { [%eval #8] } 47... Qd8 { [%eval #8] } 48. Qd5 { [%eval #7] } 48... b2 { [%eval #7] } 49. Bxb2 { [%eval #12] } 49... Bf8 { [%eval #8] } 50. Be5 { [%eval #7] } 50... Qb6 { [%eval #5] } 51. d8=Q { [%eval #4] } 51... Qb2+ { [%eval #3] } 52. Bxb2 { [%eval #2] } 1-0,2692.5
 Blitz ,DarthMccartney,easytobeat,1/2-1/2,2016.07.23,05:59:08,2688,2698,1.0,-1.0,C84,"Ruy Lopez: Closed Variations, Center Attack",180+2,Normal,1. e4 e5 2. Nf3 Nc6 3. Bb5 a6 4. Ba4 Nf6 5. O-O Be7 6. d4 exd4 7. e5 Ne4 8. Nxd4 O-O 9. Nf5 d5 10. exd6 Bxf5 11. dxe7 Nxe7 12. Qf3 Nc5 13. Bb3 Nxb3 14. cxb3 Qd5 15. Qg3 Qc6 16. Nc3 Rac8 17. Bf4 Bg6 18. Rac1 Nf5 19. Qh3 Nd4 20. Rfd1 Rcd8 21. Qe3 Ne6 22. Bg3 Qb6 23. Qxb6 cxb6 24. Nd5 b5 25. f3 h6 26. Kf2 Kh7 27. b4 Rfe8 28. a3 Kh8 29. h4 Rd7 30. Nb6 Rdd8 31. Nd7 Re7 32. Ne5 Rde8 33. Rd2 Bh7 34. Rcd1 Kg8 35. Bh2 h5 36. Rd5 f6 37. Nd7 Bg6 38. R1d2 Bf7 39. Nb6 Nf8 40. R5d4 Ne6 41. R4d3 Nf8 42. Bd6 Re6 43. Bc5 Bg6 44. Rd8 Kf7 45. Rxe8 Rxe8 46. g4 hxg4 47. fxg4 Kg8 48. h5 Bf7 49. Kg3 Be6 50. a4 bxa4 51. Nxa4 Nd7 52. Bd4 Kf7 53. Rf2 Rc8 54. Nc5 Nxc5 55. bxc5 Rd8 56. Rf4 Rd5 57. h6 gxh6 58. Rxf6+ Ke7 59. Rf4 h5 60. Bf6+ Kf7 61. Bd4+ Ke7 62. gxh5 Rxh5 63. Re4 Kd7 64. b4 Rf5 65. Be5 Bd5 66. Re3 Kc6 67. Bc3 Kb5 68. Be1 Rf1 69. Kg4 Bc6 70. Kg5 Rf8 71. Kg6 Rd8 72. Kf5 Rd5+ 73. Ke6 Rd1 74. Ke5 Rd5+ 75. Ke6 Rd8 76. Ke5 Rd1 77. Ke6 Rb1 78. Ke5 Rxb4 79. Bxb4 Kxb4 80. Kd4 a5 81. Re1 Kb3 82. Rb1+ Kc2 83. Rg1 Kb3 84. Rb1+ Kc2 85. Re1 Bb5 86. Re7 Bc6 87. Kc4 a4 88. Re2+ Kd1 89. Ra2 Kc1 90. Kb4 Kb1 91. Ra3 Kb2 92. Re3 Kc2 93. Re6 Kd3 94. Rd6+ Kc2 95. Rg6 Kd3 96. Rf6 Kd4 97. Rd6+ Ke5 98. Rd2 Ke4 99. Kc4 Ke3 100. Kc3 Ke4 101. Re2+ Kd5 102. Kb4 Kd4 103. Rd2+ Ke3 104. Rd6 Ke4 105. Ka3 Ke5 106. Kb2 Ke4 107. Kc3 Ke5 108. Kc4 Ke4 109. Rd2 Ke5 110. Rd1 Ke6 111. Re1+ Kf5 112. Kb4 Kf4 113. Kc4 Kf5 114. Kd4 Kf6 115. Kc3 Kf5 116. Kb4 Kf4 117. Re7 Kf5 118. Kc4 Kf6 119. Re1 Kf5 1/2-1/2,2693.0
 Blitz ,easytobeat,DarthMccartney,0-1,2016.07.23,06:12:01,2697,2689,-13.0,13.0,D86,"Gruenfeld Defense: Exchange Variation, Classical Variation",180+2,Normal,1. d4 { [%eval 0.18] } 1... Nf6 { [%eval 0.16] } 2. c4 { [%eval 0.14] } 2... g6 { [%eval 0.45] } 3. Nc3 { [%eval 0.43] } 3... d5 { [%eval 0.43] } 4. cxd5 { [%eval 0.33] } 4... Nxd5 { [%eval 0.39] } 5. e4 { [%eval 0.36] } 5... Nxc3 { [%eval 0.37] } 6. bxc3 { [%eval 0.31] } 6... Bg7 { [%eval 0.36] } 7. Bc4 { [%eval 0.34] } 7... c5 { [%eval 0.37] } 8. Ne2 { [%eval 0.41] } 8... Qc7 { [%eval 0.76] } 9. Bb3 { [%eval 0.32] } 9... O-O { [%eval 0.34] } 10. O-O { [%eval 0.44] } 10... Rd8 { [%eval 0.54] } 11. Be3 { [%eval 0.25] } 11... Nc6 { [%eval 0.37] } 12. Rc1 { [%eval 0.2] } 12... Na5 { [%eval 0.3] } 13. Bf4 { [%eval 0.24] } 13... e5 { [%eval 0.11] } 14. Bg3 { [%eval 0.0] } 14... Nxb3 { [%eval -0.08] } 15. Qxb3 { [%eval 0.0] } 15... c4 { [%eval 0.11] } 16. Qa3 { [%eval 0.04] } 16... b6 { [%eval 0.01] } 17. dxe5 { [%eval -0.18] } 17... Bxe5 { [%eval -0.09] } 18. Nd4 { [%eval -0.14] } 18... Bb7 { [%eval 0.24] } 19. Rfe1 { [%eval 0.0] } 19... Re8 { [%eval 0.08] } 20. Bxe5 { [%eval 0.0] } 20... Rxe5 { [%eval 0.0] } 21. Qb2? { [%eval -1.05] } 21... Rxe4 { [%eval -0.74] } 22. Rxe4 { [%eval -0.58] } 22... Bxe4 { [%eval -0.68] } 23. Re1 { [%eval -0.88] } 23... Re8 { [%eval -0.91] } 24. Qd2 { [%eval -0.77] } 24... Bc6 { [%eval -0.6] } 25. f3 { [%eval -0.88] } 25... Bd7 { [%eval -0.84] } 26. Rxe8+ { [%eval -0.68] } 26... Bxe8 { [%eval -0.75] } 27. Qe3 { [%eval -0.74] } 27... Ba4 { [%eval -0.7] } 28. f4 { [%eval -1.01] } 28... Qd6 { [%eval -0.93] } 29. f5 { [%eval -1.17] } 29... Bd7 { [%eval -1.11] } 30. fxg6 { [%eval -1.25] } 30... hxg6 { [%eval -1.12] } 31. Qe4?! { [%eval -1.73] } 31... a5 { [%eval -1.24] } 32. Qe3 { [%eval -1.73] } 32... b5 { [%eval -1.66] } 33. Qe4?! { [%eval -2.62] } 33... Kg7 { [%eval -2.13] } 34. Qe3 { [%eval -2.4] } 34... b4 { [%eval -2.21] } 35. h3?! { [%eval -2.75] } 35... Kg8 { [%eval -2.6] } 36. Qd2 { [%eval -3.09] } 36... Be6 { [%eval -2.63] } 37. Qe3? { [%eval -5.46] } 37... b3 { [%eval -4.03] } 38. axb3? { [%eval -6.88] } 38... cxb3 { [%eval -6.26] } 39. Nxe6?? { [%eval -11.64] } 39... Qxe6 { [%eval -11.49] } 40. Qd2 { [%eval -21.26] } 0-1,2693.0
 Blitz ,jitanu76,Stouf,1-0,2016.07.23,15:17:06,2733,2672,9.0,-10.0,A58,"Benko Gambit Accepted, Fully Accepted Variation",180+1,Normal,1. d4 { [%eval 0.24] } 1... Nf6 { [%eval 0.21] } 2. c4 { [%eval 0.12] } 2... c5 { [%eval 0.32] } 3. d5 { [%eval 0.23] } 3... b5 { [%eval 0.48] } 4. cxb5 { [%eval 0.28] } 4... a6 { [%eval 0.35] } 5. bxa6 { [%eval 0.32] } 5... g6?! { [%eval 0.83] } 6. Nc3 { [%eval 0.82] } 6... Bxa6 { [%eval 0.82] } 7. e4 { [%eval 0.82] } 7... Bxf1 { [%eval 0.77] } 8. Kxf1 { [%eval 0.68] } 8... d6 { [%eval 0.8] } 9. g4 { [%eval 0.48] } 9... Bg7 { [%eval 0.49] } 10. Kg2 { [%eval 0.54] } 10... O-O { [%eval 0.55] } 11. g5?! { [%eval 0.01] } 11... Nfd7?! { [%eval 0.66] } 12. h4 { [%eval 0.51] } 12... Na6 { [%eval 0.74] } 13. h5 { [%eval 0.52] } 13... Qb6?! { [%eval 1.09] } 14. Qg4 { [%eval 0.84] } 14... c4?? { [%eval 4.46] } 15. Qxd7 { [%eval 3.96] } 1-0,2702.5
 Blitz ,Stouf,jitanu76,0-1,2016.07.23,15:18:37,2662,2742,-9.0,9.0,E32,Nimzo-Indian Defense: Classical Variation,180+1,Normal,1. d4 { [%eval 0.23] } 1... Nf6 { [%eval 0.21] } 2. c4 { [%eval 0.16] } 2... e6 { [%eval 0.19] } 3. Nc3 { [%eval 0.13] } 3... Bb4 { [%eval 0.17] } 4. Qc2 { [%eval 0.08] } 4... O-O { [%eval 0.0] } 5. a3 { [%eval 0.03] } 5... Bxc3+ { [%eval 0.07] } 6. Qxc3 { [%eval -0.1] } 6... d6 { [%eval -0.01] } 7. Bg5 { [%eval -0.07] } 7... Nbd7 { [%eval -0.1] } 8. e3 { [%eval -0.14] } 8... b6 { [%eval -0.05] } 9. Bd3 { [%eval -0.18] } 9... Bb7 { [%eval 0.0] } 10. Ne2 { [%eval -0.07] } 10... h6 { [%eval -0.04] } 11. Bh4?! { [%eval -0.54] } 11... c5?! { [%eval 0.29] } 12. O-O { [%eval 0.18] } 12... Rc8 { [%eval 0.22] } 13. Qd2 { [%eval 0.22] } 13... cxd4 { [%eval 0.28] } 14. Nxd4?! { [%eval -0.3] } 14... Ne5 { [%eval -0.25] } 15. Rac1 { [%eval -0.34] } 15... d5 { [%eval -0.27] } 16. cxd5? { [%eval -2.52] } 16... Qxd5 { [%eval -2.36] } 17. f4? { [%eval -4.07] } 17... Nxd3 { [%eval -4.12] } 18. Qxd3?? { [%eval #-1] } 18... Qxg2# 0-1,2702.0
 Blitz ,zsoltik,darkghoul,0-1,2016.07.24,16:47:36,2661,2717,-8.0,10.0,B01,Scandinavian Defense: Lasker Variation,180+0,Normal,1. e4 { [%eval 0.28] } 1... d5?! { [%eval 0.8] } 2. exd5 { [%eval 0.61] } 2... Qxd5 { [%eval 0.56] } 3. Nc3 { [%eval 0.72] } 3... Qa5 { [%eval 0.61] } 4. d4 { [%eval 0.57] } 4... Nf6 { [%eval 0.66] } 5. Nf3 { [%eval 0.5] } 5... Bg4 { [%eval 0.46] } 6. h3 { [%eval 0.51] } 6... Bh5 { [%eval 0.7] } 7. g4 { [%eval 0.6] } 7... Bg6 { [%eval 0.93] } 8. Ne5 { [%eval 0.6] } 8... c6?! { [%eval 1.24] } 9. Bg2?! { [%eval 0.52] } 9... Nbd7 { [%eval 0.4] } 10. Nc4 { [%eval 0.36] } 10... Qb4 { [%eval 0.56] } 11. Ne3 { [%eval 0.19] } 11... e6 { [%eval 0.14] } 12. a3 { [%eval 0.1] } 12... Qb6 { [%eval 0.17] } 13. f4 { [%eval 0.0] } 13... O-O-O { [%eval 0.36] } 14. Nc4?! { [%eval -0.41] } 14... Qc7 { [%eval -0.08] } 15. Be3?! { [%eval -0.6] } 15... Nb6 { [%eval -0.45] } 16. Ne5 { [%eval -0.45] } 16... Bc5 { [%eval -0.06] } 17. b4 { [%eval -0.45] } 17... Be7?! { [%eval 0.08] } 18. Qf3 { [%eval -0.4] } 18... Nbd5 { [%eval -0.02] } 19. Nxd5 { [%eval -0.24] } 19... cxd5 { [%eval -0.02] } 20. Nxg6?! { [%eval -0.69] } 20... hxg6 { [%eval -0.49] } 21. O-O { [%eval -0.59] } 21... Kb8 { [%eval -0.44] } 22. Rac1?! { [%eval -1.08] } 22... Qc3?! { [%eval -0.58] } 23. Rfd1?! { [%eval -1.29] } 23... Ne4 { [%eval -1.31] } 24. Rd3 { [%eval -1.18] } 24... Qc4 { [%eval -0.69] } 25. Bf1 { [%eval -1.04] } 25... f5 { [%eval -0.56] } 26. g5?! { [%eval -1.31] } 26... Qa2?! { [%eval -0.69] } 27. c4? { [%eval -2.53] } 27... dxc4 { [%eval -2.58] } 28. Rdd1 { [%eval -2.6] } 28... b5?! { [%eval -1.94] } 29. d5? { [%eval -3.02] } 29... Rxd5 { [%eval -2.88] } 30. Rxd5?! { [%eval -3.44] } 30... exd5 { [%eval -3.01] } 31. Bd4 { [%eval -3.31] } 31... Bd6 { [%eval -3.25] } 32. Rd1 { [%eval -3.31] } 32... Rc8 { [%eval -3.54] } 33. Bxg7 { [%eval -3.97] } 33... c3 { [%eval -3.56] } 34. Qd3?? { [%eval #-15] } 34... a6?? { [%eval -4.58] } 35. Be2?? { [%eval -12.6] } 35... c2 { [%eval -12.48] } 36. Rc1 { [%eval -12.36] } 36... Bxf4 { [%eval -12.04] } 37. Qd4 { [%eval -11.51] } 37... Rc6? { [%eval -8.87] } 38. Be5+ { [%eval -8.81] } 38... Bxe5 { [%eval -8.44] } 39. Qxe5+ { [%eval -8.18] } 39... Kb7 { [%eval -7.66] } 40. Qe7+? { [%eval -11.66] } 40... Rc7 { [%eval -11.2] } 41. Qe5 { [%eval -10.38] } 41... Qxa3?? { [%eval -5.08] } 42. Qd4?? { [%eval #-7] } 42... Qxc1+ { [%eval #-6] } 43. Kg2 { [%eval #-6] } 43... Qxg5+ { [%eval #-5] } 44. Kf1 { [%eval #-5] } 44... c1=Q+ { [%eval #-4] } 45. Bd1 { [%eval #-4] } 45... Qgf4+ { [%eval #-3] } 46. Ke2 { [%eval #-2] } 46... Qxd1+?! { [%eval #-2] } 47. Kxd1 { [%eval #-1] } 47... Rc1+?! { [%eval #-2] } 48. Ke2 { [%eval #-2] } 48... Qf1+ { [%eval #-1] } 49. Ke3 { [%eval #-1] } 49... Re1# 0-1,2689.0
 Blitz ,darkghoul,zsoltik,0-1,2016.07.24,16:53:47,2727,2653,-15.0,12.0,A04,Zukertort Opening: Sicilian Invitation,180+0,Normal,1. Nf3 c5 2. c4 g6 3. d4 cxd4 4. Qxd4 Nf6 5. Nc3 Nc6 6. g3 Nxd4 0-1,2690.0
 Blitz ,zsoltik,darkghoul,0-1,2016.07.24,17:06:47,2648,2732,-8.0,9.0,B06,Modern Defense: Two Knights Variation,180+0,Normal,1. e4 g6 2. d4 Bg7 3. Nf3 d6 4. Nc3 a6 5. Bd3 b5 6. O-O Bb7 7. Ne2 Nf6 8. Ng3 O-O 9. Re1 c5 10. dxc5 dxc5 11. e5 Ne8 12. e6 f5 13. c3 Nc6 14. Bf4 Nf6 15. Qe2 Nd5 16. Bd2 c4 17. Bc2 Qc7 18. Rad1 Rad8 19. Bc1 Bxc3 20. Rxd5 Bxe1 21. Rxd8 Bxf2+ 22. Qxf2 Rxd8 23. Ne2 Ne5 24. Nfd4 Nd3 25. Bxd3 cxd3 26. Nf4 Qxc1+ 0-1,2690.0
 Bullet tournament ,KyleKorver,gnejs,0-1,2016.07.24,21:10:05,2719,2774,-12.0,13.0,D02,Queen's Pawn Game: Chandler Gambit,30+0,Normal,1. d4 c5 2. Nf3 cxd4 3. g3 d5 4. Bg2 Nc6 5. O-O e5 6. c3 dxc3 7. Nxc3 d4 8. Ne4 f5 9. Ned2 e4 10. Ne1 Nf6 11. Nb3 h6 12. Bf4 g5 13. Bd2 Bg7 14. e3 d3 15. f3 O-O 16. fxe4 Nxe4 17. Rc1 Bxb2 18. Rc4 Be6 19. Rxe4 fxe4 20. Bxe4 Rxf1+ 21. Kxf1 Qf8+ 22. Kg1 Bf5 23. Bxd3 Rd8 24. Qc2 Bxd3 25. Nxd3 Bg7 26. Qc4+ Qf7 27. Qxf7+ Kxf7 28. Nbc1 Ne5 29. Nxe5+ Bxe5 30. Be1 Rd1 31. Kf2 Rxc1 32. Bb4 Rc2+ 33. Kf3 Rxa2 34. Ke4 Bxg3 35. Be1 Ra4+ 36. Kf3 Bxe1 37. e4 Bd2 38. Kg4 Bf4 39. h3 Ra5 40. Kh5 Re5 41. h4 Rxe4 42. Kg4 gxh4 43. Kf5 Be5 44. Kxe4 h3 45. Kf3 h2 46. Kg2 h1=Q+ 47. Kxh1 b5 48. Kg2 b4 49. Kf3 b3 50. Ke4 b2 51. Kd5 b1=Q 52. Kc6 Qb6+ 53. Kd7 a5 54. Kc8 a4 55. Kd7 a3 56. Kc8 a2 57. Kd7 Qc7# 0-1,2746.5
 Bullet tournament ,darkghoul,smurf42,1-0,2016.07.24,21:10:36,2783,2750,13.0,-11.0,A00,Hungarian Opening,30+0,Normal,1. g3 d5 2. Bg2 Nf6 3. Nf3 e6 4. O-O Be7 5. h3 O-O 6. d3 c5 7. c4 Nc6 8. cxd5 exd5 9. Nbd2 a5 10. e4 d4 11. e5 Nd5 12. Re1 a4 13. a3 Re8 14. Nc4 b5 15. Nd6 Bxd6 16. exd6 Rxe1+ 17. Qxe1 Qxd6 18. Qe8+ Qf8 19. Qxc6 Be6 20. Ng5 Rc8 21. Nxe6 Rxc6 22. Nxf8 1-0,2766.5
 Bullet tournament ,smurf42,GoGSWarriors_30,0-1,2016.07.24,21:12:39,2740,2668,-14.0,16.0,B15,Caro-Kann Defense,30+0,Normal,1. d4 { [%eval 0.23] } 1... d5 { [%eval 0.25] } 2. Nc3 { [%eval 0.04] } 2... c6 { [%eval 0.34] } 3. e4 { [%eval 0.5] } 3... Nf6 { [%eval 0.86] } 4. e5 { [%eval 0.67] } 4... Ng8 { [%eval 0.91] } 5. f4 { [%eval 0.61] } 5... e6 { [%eval 0.6] } 6. Nf3 { [%eval 0.58] } 6... g6 { [%eval 1.06] } 7. Bd3 { [%eval 0.76] } 7... h5 { [%eval 1.09] } 8. h4?! { [%eval 0.17] } 8... Nh6 { [%eval 0.22] } 9. Ng5?! { [%eval -0.32] } 9... Be7 { [%eval 0.09] } 10. Be3 { [%eval 0.14] } 10... Bxg5? { [%eval 1.45] } 11. fxg5?! { [%eval 0.72] } 11... Ng4 { [%eval 0.78] } 12. Bg1 { [%eval 0.8] } 12... Na6 { [%eval 0.94] } 13. a3 { [%eval 0.97] } 13... Nb4?? { [%eval 4.13] } 14. axb4 { [%eval 3.93] } 14... a6 { [%eval 4.36] } 15. Na4 { [%eval 4.18] } 15... Bd7?! { [%eval 4.83] } 16. Nc5 { [%eval 4.82] } 16... Bc8 { [%eval 4.84] } 17. Qf3?! { [%eval 4.22] } 17... O-O { [%eval 4.41] } 18. Bf2 { [%eval 4.1] } 18... Kg7?! { [%eval 4.88] } 19. Bg3?! { [%eval 4.37] } 19... Qe7? { [%eval 6.19] } 20. O-O?! { [%eval 5.27] } 20... b6?! { [%eval 6.25] } 21. Nb3? { [%eval 3.48] } 21... Rb8?? { [%eval 11.23] } 22. c3?? { [%eval 4.89] } 22... a5?? { [%eval 11.06] } 23. bxa5?? { [%eval 5.93] } 23... bxa5?? { [%eval 11.52] } 24. Ra3?? { [%eval 5.24] } 24... a4?? { [%eval 9.58] } 25. Nc5?? { [%eval 6.13] } 25... Rxb2 { [%eval 5.9] } 26. Rxa4 { [%eval 5.54] } 26... Qc7? { [%eval 7.5] } 27. Rfa1 { [%eval 7.32] } 27... Bb7?! { [%eval 8.27] } 28. Ra7 { [%eval 7.6] } 28... Rb6? { [%eval 9.92] } 29. Ba6?? { [%eval 6.82] } 29... Rb8? { [%eval 8.31] } 30. Bxb7 { [%eval 8.31] } 30... R8xb7? { [%eval 12.01] } 31. Rxb7? { [%eval 7.52] } 31... Rxb7 { [%eval 7.52] } 32. Nxb7 { [%eval 7.52] } 32... Qxb7 { [%eval 7.52] } 33. Qd1?! { [%eval 6.65] } 33... Qb2 { [%eval 6.65] } 34. Rc1?? { [%eval -0.56] } 34... Ne3 { [%eval -0.29] } 35. Qe1?? { [%eval #-1] } 35... Qxg2# 0-1,2704.0
 Bullet tournament ,GoGSWarriors_30,darkghoul,0-1,2016.07.24,21:13:54,2684,2782,-9.0,11.0,A00,Hungarian Opening,30+0,Normal,1. g3 d6 2. h3 c6 3. Bg2 g6 4. d3 Nf6 5. e4 Bg7 6. Ne2 O-O 7. O-O e5 8. Bd2 d5 9. Nbc3 dxe4 10. Nxe4 Nxe4 11. dxe4 Qe7 12. Nc3 Nd7 13. Be3 Nc5 14. Qe2 Ne6 15. Rfe1 Nd4 16. Qf1 Nxc2 17. Rac1 Nxe1 18. Qxe1 Be6 19. Ne2 Rfd8 20. Bc5 Qe8 21. Bb4 Bxa2 22. Bc3 Be6 23. Kh2 f6 24. Ng1 Bf7 25. Nf3 Rd7 26. Ra1 Rad8 27. Nd2 b6 28. Bf1 c5 29. Nc4 Qe7 30. Ne3 Be6 31. Bc4 Bxc4 32. Nxc4 Qe6 33. Ne3 f5 34. Qf1 fxe4 35. Qg2 Rd4 36. Re1 Rf8 37. Nc2 Rc4 38. Ne3 Ra4 39. Re2 Qf7 40. Ng4 Qf3 41. Qxf3 exf3 42. Re3 e4 43. Bxg7 Kxg7 44. Ne5 Rb4 45. b3 Rd4 46. Nc4 b5 47. Na5 Rf5 48. Re1 Rd2 49. Kg1 Re2 50. Rf1 e3 51. Nc6 Rxf2 52. Rxf2 exf2+ 53. Kxf2 Rf6 54. Ne5 c4 55. Ng4 cxb3 56. Ne3 b2 57. g4 b1=Q 58. Nf5+ Rxf5 59. gxf5 Qxf5 60. Ke3 Qg5+ 61. Kf2 Qf5 62. h4 Qf6 63. h5 g5 64. Ke3 Kh6 65. Kf2 Qf4 66. Kf1 Qd2 67. Kg1 Qg2# 0-1,2733.0
 Bullet tournament ,smurf42,KyleKorver,0-1,2016.07.24,21:17:34,2714,2684,-13.0,17.0,C10,"French Defense: Rubinstein Variation, Blackburne Defense",30+0,Normal,1. d4 e6 2. e4 d5 3. Nc3 dxe4 4. Nxe4 Nd7 5. Nf3 Ngf6 6. Bg5 h6 7. Nxf6+ Nxf6 8. Bh4 Be7 9. Bd3 b6 10. Qe2 Bb7 11. O-O-O O-O 12. Rhe1 Nd5 13. Bg3 Bf6 14. Kb1 g6 15. Ne5 Bg7 16. a3 a6 17. c4 Ne7 18. h4 Nf5 19. Bf4 Nxd4 20. Qg4 Nf5 21. Bxf5 exf5 22. Rxd8 fxg4 23. Rd7 Bc8 24. Rxc7 Bf5+ 25. Ka2 Rfe8 26. Rd1 Bxe5 27. Bxe5 Rxe5 28. Rd6 Rc5 29. h5 Rxc7 30. hxg6 Bxg6 31. Rxb6 Re8 32. Kb3 Rd8 33. Kb4 Be4 34. b3 Bxg2 35. c5 Bf3 36. Ka5 Rd5 37. b4 Rdxc5+ 38. bxc5 Rxc5+ 39. Kxa6 Rc3 40. Rb8+ Kg7 41. a4 Rc2 42. a5 Rxf2 43. Rb6 Ra2 44. Ka7 h5 45. a6 g3 46. Rb4 g2 47. Rb3 g1=Q+ 48. Kb8 Qg3+ 49. Kc8 Rc2+ 0-1,2699.0
 Bullet tournament ,darkghoul,gnejs,1-0,2016.07.24,21:18:08,2767,2813,16.0,-17.0,A00,Mieses Opening,30+0,Normal,1. d3 h5 2. c3 h4 3. Nd2 e5 4. h3 d5 5. Ngf3 Nc6 6. e4 f5 7. Qa4 Qd6 8. exd5 Qxd5 9. Nc4 Bd6 10. Ne3 Qe6 11. Bd2 Bd7 12. Qb3 Qxb3 13. axb3 Nf6 14. b4 e4 15. dxe4 fxe4 16. Ng5 Rh5 17. Nc4 O-O-O 18. b5 Ne5 19. Nxd6+ cxd6 20. Rxa7 Kb8 21. Ra4 Nd3+ 22. Bxd3 exd3 23. Rb4 Re8+ 24. Kd1 Nd5 25. Rd4 Nb6 26. c4 Bxb5 27. cxb5 Re2 28. Rxd3 d5 29. Rg1 Rxd2+ 30. Kxd2 Rxg5 31. Ke2 Nc4 32. Rf3 Re5+ 33. Kd3 Nd6 34. Kd4 Re4+ 35. Kxd5 Kc7 36. Rf7+ Nxf7 37. Kxe4 Nd6+ 38. Kd4 Nxb5+ 39. Kc5 Nd6 40. Rc1 Ne4+ 41. Kd5+ Kd7 42. Kxe4 Ke6 43. Kd4 1-0,2790.0
 Bullet tournament ,smurf42,darkghoul,1-0,2016.07.24,21:19:28,2702,2783,15.0,-17.0,A41,Queen's Pawn,30+0,Normal,1. d4 { [%eval 0.16] } 1... d6 { [%eval 0.48] } 2. Nc3 { [%eval 0.43] } 2... c6 { [%eval 0.4] } 3. e4 { [%eval 0.52] } 3... Nd7 { [%eval 0.54] } 4. Be3 { [%eval 0.28] } 4... g6 { [%eval 0.52] } 5. Qd2 { [%eval 0.44] } 5... Bg7 { [%eval 0.44] } 6. f3 { [%eval 0.46] } 6... b5 { [%eval 0.51] } 7. h4 { [%eval 0.23] } 7... h6 { [%eval 0.67] } 8. h5 { [%eval 0.86] } 8... g5 { [%eval 0.84] } 9. Nge2 { [%eval 0.65] } 9... b4 { [%eval 0.74] } 10. Nd1 { [%eval 0.79] } 10... a5 { [%eval 0.59] } 11. Nf2 { [%eval 0.6] } 11... Ngf6 { [%eval 0.74] } 12. Ng3 { [%eval 0.74] } 12... c5 { [%eval 1.13] } 13. Nf5 { [%eval 1.06] } 13... Bf8 { [%eval 0.99] } 14. dxc5 { [%eval 1.02] } 14... Nxc5 { [%eval 1.03] } 15. O-O-O { [%eval 1.1] } 15... Bxf5 { [%eval 1.07] } 16. exf5 { [%eval 1.01] } 16... Qb6 { [%eval 1.34] } 17. Nd3 { [%eval 0.96] } 17... Nxd3+?! { [%eval 1.51] } 18. Bxd3 { [%eval 1.53] } 18... Qc6? { [%eval 2.57] } 19. Qe2 { [%eval 2.2] } 19... Rb8 { [%eval 2.19] } 20. Kb1?! { [%eval 1.31] } 20... Bg7 { [%eval 1.55] } 21. Bd4? { [%eval 0.12] } 21... O-O { [%eval 0.41] } 22. f4 { [%eval 0.12] } 22... g4 { [%eval 0.23] } 23. Rh4 { [%eval 0.2] } 23... a4?! { [%eval 0.89] } 24. Rxg4 { [%eval 0.77] } 24... Nxg4 { [%eval 0.93] } 25. Qxg4 { [%eval 0.81] } 25... f6 { [%eval 0.75] } 26. Re1 { [%eval 0.59] } 26... Rfc8?? { [%eval #3] } 27. Rxe7 { [%eval #2] } 1-0,2742.5
 Bullet tournament ,GoGSWarriors_30,KyleKorver,0-1,2016.07.24,21:23:02,2664,2714,-11.0,14.0,A00,Hungarian Opening,30+0,Normal,1. g3 c6 2. h3 d5 3. Bg2 Nf6 4. d3 e5 5. Nd2 Bd6 6. e3 O-O 7. Ne2 Re8 8. O-O Bf5 9. Kh2 Nbd7 10. e4 d4 11. exf5 h6 12. Ne4 Be7 13. Nxf6+ Nxf6 14. g4 Bd6 15. Ng3 Qc7 16. Ne4 Be7 17. g5 hxg5 18. Bxg5 Nxe4 19. Bxe7 Nd6 20. Bxd6 Qxd6 21. Be4 Qf8 22. Rg1 Qd6 23. Qh5 Kf8 24. Qh7 Qf6 25. Rg4 Ke7 26. Qxg7 Rh8 27. Qxf6+ Kxf6 28. Rag1 a5 29. R1g2 a4 30. a3 Ra5 31. Bf3 Rb5 32. Be4 Rxb2 33. R4g3 Rxc2 34. f4 exf4 35. Rxc2 fxg3+ 36. Kxg3 Ke5 37. Kf3 Rg8 38. Rc5+ Kd6 39. Ra5 b5 40. Ra6 Rc8 41. Rxc6+ Rxc6 42. Bxc6 Kxc6 43. h4 b4 44. h5 bxa3 45. h6 a2 46. h7 a1=Q 47. h8=Q Qf1+ 48. Ke4 Qe2+ 49. Kxd4 Qb2+ 50. Ke4 Qxh8 51. d4 Kd6 52. d5 Qf6 53. Kf4 Qe5+ 54. Kg4 Qxd5 55. Kg5 f6+ 56. Kxf6 Qe5+ 57. Kg6 a3 58. f6 a2 59. f7 Qe6+ 60. Kg7 Qxf7+ 61. Kxf7 a1=Q 62. Ke8 Qa7 63. Kf8 Ke6 64. Kg8 Kf6 65. Kh8 Qg7# 0-1,2689.0
 Bullet tournament ,smurf42,darkghoul,1-0,2016.07.24,21:24:51,2726,2719,13.0,-14.0,B07,Rat Defense: Accelerated Gurgenidze,30+0,Normal,1. d4 d6 2. e4 c6 3. Nc3 g6 4. f4 Bg7 5. Nf3 Nd7 6. e5 Qb6 7. a3 Nh6 8. Bc4 e6 9. O-O d5 10. Bd3 c5 11. Kh1 cxd4 12. Na4 O-O 13. Nxb6 Nxb6 14. Nxd4 Bd7 15. Nb5 Rac8 16. Nd6 Rb8 17. Be3 Nc4 18. Bxc4 dxc4 19. Bxa7 Bc6 20. Bxb8 Rxb8 21. Re1 Bd5 22. Re2 Ng4 23. Qe1 h5 24. h3 Nh6 25. Rd1 Bf8 26. Rxd5 exd5 27. Nb5 Nf5 28. c3 h4 29. e6 Ng3+ 30. Kh2 Nxe2 31. Qxe2 Re8 32. Nd4 Bg7 33. exf7+ Kxf7 34. Qg4 Re4 35. Qd7+ Kg8 36. Qxd5+ Kh7 37. Qxe4 Bf6 38. f5 Kh6 39. fxg6 Bg5 40. Qf5 Kg7 41. Ne6+ Kh6 42. Nxg5 1-0,2722.5
 Bullet tournament ,smurf42,KyleKorver,0-1,2016.07.24,21:27:11,2739,2713,-14.0,16.0,B15,Caro-Kann Defense: Main Line,30+0,Normal,1. d4 c6 2. Nc3 d5 3. e4 dxe4 4. Nxe4 Nf6 5. Ng5 h6 6. N5f3 e6 7. Ne5 Bd6 8. Ngf3 O-O 9. Bd3 Nbd7 10. Qe2 Qc7 11. Bf4 c5 12. O-O-O cxd4 13. Rhe1 a6 14. Kb1 Nxe5 15. Nxe5 b5 16. g4 Bb7 17. g5 Nd5 18. Bg3 hxg5 19. Qh5 f5 20. Ng6 Rf6 21. Bxd6 Qxd6 22. Qh8+ Kf7 23. Ne5+ Qxe5 24. Qh5+ Ke7 25. Rxe5 Nf4 26. Rde1 Nxh5 27. Rc5 Kd6 28. Rc7 Nf4 29. Rxg7 Bd5 30. Bxf5 Rxf5 31. Rd1 Re5 32. c3 dxc3 33. bxc3 Rc8 34. c4 Rxc4 35. Kb2 Ne2 36. Kb3 Nd4+ 37. Rxd4 Rxd4+ 38. Kc3 Rc4+ 39. Kd3 Be4+ 40. Ke2 Bf5+ 41. Kf1 Be4 42. Rxg5 Bf3 43. Rf5 Rc1# 0-1,2726.0
 Bullet tournament ,KyleKorver,ferrari9182,1-0,2016.07.24,21:29:43,2733,2572,9.0,-9.0,A43,Old Benoni Defense,30+0,Normal,1. d4 c5 2. Nf3 e6 3. g3 Nf6 4. Bg2 Be7 5. O-O O-O 6. c4 d5 7. Nc3 Nc6 8. dxc5 Bxc5 9. cxd5 exd5 10. Bg5 Be7 11. Bxf6 Bxf6 12. Nxd5 Bxb2 13. Rb1 Ba3 14. Ne3 Bd6 15. Nc4 Be6 16. Nxd6 Qd7 17. Nxb7 Qe7 18. Nd6 Rfd8 19. Qc2 Rxd6 20. Rbd1 Rad8 21. Rxd6 Rxd6 22. Rc1 g6 23. h4 h5 24. Qc3 Nd8 25. Ng5 Qd7 26. Ne4 Kf8 27. Qh8+ Ke7 28. Nxd6 Qxd6 29. e3 Qd7 30. Rb1 Nb7 31. Rxb7 1-0,2652.5
 Bullet tournament ,gnejs,GoGSWarriors_30,1-0,2016.07.24,21:31:24,2752,2636,10.0,-9.0,A04,Zukertort Opening: Kingside Fianchetto,30+0,Normal,1. Nf3 g6 2. c4 h6 3. g3 Bg7 4. Bg2 d6 5. O-O Nd7 6. Nc3 e5 7. d4 Ne7 8. e4 O-O 9. Re1 Kh7 10. Be3 Nc6 11. d5 Ne7 12. h4 f5 13. h5 fxe4 14. hxg6+ Nxg6 15. Nxe4 Nf6 16. Nfd2 Nxe4 17. Nxe4 Bf5 18. c5 Qd7 19. c6 bxc6 20. dxc6 Qe6 21. Nc3 Bh3 22. Qd5 Rae8 23. Qxe6 Bxe6 24. Bxa7 Rf7 25. Be3 Rg8 26. Nd5 Bf8 27. b4 Ne7 28. Nxc7 Bc8 29. b5 Nf5 30. Nd5 Rfg7 31. Be4 Be7 32. Nxe7 Rxe7 33. b6 Kg7 34. b7 Bxb7 35. cxb7 Nxe3 36. Rxe3 d5 37. Bxd5 Rd8 38. Rd3 e4 39. Rdd1 Red7 40. Bxe4 Rxd1+ 41. Rxd1 Rxd1+ 42. Kg2 Rd8 43. a4 Kf6 44. a5 Ke7 45. a6 Kd6 46. a7 Kc7 47. a8=Q Rb8 48. Qxb8+ Kxb8 49. Kf3 Kc7 50. Kg4 h5+ 51. Kxh5 Kb8 52. Kh6 Kc7 53. g4 Kd6 54. g5 Ke5 55. g6 Kf4 56. g7 Ke5 57. b8=Q+ Kd4 58. Qf8 Kc3 59. g8=Q Kd2 60. Qgg7 Ke1 61. Qgf7 Kf1 62. Q7e7 Kg1 63. Qef6 Kf1 64. Bf5 Kg1 65. Bg6 Kh2 66. Qg5 Kh3 67. f4 Kh2 68. f5 Kh3 69. f6 Kh2 70. Qe7 Kh3 71. Qee3+ Kh2 72. Qgg3+ Kh1 73. Qeg1# 1-0,2694.0
 Bullet tournament ,smurf42,ferrari9182,0-1,2016.07.24,21:36:20,2757,2562,-20.0,23.0,A43,Benoni Defense: Benoni-Indian Defense,30+0,Normal,1. d4 c5 2. d5 Nf6 3. Nc3 e6 4. e4 exd5 5. e5 d6 6. exf6 d4 7. Nd5 Be6 8. Nf4 gxf6 9. Nxe6 fxe6 10. Qh5+ Kd7 11. Nf3 Nc6 12. Bb5 Be7 13. Bxc6+ bxc6 14. O-O Rg8 15. Re1 Qc7 16. Qh3 f5 17. Qxh7 Raf8 18. Qh6 Rf6 19. Qd2 Rfg6 20. g3 d5 21. c3 Bd6 22. cxd4 Bxg3 23. fxg3 Rxg3+ 24. hxg3 Qxg3+ 25. Kf1 Qxf3+ 26. Qf2 Qh5 27. Be3 Rg4 28. dxc5 e5 29. Bd4 e4 30. Be5 Qh3+ 31. Ke2 Rg2 32. Rh1 Qg4+ 33. Ke3 Rxf2 34. Kxf2 Qf3+ 35. Ke1 e3 36. Rh6 Qf2+ 37. Kd1 Qd2# 0-1,2659.5
 Bullet tournament ,darkghoul,ferrari9182,1-0,2016.07.24,21:37:37,2745,2585,8.0,-9.0,A00,Van't Kruijs Opening,30+0,Normal,1. e3 c5 2. d3 d5 3. Be2 Nf6 4. Bf3 e6 5. Be2 Be7 6. Nf3 O-O 7. O-O Bd6 8. c3 Nc6 9. Nbd2 Re8 10. e4 e5 11. h3 d4 12. Re1 Bc7 13. Qc2 Be6 14. a4 Rc8 15. Ng5 a6 16. Nxe6 fxe6 17. Nf3 Rf8 18. Qb3 Qe7 19. Qxb7 Nd8 20. Qxa6 Rb8 21. Qc4 Rb6 22. a5 Rd6 23. a6 Nc6 24. a7 Ra8 25. Ng5 h6 26. Nf3 Rxa7 27. Rxa7 Nxa7 28. Nxe5 Nc6 29. Nf3 Nd7 30. Bf4 Kf8 31. Bxd6 Qxd6 32. cxd4 Nde5 33. dxe5 Nxe5 34. Nxe5 Qxe5 35. g3 h5 36. Bxh5 Qg5 37. Qxe6 Bxg3 38. Qf5+ Qxf5 39. exf5 g6 40. Re8+ Kg7 41. fxg3 Kf6 42. Re7 Kg5 43. Re6 c4 44. Rxg6+ Kxh5 45. Rg4 c3 46. Rc4 c2 47. Rxc2 Kg5 48. Re2 Kf6 49. d4 Kxf5 50. d5 Kf6 51. d6 Kf5 52. d7 Kg5 53. d8=Q+ Kg6 54. Qg8+ Kf6 55. Qe6+ Kg5 56. Re5# 1-0,2665.0
 Bullet tournament ,gnejs,KyleKorver,0-1,2016.07.24,21:38:14,2748,2692,-17.0,17.0,D43,Semi-Slav Defense,30+0,Normal,1. Nf3 e6 2. c4 d5 3. d4 Nf6 4. Nc3 c6 5. Qc2 Nbd7 6. g3 Be7 7. Bg2 O-O 8. O-O dxc4 9. Rd1 b5 10. Ne5 Nxe5 11. dxe5 Nd5 12. Ne4 Bb7 13. h4 h6 14. h5 Qc7 15. Bf4 Nxf4 16. gxf4 Rad8 17. Ng3 c5 18. a4 b4 19. Qxc4 Bxg2 20. Kxg2 Qc6+ 21. Ne4 Rd5 22. e3 Rfd8 23. Rdc1 Rd4 24. Qb5 Qxe4+ 25. Kg3 Rd2 26. Qf1 Qf5 27. Qh3 Qe4 28. Rd1 Rxd1 29. Rxd1 Rxd1 30. Qg2 Qxg2+ 31. Kxg2 Rd2 32. Kf3 Rxb2 33. f5 Rc2 34. fxe6 fxe6 0-1,2720.0
 Bullet tournament ,smurf42,ferrari9182,1-0,2016.07.24,21:40:05,2755,2586,7.0,-8.0,A43,Old Benoni Defense,30+0,Normal,1. d4 { [%eval 0.13] } 1... c5?! { [%eval 0.63] } 2. Nc3?! { [%eval -0.06] } 2... e6 { [%eval 0.22] } 3. d5 { [%eval 0.29] } 3... Nf6 { [%eval 0.44] } 4. e4 { [%eval 0.53] } 4... d6 { [%eval 0.57] } 5. e5?! { [%eval -0.37] } 5... dxe5 { [%eval 0.0] } 6. Bb5+ { [%eval -0.03] } 6... Bd7 { [%eval 0.05] } 7. dxe6 { [%eval -0.04] } 7... fxe6 { [%eval -0.01] } 8. Bc4 { [%eval -0.35] } 8... Be7 { [%eval -0.26] } 9. Nf3 { [%eval -0.26] } 9... O-O? { [%eval 1.03] } 10. Nxe5 { [%eval 0.99] } 10... Qc7 { [%eval 1.36] } 11. Bf4 { [%eval 1.48] } 11... Bd6? { [%eval 3.38] } 12. Qe2? { [%eval 1.55] } 12... Nc6?! { [%eval 2.49] } 13. Nxd7? { [%eval 1.42] } 13... Bxf4 { [%eval 1.45] } 14. Nxf8 { [%eval 1.38] } 14... Rxf8 { [%eval 1.52] } 15. Qxe6+ { [%eval 1.34] } 15... Kh8 { [%eval 1.3] } 16. g3?? { [%eval -2.51] } 16... Nd4 { [%eval -2.39] } 17. Nb5?? { [%eval -5.91] } 17... Qd8?? { [%eval 3.01] } 18. Nxd4 { [%eval 2.99] } 18... cxd4 { [%eval 2.99] } 19. O-O { [%eval 2.94] } 19... Bb8 { [%eval 3.06] } 20. Qh3 { [%eval 2.96] } 20... h6 { [%eval 3.03] } 21. Bd3 { [%eval 3.11] } 21... Nh7?! { [%eval 3.69] } 22. Rfe1? { [%eval 2.45] } 22... Ng5 { [%eval 2.37] } 23. Qg2 { [%eval 2.35] } 23... Nf3+ { [%eval 2.22] } 24. Kf1 { [%eval 2.1] } 24... Qg5?? { [%eval 7.86] } 25. h4?? { [%eval 1.89] } 25... Qg4?! { [%eval 2.4] } 26. Re4? { [%eval 1.3] } 26... Qf5?? { [%eval 6.27] } 27. Rae1?? { [%eval 1.96] } 27... Nxh4?? { [%eval 9.68] } 28. Rxh4? { [%eval 7.29] } 28... Qg5? { [%eval #12] } 29. Qe4 { [%eval 20.56] } 29... Qf6?! { [%eval #1] } 30. Qh7# 1-0,2670.5
 Bullet tournament ,darkghoul,GoGSWarriors_30,1-0,2016.07.24,21:41:56,2772,2647,9.0,-9.0,A00,Van't Kruijs Opening,30+0,Normal,1. e3 { [%eval 0.13] } 1... g6 { [%eval 0.48] } 2. Be2 { [%eval 0.36] } 2... h6 { [%eval 0.5] } 3. Nf3 { [%eval 0.55] } 3... Bg7 { [%eval 0.57] } 4. d4 { [%eval 0.6] } 4... d6 { [%eval 0.68] } 5. c3 { [%eval 0.4] } 5... e6 { [%eval 0.51] } 6. h4 { [%eval 0.1] } 6... Ne7 { [%eval 0.27] } 7. h5 { [%eval 0.11] } 7... g5 { [%eval 0.09] } 8. Nbd2 { [%eval 0.05] } 8... O-O { [%eval -0.04] } 9. e4 { [%eval 0.01] } 9... f5 { [%eval 0.03] } 10. Ng1?! { [%eval -0.48] } 10... f4 { [%eval 0.01] } 11. Bg4 { [%eval -0.38] } 11... Nd7? { [%eval 0.73] } 12. Qb3 { [%eval 0.31] } 12... Nf6 { [%eval 0.63] } 13. Bxe6+ { [%eval 0.59] } 13... Kh8 { [%eval 0.69] } 14. f3? { [%eval -0.44] } 14... d5?! { [%eval 0.4] } 15. Bxc8 { [%eval 0.37] } 15... Qxc8 { [%eval 0.42] } 16. e5 { [%eval 0.35] } 16... Ne8 { [%eval 0.44] } 17. Ne2 { [%eval 0.3] } 17... c6?! { [%eval 0.84] } 18. Nf1 { [%eval 0.64] } 18... Nc7 { [%eval 0.63] } 19. Bd2 { [%eval 0.63] } 19... Ne6 { [%eval 0.67] } 20. Qc2 { [%eval 0.5] } 20... a5 { [%eval 0.65] } 21. g3?! { [%eval -0.02] } 21... b5?! { [%eval 0.82] } 22. gxf4 { [%eval 0.87] } 22... Nxf4? { [%eval 2.15] } 23. Nxf4?! { [%eval 1.38] } 23... gxf4 { [%eval 1.58] } 24. O-O-O { [%eval 1.25] } 24... Qf5?! { [%eval 1.75] } 25. Nh2 { [%eval 1.6] } 25... b4 { [%eval 1.89] } 26. Ng4 { [%eval 1.82] } 26... Rfb8?! { [%eval 2.63] } 27. Rhg1?! { [%eval 1.99] } 27... bxc3 { [%eval 2.08] } 28. Bxc3 { [%eval 1.86] } 28... Rb6?! { [%eval 2.6] } 29. Qxf5 { [%eval 2.77] } 29... Nxf5 { [%eval 2.73] } 30. Rd3?! { [%eval 1.87] } 30... a4 { [%eval 1.76] } 31. Nf6?! { [%eval 1.03] } 31... Bxf6 { [%eval 1.1] } 32. exf6 { [%eval 0.93] } 32... Rf8 { [%eval 1.41] } 33. Rg6 { [%eval 1.19] } 33... c5?? { [%eval 12.93] } 34. dxc5 { [%eval 12.45] } 34... Rc6 { [%eval 14.24] } 35. Rxd5 { [%eval 12.79] } 35... Ne3?! { [%eval #6] } 36. f7+ { [%eval #5] } 36... Kh7 { [%eval #5] } 37. Rg7+ { [%eval #4] } 37... Kh8 { [%eval #4] } 38. Rg8+ { [%eval #3] } 38... Kh7 { [%eval #3] } 39. Rxf8 { [%eval #2] } 39... Rc8 { [%eval #2] } 40. Rxc8 { [%eval #1] } 40... Nxd5 { [%eval #1] } 41. Rh8# 1-0,2709.5
 Bullet tournament ,Ghostqiuyu,smurf42,0-1,2016.07.24,21:43:44,2612,2717,-12.0,9.0,A00,Hungarian Opening,30+0,Normal,1. g3 d5 2. Bg2 Nf6 3. Nf3 e6 4. O-O Be7 5. d3 O-O 6. c4 c5 7. cxd5 Nc6 8. dxc6 bxc6 9. Nc3 Bd7 10. Nd2 Rb8 11. Nc4 Be8 12. a4 Nd5 13. Ne5 Bf6 14. f4 Qc7 15. Nc4 Nxc3 16. bxc3 Bxc3 17. Ra2 Bd4+ 18. e3 Bf6 19. Bb2 Be7 20. Be5 Qc8 21. Bxb8 Qxb8 22. Qc2 Qd8 23. Rb1 Bd7 24. Rab2 Qc7 25. Rb7 Qc8 26. Rxd7 Qxd7 27. Ne5 Qd6 28. Nxc6 Bf6 29. Ne5 Bxe5 30. fxe5 Qxe5 31. Qf2 c4 32. d4 Qa5 33. Rf1 Qxa4 34. Be4 g6 35. Qf4 Qa3 36. h4 h5 37. Bxg6 fxg6 38. Qg5 Rxf1+ 39. Kxf1 Kg7 40. Qe7+ Qxe7 41. Ke2 a5 42. Kd2 a4 43. Kc3 a3 44. Kxc4 Qb7 45. Kd3 a2 46. d5 a1=Q 47. dxe6 Qab1+ 48. Ke2 Qe7 49. Kf3 Qf5+ 50. Kg2 Qexe6 51. e4 Qexe4+ 52. Kh2 Qf2+ 53. Kh3 Qg4# 0-1,2664.5
 Bullet tournament ,gnejs,smurf42,1-0,2016.07.24,21:44:55,2738,2726,14.0,-12.0,A15,"English Opening: Anglo-Indian Defense, Scandinavian Defense, Exchange Variation",30+0,Normal,1. Nf3 d5 2. c4 Nf6 3. cxd5 Nxd5 4. e4 Nf6 5. Nc3 Nc6 6. d4 Bg4 7. d5 Bxf3 8. gxf3 Ne5 9. f4 Ned7 10. e5 Ng8 11. e6 fxe6 12. dxe6 Ndf6 13. Qb3 Qc8 14. Bg2 g6 15. Bxb7 1-0,2732.0
 Bullet tournament ,gnejs,GoGSWarriors_30,0-1,2016.07.24,21:49:27,2755,2645,-18.0,17.0,A04,Zukertort Opening: Kingside Fianchetto,30+0,Normal,1. Nf3 g6 2. h4 d5 3. h5 gxh5 4. c4 Nf6 5. cxd5 c6 6. d6 Bg4 7. d4 exd6 8. Nc3 Nbd7 9. Bg5 Qc7 10. Qc2 Be7 11. O-O-O O-O-O 12. e4 Rdg8 13. Be2 h6 14. Bxf6 Bxf6 15. e5 dxe5 16. d5 Nc5 17. dxc6 Qxc6 18. Nd5 Kb8 19. b4 Ne4 20. Qxc6 bxc6 21. Nxf6 Nxf6 22. Rhe1 Nd5 23. Nxe5 Nxb4 24. Bxg4 hxg4 25. Nxf7 Rh7 26. Ne5 Rc7 27. a3 Nd5 28. Nd7+ Rxd7 29. Rd3 Rgd8 30. Rb3+ Kc7 31. Kb2 Rd6 32. Rc1 R8d7 33. Ka2 Nb6 34. Rb2 Rd2 35. Rbc2 R2d6 36. a4 Rd2 37. a5 Rxc2+ 38. Rxc2 Nd5 39. f3 Kd6 40. fxg4 Nb4+ 41. Kb3 Nxc2 42. Kxc2 Rg7 43. g5 Rxg5 0-1,2700.0
 Bullet tournament ,gnejs,GoGSWarriors_30,1/2-1/2,2016.07.24,21:52:01,2737,2663,-3.0,3.0,A04,Zukertort Opening: Queenside Fianchetto Variation,30+0,Normal,1. Nf3 b6 2. d4 Bb7 3. c4 Bxf3 4. a3 Bb7 5. Nc3 e6 6. e4 Ne7 7. Be2 d6 8. O-O Nd7 9. f3 h6 10. Be3 g6 11. d5 Bg7 12. dxe6 fxe6 13. Bd4 Ne5 14. b4 c5 15. Be3 O-O 16. Qc2 g5 17. Rad1 N7g6 18. Nb5 Nf7 19. e5 d5 20. Qxg6 a6 21. Nd6 Nxe5 22. Nxb7 Nxg6 23. Nxd8 Raxd8 24. bxc5 d4 25. Bf2 bxc5 26. Bd3 Nf4 27. Rfe1 e5 28. Be4 Rfe8 29. g3 Kf8 30. gxf4 exf4 31. Bd5 Be5 32. Re4 Re7 33. Rd3 Rde8 34. Kg2 Kg7 35. h4 Kf6 36. hxg5+ hxg5 37. Rb3 Kf5 38. Rb6 g4 39. Re1 gxf3+ 40. Kxf3 Bf6 41. Be4+ Rxe4 42. Rxe4 Rxe4 43. Rxf6+ Kxf6 44. Kxe4 Ke6 45. Kxf4 Kd6 46. Ke4 Kc6 47. Bxd4 Kb6 48. Bc3 Kc6 49. Ke5 a5 50. a4 Kc7 51. Kd5 Kb6 52. Kd6 Kb7 53. Kxc5 Ka6 54. Kc6 Ka7 55. Kb5 Kb7 56. Kxa5 Kc7 57. Kb5 Kb7 58. c5 Ka7 59. c6 Kb8 60. Be5+ Kc8 61. c7 Kd7 62. a5 Ke6 63. a6 Kd5 64. a7 Ke6 65. a8=Q Kd7 66. Qb8 Ke7 67. c8=Q Kf7 68. Qbb7+ Kg6 69. Qcc6+ Kf5 70. Qbd7+ Kg5 71. Qd4 Kf5 72. Qcc3 Kg6 73. Qcc4 Kh7 74. Qdd5 Kh6 75. Bb2 Kg6 76. Qe6+ Kh7 77. Qcg4 1/2-1/2,2700.0
 Bullet tournament ,KyleKorver,gnejs,1-0,2016.07.24,21:55:28,2747,2747,14.0,-13.0,A43,Old Benoni Defense,30+0,Normal,1. d4 c5 2. Nf3 cxd4 3. Nxd4 Nc6 4. Nb3 Nf6 5. g3 g6 6. Bg2 Bg7 7. O-O O-O 8. c4 d6 9. c5 Be6 10. cxd6 Qxd6 11. Qxd6 exd6 12. Nc3 d5 13. Rd1 Rfd8 14. Bg5 h6 15. Bxf6 Bxf6 16. Nxd5 Bxd5 17. Bxd5 Bxb2 18. Rab1 Bf6 19. Nc5 Na5 20. Nxb7 Nxb7 21. Rxb7 Rf8 22. Rxf7 Rxf7 23. Bxa8 Be7 24. Bd5 1-0,2747.0
 Bullet tournament ,gnejs,smurf42,1-0,2016.07.24,21:56:32,2740,2731,13.0,-12.0,A15,"English Opening: Anglo-Indian Defense, Scandinavian Defense",30+0,Normal,1. Nf3 Nf6 2. c4 d5 3. cxd5 Qxd5 4. Nc3 Qd8 5. d4 e6 6. e4 Be7 7. e5 Nd5 8. Bd3 Nxc3 9. bxc3 g6 10. h4 Nd7 11. h5 Rg8 12. hxg6 hxg6 13. Rh7 c5 14. Qe2 cxd4 15. cxd4 Bb4+ 16. Kf1 Nb6 17. Ng5 Qxd4 18. Bb2 Bc3 19. Bb5+ Bd7 20. Bxd7+ Nxd7 21. Rd1 Bxb2 22. Rxd4 Bxd4 23. Nxf7 Rf8 24. Nd6+ Kd8 25. Qb5 Rxf2+ 26. Ke1 Nb6 27. Nxb7+ Kc8 28. Qe8# 1-0,2735.5
 Bullet tournament ,smurf42,KyleKorver,1-0,2016.07.24,21:57:33,2719,2775,14.0,-16.0,B15,Caro-Kann Defense: Main Line,30+0,Normal,1. d4 c6 2. e4 d5 3. Nc3 dxe4 4. Nxe4 Nf6 5. Ng5 h6 6. N5f3 Nbd7 7. Bc4 e6 8. Ne2 Bd6 9. O-O Qc7 10. Re1 O-O 11. Ng3 Re8 12. c3 e5 13. dxe5 Nxe5 14. Bb3 Qd7 15. Bf4 Nxf3+ 16. Qxf3 Rxe1+ 17. Rxe1 Bxf4 18. Qxf4 Qd8 19. h3 Bd7 20. Rd1 Qe8 21. Qc7 Bc8 22. Rd8 Be6 23. Rxe8+ Rxe8 24. Bxe6 Rxe6 25. Qxb7 h5 26. h4 Ng4 27. f3 Re1+ 28. Nf1 Ne3 29. Kf2 Rxf1+ 30. Kxe3 Rg1 31. Qa8+ Kh7 32. Qxc6 Rxg2 33. Qe4+ Rg6 34. f4 Kh6 35. f5 Rg4 36. Qb7 Rxh4 37. Qxf7 Kg5 38. Qg6# 1-0,2747.0
 Bullet tournament ,KyleKorver,chickencrossroad,1-0,2016.07.24,21:59:39,2762,2592,7.0,-7.0,A40,English Defense #2,30+0,Normal,1. d4 b6 2. Nf3 Bb7 3. g3 c5 4. Bg2 cxd4 5. O-O g6 6. Qxd4 Nf6 7. c4 Bg7 8. Nc3 O-O 9. b3 d6 10. Bb2 a6 11. Rfd1 Nbd7 12. Rac1 Rc8 13. Nd5 Nxd5 14. Qxg7# 1-0,2677.0
 Bullet tournament ,gnejs,smurf42,0-1,2016.07.24,22:02:22,2752,2701,-15.0,14.0,A15,"English Opening: Anglo-Indian Defense, King's Knight Variation",30+0,Normal,1. Nf3 Nf6 2. c4 e6 3. d3 d5 4. Nbd2 c5 5. g3 Be7 6. Bg2 O-O 7. O-O Nc6 8. b3 d4 9. Bb2 a5 10. Ne1 a4 11. Nc2 e5 12. e4 Bg4 13. f3 Bd7 14. f4 Qc8 15. f5 Ne8 16. g4 Bg5 17. Nf3 Bf4 18. Bc1 Bxc1 19. Qxc1 axb3 20. axb3 Nc7 21. g5 Rxa1 22. Nxa1 Qa8 23. f6 g6 24. Qe1 Ne6 25. Qh4 h5 26. gxh6 Kh7 27. Bh3 Ncd8 28. Nxe5 Bc8 29. Nf3 Qa2 30. Qf2 Qa3 31. Nc2 Qb2 32. Bxe6 Nxe6 33. Nce1 Qxb3 34. Ne5 Rg8 35. N1f3 Rf8 36. Nd7 Bxd7 37. Ne5 Bc6 38. Nxc6 bxc6 39. Qg2 Qxd3 40. Qf2 Qe3 41. h4 Qxf2+ 42. Rxf2 Nf4 43. Re2 Nd3 44. Rd2 Nf4 45. e5 Ne6 46. Re2 g5 47. Rd2 gxh4 48. Rd1 Rg8+ 49. Kf2 Rg6 50. Rh1 Rxh6 51. Rxh4 Rxh4 52. Kg3 Rh5 0-1,2726.5
 Bullet tournament ,smurf42,GoGSWarriors_30,0-1,2016.07.24,22:10:32,2709,2623,-15.0,17.0,A43,Old Benoni Defense #2,30+0,Normal,1. d4 c5 2. d5 b5 3. e4 a6 4. a4 d6 5. axb5 a5 6. Na3 Bb7 7. Nc4 Nd7 8. Nf3 Ngf6 9. Bd3 g6 10. O-O Bg7 11. Re1 O-O 12. Bg5 Ng4 13. Qd2 h6 14. Bf4 g5 15. Bg3 Ngf6 16. Nxa5 Qb6 17. Nc6 Bxc6 18. bxc6 Rxa1 19. Rxa1 Nb8 20. Rb1 Rc8 21. b3 Na6 22. h4 g4 23. Nh2 Nb4 24. Qe2 Nxd3 25. cxd3 h5 26. Bf4 e6 27. Be5 dxe5 28. dxe6 fxe6 29. Nf1 Qxc6 30. Ng3 Qd6 31. Qe3 Rd8 32. Qg5 Qxd3 33. Nxh5 Qxb1+ 34. Kh2 Nxh5 35. Qxh5 Qxe4 36. Qg5 Qf4+ 37. Qxf4 exf4 38. f3 c4 39. fxg4 c3 40. b4 c2 41. b5 c1=Q 42. h5 Qf1 43. Kh3 Qf2 44. g5 Qg3# 0-1,2666.0
 Bullet tournament ,KyleKorver,darkghoul,0-1,2016.07.24,22:13:19,2789,2715,-17.0,17.0,A41,Queen's Pawn,30+0,Normal,1. d4 d6 2. Nf3 c6 3. g3 Nd7 4. Bg2 g6 5. O-O Ngf6 6. a3 Bg7 7. b3 O-O 8. Bb2 Re8 9. Nbd2 Qc7 10. e3 e5 11. dxe5 dxe5 12. e4 Nc5 13. Qe2 b5 14. Rfd1 a6 15. h3 Bb7 16. b4 Ncd7 17. Nb3 c5 18. bxc5 Nxc5 19. Nxc5 Qxc5 20. Rac1 Nxe4 21. c4 b4 22. axb4 Qxb4 23. Ba1 Nc5 24. Rb1 Qa5 25. Rdc1 Qc7 26. Bc3 Rac8 27. Ba1 Ne4 28. Ne1 Nc5 29. Bf1 Qc6 30. Nc2 Qh1# 0-1,2752.0
 Bullet tournament ,gnejs,chickencrossroad,0-1,2016.07.24,22:14:54,2716,2652,-15.0,16.0,A04,Zukertort Opening: Sicilian Invitation,30+0,Normal,1. Nf3 c5 2. c4 Nc6 3. g3 g6 4. Bg2 Bg7 5. O-O e5 6. Nc3 Nge7 7. a3 a5 8. Nd5 Nxd5 9. cxd5 Ne7 10. e4 d6 11. Rb1 O-O 12. b4 axb4 13. axb4 b6 14. d3 h6 15. Bd2 f5 16. Qc1 f4 17. gxf4 exf4 18. Bxf4 g5 19. Be3 Ng6 20. d4 g4 21. Ne1 cxd4 22. Bxh6 Qh4 23. Bxg7 Kxg7 24. Qc7+ Rf7 25. Qxd6 Bd7 26. Qg3 Qh5 27. Nd3 Raf8 28. e5 Bf5 29. e6 Re7 30. Ne5 Bxb1 31. Nc6 Bf5 32. Nxe7 Nxe7 33. d6 Ng6 34. d7 Bxe6 35. Qf4 Nxf4 36. d8=Q Ne2+ 37. Kh1 Rxd8 38. Re1 Qxh2+ 39. Kxh2 Rh8+ 40. Bh3 Rxh3+ 41. Kg2 Bd5+ 42. Kf1 Bf3 43. Rxe2 Rh1# 0-1,2684.0
 Bullet tournament ,KyleKorver,darkghoul,1/2-1/2,2016.07.24,22:18:03,2786,2720,-2.0,3.0,A41,Queen's Pawn,30+0,Normal,1. d4 d6 2. Nf3 c6 3. g3 Nd7 4. Bg2 g6 5. O-O Bg7 6. c4 Ngf6 7. Nc3 O-O 8. h3 a6 9. Be3 b5 10. b3 Bb7 11. Rc1 Nb6 12. c5 dxc5 13. dxc5 Nbd5 14. Nxd5 Nxd5 15. Bd4 f6 16. Bb2 e5 17. e4 Ne7 18. Qd6 Nc8 19. Qe6+ Kh8 20. Rfd1 Qe8 21. Qxe8 Rxe8 22. Ne1 Ne7 23. Rd7 Bc8 24. Rc7 Be6 25. Rd1 Rac8 26. Rxc8 Nxc8 27. Rd6 Nxd6 28. cxd6 Bf8 29. f4 Bxd6 30. Nd3 Kg8 31. Bf3 Bxh3 32. g4 h5 33. gxh5 gxh5 34. f5 Re7 35. Bxh5 Rg7+ 36. Bg6 Bg4 37. Kg2 Rxg6 38. Kf2 Bh5 39. fxg6 Bxg6 40. Ke2 Bf7 41. Nf2 Bg6 42. Bc1 f5 43. exf5 Bxf5 44. Be3 Kf7 45. a4 Ke6 46. a5 Be7 47. b4 c5 48. bxc5 Kd5 49. c6 Kd6 50. c7 Kxc7 51. Bb6+ Kd7 52. Kd2 Bd8 53. Bxd8 Kxd8 54. Kc3 Kc7 55. Kb4 Kc6 56. Nd1 Kd6 57. Ne3 Kc6 58. Nd1 Kd6 59. Nc3 Kc6 60. Nd1 1/2-1/2,2753.0
 Bullet tournament ,smurf42,KyleKorver,1/2-1/2,2016.07.24,22:19:30,2724,2784,2.0,-2.0,C18,"French Defense: Winawer Variation, Advance Variation #2",30+0,Normal,1. d4 e6 2. e4 d5 3. Nc3 Bb4 4. e5 c5 5. a3 Bxc3+ 6. bxc3 Qa5 7. Bd2 Qa4 8. Bd3 c4 9. Be2 Ne7 10. Nf3 Nbc6 11. O-O h6 12. Qb1 Bd7 13. Qb2 O-O-O 14. Rfb1 b6 15. Qb5 Qxb5 16. Rxb5 Nxe5 17. Nxe5 Bxb5 18. Nxf7 Nf5 19. Nxd8 Rxd8 20. h3 Bd7 21. a4 Nd6 22. a5 b5 23. a6 Kc7 24. Bf4 Kc6 25. Bf3 Ne4 26. Be5 g5 27. Bxe4 dxe4 28. Re1 Kd5 29. Rf1 Rf8 30. Ra1 Bc6 31. Kf1 Rf5 32. Ke2 h5 33. g4 hxg4 34. hxg4 Rf3 35. Rh1 Rxc3 36. Rh6 Rxc2+ 37. Ke3 c3 38. Rh8 b4 39. Rd8+ Kc4 40. Rc8 Kb5 41. Rb8+ Ka4 42. Rc8 Bd5 43. Rb8 b3 44. f3 exf3 45. Kd3 Re2 46. Kxc3 b2 47. Rxb2 Rxb2 48. Kxb2 f2 49. Kc3 f1=Q 50. Kd2 Qc4 51. Ke3 Kb3 52. Kf2 Qc3 53. Bf4 Qd3 54. Be3 Qe4 55. Kg3 Qf3+ 56. Kh2 Qxe3 1/2-1/2,2754.0
 Bullet tournament ,darkghoul,chickencrossroad,0-1,2016.07.24,22:21:09,2737,2647,-17.0,16.0,A00,Hungarian Opening: Sicilian Invitation,30+0,Normal,1. g3 c5 2. Bg2 Nc6 3. Nf3 g6 4. Kf1 Bg7 5. c3 d6 6. h3 e5 7. Kg1 Nge7 8. d3 O-O 9. Nfd2 f5 10. Kh2 f4 11. g4 h5 12. gxh5 gxh5 13. Ne4 d5 14. Nxc5 Qd6 15. Nb3 Nf5 16. Rg1 e4 17. Bxe4 dxe4 18. dxe4 Qxd1 19. Rxd1 Nh4 20. f3 Ng6 21. Rg1 Nge5 22. Nd4 Nxd4 23. cxd4 Nc6 24. d5 Nd4 25. Nc3 b5 26. a3 a5 27. Bd2 Rb8 28. e5 b4 29. axb4 axb4 30. Ne4 Nxe2 31. Rg4 hxg4 32. hxg4 Ng3 33. Nf6+ Bxf6 34. exf6 Rxf6 35. Bxf4 Rxf4 36. Kxg3 Rd4 37. Ra7 Rxd5 38. Rc7 Rd7 39. Rc6 Bb7 40. Rg6+ Kf8 41. Rf6+ Rf7 42. Rh6 Rxf3+ 43. Kh4 Kg7 44. Rh5 Rh8 45. Rxh8 Kxh8 46. Kg5 Rb3 47. Kh5 Rxb2 48. g5 Rc2 49. g6 b3 50. Kg5 Kg8 51. Kf6 b2 52. g7 Rc6+ 53. Ke7 b1=Q 54. Kd7 Rc4 55. Ke7 Ba6 56. Kd8 Qb7 57. Ke8 Rc8# 0-1,2692.0
 Bullet tournament ,KyleKorver,gnejs,0-1,2016.07.24,22:21:30,2783,2707,-17.0,17.0,A45,Indian Game: Pawn Push Variation,30+0,Normal,1. d4 { [%eval 0.14] } 1... Nf6 { [%eval 0.15] } 2. d5 { [%eval -0.31] } 2... g6 { [%eval 0.13] } 3. Nf3 { [%eval 0.1] } 3... Bg7 { [%eval 0.13] } 4. g3?! { [%eval -0.8] } 4... O-O?! { [%eval -0.07] } 5. Bg2?! { [%eval -0.73] } 5... c6 { [%eval -0.69] } 6. c4 { [%eval -0.75] } 6... cxd5 { [%eval -0.6] } 7. cxd5 { [%eval -0.55] } 7... d6?! { [%eval 0.03] } 8. Nc3 { [%eval 0.07] } 8... Nbd7 { [%eval 0.13] } 9. O-O { [%eval 0.16] } 9... Nc5 { [%eval 0.17] } 10. Nd4 { [%eval 0.14] } 10... Bd7 { [%eval 0.12] } 11. b4 { [%eval 0.07] } 11... Na6 { [%eval 0.15] } 12. a3 { [%eval 0.11] } 12... Rc8 { [%eval 0.09] } 13. Bb2 { [%eval -0.06] } 13... Nc7 { [%eval 0.03] } 14. Rc1 { [%eval -0.1] } 14... b5?! { [%eval 0.84] } 15. Qd2 { [%eval 0.84] } 15... a6 { [%eval 0.62] } 16. Rfd1 { [%eval 0.67] } 16... Na8 { [%eval 0.81] } 17. Nc6 { [%eval 0.62] } 17... Bxc6 { [%eval 0.83] } 18. dxc6 { [%eval 0.76] } 18... Nb6 { [%eval 0.85] } 19. Nd5 { [%eval 0.76] } 19... Nc4?! { [%eval 1.62] } 20. Rxc4 { [%eval 1.32] } 20... bxc4 { [%eval 1.35] } 21. c7? { [%eval -1.0] } 21... Qd7 { [%eval -0.82] } 22. Nxf6+? { [%eval -1.9] } 22... Bxf6 { [%eval -1.82] } 23. Bxf6 { [%eval -1.81] } 23... exf6 { [%eval -1.81] } 24. Qxd6? { [%eval -2.91] } 24... Qxd6 { [%eval -2.81] } 25. Rxd6 { [%eval -2.92] } 25... Rxc7 { [%eval -2.75] } 26. Be4?! { [%eval -3.51] } 26... c3? { [%eval -2.06] } 27. Bc2 { [%eval -2.13] } 27... a5 { [%eval -1.82] } 28. bxa5?! { [%eval -2.34] } 28... Rb8 { [%eval -2.02] } 29. a6?? { [%eval -5.14] } 29... Rb2 { [%eval -5.07] } 30. Be4? { [%eval -6.7] } 30... c2? { [%eval -5.06] } 31. Bxc2 { [%eval -4.98] } 31... Rbxc2 { [%eval -4.94] } 32. a7? { [%eval -5.96] } 32... Rc1+ { [%eval -5.94] } 33. Kg2 { [%eval -5.94] } 33... Rxa7 { [%eval -5.94] } 34. Rxf6 { [%eval -5.89] } 34... Kg7 { [%eval -5.46] } 35. Rf3 { [%eval -5.32] } 35... Ra1 { [%eval -5.32] } 36. Rf4 { [%eval -5.45] } 36... R1xa3 { [%eval -5.33] } 37. e3 { [%eval -5.81] } 37... R3a6 { [%eval -5.61] } 38. Rf3?! { [%eval -6.48] } 38... Rf6 { [%eval -5.97] } 39. g4? { [%eval -8.15] } 39... Rxf3 { [%eval -7.29] } 40. Kxf3 { [%eval -7.24] } 40... Ra6 { [%eval -6.87] } 41. Kg3 { [%eval -6.75] } 41... Ra5?! { [%eval -5.93] } 42. h3? { [%eval -8.87] } 42... f5 { [%eval -7.23] } 43. Kf3? { [%eval -44.1] } 43... Re5? { [%eval -7.18] } 44. Kf4 { [%eval -7.53] } 44... fxg4 { [%eval -5.44] } 45. Kxe5?? { [%eval #-21] } 45... gxh3 { [%eval -58.65] } 46. Kf4?! { [%eval #-13] } 46... h2 { [%eval -59.96] } 47. Kg3?! { [%eval #-11] } 47... h1=Q { [%eval #-12] } 48. f4 { [%eval #-9] } 48... Qd5 { [%eval #-9] } 49. Kg4 { [%eval #-3] } 49... h5+?! { [%eval #-7] } 50. Kg3 { [%eval #-7] } 50... Kf6 { [%eval #-6] } 51. Kf2 { [%eval #-6] } 51... Qe4 { [%eval #-7] } 52. Ke2 { [%eval #-7] } 52... Kf5 { [%eval #-6] } 53. Kf2 { [%eval #-4] } 53... h4?! { [%eval #-5] } 54. Kg1 { [%eval #-4] } 54... h3?! { [%eval #-4] } 55. Kh2 { [%eval #-1] } 55... Qg2# 0-1,2745.0
 Bullet tournament ,GoGSWarriors_30,KyleKorver,0-1,2016.07.24,22:24:05,2574,2752,-7.0,7.0,A00,Hungarian Opening,30+0,Normal,1. g3 e6 2. h3 d5 3. Bg2 Nf6 4. d3 Be7 5. Nd2 Bd6 6. e3 c6 7. Ne2 Nbd7 8. O-O e5 9. f4 O-O 10. fxe5 Nxe5 11. e4 Ng6 12. exd5 cxd5 13. Nf3 Re8 14. d4 Qc7 15. c3 Bxg3 16. Nxg3 Qxg3 17. Ne5 Nh4 18. Rf2 Bxh3 19. Bf4 Qxf2+ 20. Kxf2 Nxg2 21. Bg3 Ne4+ 22. Kf3 f6 23. Nd3 h6 24. Nf4 Ng5+ 25. Kf2 Nxf4 26. Bxf4 Ne4+ 27. Kf3 h5 28. Qh1 Bg4+ 29. Ke3 Ng3+ 30. Kd3 Nxh1 31. Rxh1 Kf7 32. Kd2 g5 33. Be3 f5 34. Rg1 f4 0-1,2663.0
 Bullet tournament ,gnejs,smurf42,1-0,2016.07.24,22:24:05,2727,2745,14.0,-14.0,A14,"English Opening: Agincourt Defense, Neo-Catalan Declined",30+0,Normal,1. Nf3 Nf6 2. c4 e6 3. g3 d5 4. Bg2 Be7 5. O-O O-O 6. b3 a5 7. a3 a4 8. cxd5 exd5 9. b4 Nbd7 10. Bb2 Nb6 11. d3 Re8 12. Nbd2 c6 13. Rc1 Bg4 14. Qc2 Bd6 15. e4 dxe4 16. dxe4 Bf8 17. Nd4 Nfd7 18. f3 Bh5 19. Rfe1 Bg6 20. Nf5 Ne5 21. Bf1 f6 22. f4 Ng4 23. Nc4 Nd7 24. h3 Bf7 25. hxg4 b5 26. Ncd6 g6 27. Nxf7 Kxf7 28. Bc4+ Re6 29. Nd4 Ke8 30. Nxe6 Qb6+ 31. Nc5 Nxc5 32. Kg2 bxc4 33. e5 Ne4 34. exf6 Kf7 35. Qxe4 Kg8 36. Rcd1 Re8 37. Qe6+ Rxe6 38. Rxe6 Kf7 39. Red6 Be7 40. Rd7 Ke6 41. Rxe7# 1-0,2736.0
 Bullet tournament ,chickencrossroad,darkghoul,1-0,2016.07.24,22:24:30,2664,2721,15.0,-16.0,A41,Queen's Pawn,30+0,Normal,1. d4 d6 2. Nf3 c6 3. e3 Nd7 4. Bd3 g6 5. c3 Bg7 6. O-O Ngf6 7. Nbd2 O-O 8. e4 e5 9. Re1 Qe7 10. h3 Re8 11. a4 b6 12. b4 a6 13. a5 b5 14. Nb3 Bb7 15. Bg5 h6 16. Bh4 c5 17. dxc5 dxc5 18. bxc5 Nxc5 19. Nxc5 Qxc5 20. Qd2 Rac8 21. Rac1 Nh5 22. Bc2 Qxc3 23. Qd1 Qxa5 24. Bb3 Rxc1 25. Qxc1 Qb6 26. Qb2 Nf4 27. Qa2 Rf8 28. Be7 Rc8 29. Bxf7+ Kh7 30. Bd5 Nxd5 31. exd5 e4 32. Rxe4 Rc1+ 33. Re1 Qc7 34. Rxc1 Qxc1+ 35. Kh2 Qf4+ 36. Kg1 Qf5 37. Qe2 Bxd5 38. Qe3 Qf7 39. Bg5 Be6 40. Bf4 g5 41. Bg3 Bf5 42. Qe2 Qg6 43. Ne5 Be4 44. Nxg6 Bxg6 45. Qe3 h5 46. f4 h4 47. f5 Bh6 48. fxg6+ Kxg6 49. Bf2 Kh5 50. Qe4 g4 51. Qxg4# 1-0,2692.5
 Bullet tournament ,smurf42,chickencrossroad,1-0,2016.07.24,22:27:13,2737,2686,11.0,-11.0,A43,Old Benoni Defense #2,30+0,Normal,1. d4 c5 2. d5 e6 3. Nc3 exd5 4. Nxd5 Nf6 5. e4 Nxd5 6. exd5 Be7 7. Be2 d6 8. Nf3 O-O 9. O-O Bf5 10. Nd2 Nd7 11. a4 Nf6 12. Nc4 Be4 13. Ne3 a6 14. f3 Bg6 15. a5 Rb8 16. Nc4 Re8 17. Bf4 Nh5 18. Bd2 Bg5 19. Bd3 Bxd3 20. cxd3 Bxd2 21. Qxd2 Nf6 22. Qg5 h6 23. Qf5 Qd7 24. Qxd7 Nxd7 25. Nxd6 Red8 26. Nc4 Nf6 27. d6 Ne8 28. Rfe1 Nxd6 29. Nb6 Nf5 30. Re5 Nd4 31. Rxc5 Nb3 32. Rcc1 Nxa1 33. Rxa1 Rxd3 34. Re1 Rd6 35. Kf2 Rbd8 36. Kg3 Rc6 37. Re7 Rxb6 38. axb6 Rb8 39. Rc7 Kf8 40. Kf4 Ke8 41. Ke5 Rd8 42. Rxb7 Rc8 43. Kd6 Rc6+ 44. Kxc6 g6 45. Rc7 f6 46. b7 Kf8 47. b8=Q# 1-0,2711.5
 Bullet tournament ,smurf42,KyleKorver,0-1,2016.07.24,22:28:55,2723,2762,-12.0,12.0,C18,"French Defense: Winawer Variation, Advance Variation #2",30+0,Normal,1. d4 e6 2. e4 d5 3. Nc3 Bb4 4. e5 c5 5. a3 Bxc3+ 6. bxc3 Qa5 7. Qd2 Qa4 8. Nf3 Ne7 9. h4 h6 10. h5 Nbc6 11. Rh4 c4 12. Rg4 Rg8 13. Be2 Bd7 14. Kf1 O-O-O 15. Kg1 Rdf8 16. Rb1 Nf5 17. Nh4 Nce7 18. Nxf5 Nxf5 19. Rf4 g5 20. Rg4 Be8 21. Rb4 Qa6 22. a4 b6 23. Ba3 Bd7 24. Rb1 Re8 25. Bb4 Qxa4 26. Qc1 Qc6 27. Ra1 Kb7 28. Qa3 Ra8 29. Rb1 a5 30. Bxa5 Ra6 31. Qb4 Rga8 32. Bxb6 Rxb6 33. Qxb6+ Qxb6 34. Rb5 Qxb5 0-1,2742.5
 Bullet tournament ,chickencrossroad,gnejs,1-0,2016.07.24,22:29:07,2678,2744,15.0,-16.0,E70,King's Indian Defense: Normal Variation,30+0,Normal,1. d4 Nf6 2. c4 g6 3. Nc3 Bg7 4. e4 O-O 5. h3 d6 6. Bg5 h6 7. Be3 e5 8. d5 c6 9. Qd2 cxd5 10. cxd5 Kh7 11. Bc4 Nbd7 12. Bd3 Nc5 13. Bc2 a5 14. b3 b5 15. Nxb5 Ba6 16. Nc3 Rc8 17. Nge2 Nfd7 18. O-O h5 19. g4 Qh4 20. Kg2 hxg4 21. hxg4 Qxg4+ 22. Ng3 f5 23. Bd1 Qxg3+ 24. fxg3 fxe4 25. Rxf8 Rxf8 26. Bg4 Nd3 27. Rh1+ Kg8 28. Nxe4 Nf6 29. Nxf6+ Rxf6 30. Be2 Nf4+ 31. gxf4 Bb7 32. fxe5 dxe5 33. Bg5 Rd6 34. Rd1 Rxd5 35. Qxd5+ Bxd5+ 36. Rxd5 Kf8 37. Rxa5 Kf7 38. Ra7+ Ke6 39. Rxg7 Kf5 40. b4 Kxg5 41. Rxg6+ Kxg6 42. Kf3 1-0,2711.0
 Bullet tournament ,smurf42,KyleKorver,0-1,2016.07.24,22:33:26,2717,2778,-11.0,11.0,A40,Horwitz Defense,30+0,Normal,1. d4 e6 2. Nc3 d5 3. a3 c5 4. e3 cxd4 5. exd4 Nc6 6. Nf3 Nf6 7. Bd3 Bd6 8. O-O O-O 9. Re1 h6 10. h3 a6 11. Ne2 Qc7 12. c3 Ne4 13. Qc2 f5 14. Be3 Bd7 15. Rad1 Rac8 16. Bc1 Ne7 17. Qb1 Ng6 18. Bc2 Bb5 19. Bd3 Bxd3 20. Qxd3 Rf7 21. Nd2 Rcf8 22. Nf1 Ne7 23. Neg3 g5 24. Nh5 Ng6 25. g3 g4 26. h4 Qe7 27. Qe2 Nxh4 28. gxh4 Qxh4 29. Nhg3 Nxg3 30. fxg3 Bxg3 31. Nxg3 Qxg3+ 32. Qg2 Qd6 33. Rf1 h5 34. Bf4 Qd8 35. Be5 Rh7 36. Kf2 h4 37. Rh1 f4 38. Qg3 fxg3+ 39. Kg2 Rf3 40. Rde1 Qf8 41. Ref1 Rf2+ 42. Rxf2 Qxf2# 0-1,2747.5
 Bullet tournament ,darkghoul,chickencrossroad,0-1,2016.07.24,22:33:51,2703,2685,-15.0,14.0,A00,Van't Kruijs Opening,30+0,Normal,1. e3 d5 2. d3 Nf6 3. Nf3 c5 4. Be2 Nc6 5. O-O e5 6. c4 d4 7. e4 Bd6 8. h3 h6 9. Na3 O-O 10. Nc2 a5 11. Re1 Rb8 12. a3 Be6 13. b4 axb4 14. axb4 Nxb4 15. Bd2 Nxc2 16. Qxc2 b5 17. cxb5 Rxb5 18. Reb1 Qd7 19. Rxb5 Qxb5 20. Rb1 Qd7 21. Qb2 Rb8 22. Qc2 Rxb1+ 23. Qxb1 Qc7 24. Qc2 Nd7 25. Bc1 Nb6 26. Nd2 Qc6 27. Ba3 Qa4 28. Qb2 Qc6 29. Qc2 c4 30. Bxd6 Qxd6 31. dxc4 Nd7 32. Nb3 Nc5 33. Nxc5 Qxc5 34. Bd3 Kf8 35. Kf1 Ke7 36. Ke1 Kd6 37. Ke2 Qb4 38. g3 Kc5 39. f3 Qc3 40. h4 Bxc4 41. Qxc3 dxc3 42. Ke3 Kb4 43. Bc2 Bb3 44. Kd3 Bxc2+ 45. Kxc2 Kc4 46. f4 exf4 47. gxf4 Kd4 48. e5 Ke4 49. e6 fxe6 50. Kxc3 Kxf4 51. Kd4 e5+ 52. Kd3 Kg4 53. Ke2 Kxh4 54. Ke3 g5 55. Ke4 h5 56. Kxe5 Kh3 57. Ke4 g4 58. Kf5 g3 59. Kg6 g2 60. Kg7 g1=Q+ 61. Kh7 Qg3 62. Kh6 Kg2 63. Kh7 h4 64. Kh6 h3 65. Kh7 h2 66. Kh6 h1=Q# 0-1,2694.0
 Bullet tournament ,darkghoul,smurf42,1-0,2016.07.24,22:35:08,2688,2707,15.0,-14.0,B07,Pirc Defense #2,30+0,Normal,1. e4 Nf6 2. Nc3 d6 3. d4 Nc6 4. f3 e5 5. Nge2 exd4 6. Nxd4 Be7 7. Be3 O-O 8. Qd2 Ne5 9. O-O-O c5 10. Nf5 Bxf5 11. exf5 Qa5 12. Kb1 Rfd8 13. h3 Bf8 14. f4 Nc6 15. Bc4 Nb4 16. a3 Nc6 17. Nd5 Qxd2 18. Rxd2 Nxd5 19. Bxd5 Rac8 20. Rhd1 Ne7 21. Be4 d5 22. Bxd5 Nxd5 23. Rxd5 Rxd5 24. Rxd5 b6 25. Kc1 a5 26. Kd2 h5 27. c4 Kh7 28. Kd3 Re8 29. g4 h4 30. g5 Be7 31. Rd7 f6 32. g6+ Kh6 33. Bf2 Rd8 34. Rxd8 Bxd8 35. Bxh4 Bc7 36. Bg3 Kh5 37. Ke4 Bb8 38. Kd5 Bc7 39. Kc6 Bb8 40. Kb7 Bd6 41. Kc6 Bxf4 42. Bxf4 Kh4 43. Kxb6 Kxh3 44. Kxc5 Kg4 45. Be5 Kxf5 46. Bxf6 Kxg6 47. Bxg7 Kxg7 48. Kb5 Kf7 49. Kxa5 Ke8 50. Kb5 Kd8 51. c5 Kc8 52. Kc4 Kb8 53. b4 Ka8 54. a4 Kb8 55. b5 Ka7 56. a5 Ka8 57. Kd5 Kb8 58. c6 Ka8 59. Kd6 Kb8 60. Kd7 Ka7 61. c7 Kb7 62. c8=Q+ Ka7 63. b6# 1-0,2697.5
 Bullet tournament ,chickencrossroad,KyleKorver,0-1,2016.07.24,22:37:45,2710,2801,-10.0,10.0,D45,Semi-Slav Defense: Normal Variation,30+0,Normal,1. d4 e6 2. c4 d5 3. Nc3 Nf6 4. e3 c6 5. Nf3 Nbd7 6. cxd5 exd5 7. Bd3 Bd6 8. O-O O-O 9. e4 dxe4 10. Nxe4 Nxe4 11. Bxe4 h6 12. Be3 Re8 13. Bd3 Nf8 14. Rc1 Bg4 15. h3 Bh5 16. Be2 Qf6 17. Qd3 Bg6 18. Qd2 Ne6 19. Rfe1 Rad8 20. Bd3 Nc7 21. Bxg6 Qxg6 22. Rcd1 Nd5 23. Re2 Nxe3 24. Rxe3 Qf6 25. Rde1 Rxe3 26. Qxe3 Bc7 27. Qe4 Qd6 28. g3 Qd5 29. Qe3 Qxa2 30. Kg2 Qd5 31. Re2 Bd6 32. Rd2 Bf8 33. Kg1 a5 34. b3 b5 35. Ra2 a4 36. Rb2 a3 37. Ra2 b4 38. Qd3 c5 39. Rd2 c4 40. Re2 cxd3 41. Rd2 Qxb3 42. Rxd3 Qxd3 0-1,2755.5
 Bullet tournament ,gnejs,KyleKorver,0-1,2016.07.24,22:38:47,2707,2811,-10.0,10.0,E06,Catalan Opening: Closed Variation,30+0,Normal,1. Nf3 { [%eval 0.1] } 1... d5 { [%eval 0.12] } 2. c4 { [%eval 0.12] } 2... e6 { [%eval 0.14] } 3. d4 { [%eval 0.18] } 3... Nf6 { [%eval 0.16] } 4. g3 { [%eval -0.01] } 4... Be7 { [%eval 0.0] } 5. Bg2 { [%eval -0.02] } 5... O-O { [%eval 0.05] } 6. O-O { [%eval -0.02] } 6... dxc4 { [%eval 0.11] } 7. Nc3 { [%eval -0.25] } 7... a6?! { [%eval 0.45] } 8. Ne5 { [%eval 0.33] } 8... c5 { [%eval 0.75] } 9. dxc5 { [%eval 0.81] } 9... Qc7 { [%eval 1.0] } 10. Nxc4 { [%eval 0.74] } 10... Qxc5 { [%eval 0.98] } 11. Qb3 { [%eval 0.49] } 11... Nc6 { [%eval 0.65] } 12. Be3 { [%eval 0.39] } 12... Qh5 { [%eval 0.62] } 13. h3 { [%eval 0.61] } 13... Bd7?! { [%eval 1.19] } 14. Nb6?! { [%eval 0.4] } 14... Rad8 { [%eval 0.5] } 15. Rad1?! { [%eval 0.0] } 15... Bc8?? { [%eval 4.57] } 16. Nxc8? { [%eval 2.55] } 16... Rxc8 { [%eval 2.51] } 17. Qxb7 { [%eval 2.62] } 17... Ne5? { [%eval 5.48] } 18. Qxe7 { [%eval 5.43] } 18... Nc4 { [%eval 5.4] } 19. Bd4 { [%eval 5.16] } 19... Rfe8 { [%eval 5.65] } 20. Qb7 { [%eval 5.62] } 20... Qg6?! { [%eval 6.45] } 21. Bxf6?! { [%eval 5.49] } 21... Qxf6 { [%eval 5.45] } 22. Ne4?! { [%eval 4.87] } 22... Qxb2 { [%eval 4.85] } 23. Qxb2?! { [%eval 4.12] } 23... Nxb2 { [%eval 4.11] } 24. Nd6?! { [%eval 3.24] } 24... Nxd1 { [%eval 3.16] } 25. Nxc8 { [%eval 3.24] } 25... Rxc8?! { [%eval 4.15] } 26. Rxd1 { [%eval 4.06] } 26... g6 { [%eval 3.84] } 27. e3 { [%eval 3.77] } 27... Kg7?! { [%eval 4.68] } 28. Bf3?! { [%eval 3.86] } 28... Rc2 { [%eval 4.12] } 29. Ra1 { [%eval 3.67] } 29... Rb2 { [%eval 4.16] } 30. a4 { [%eval 4.09] } 30... a5 { [%eval 4.49] } 31. Bg2?! { [%eval 3.97] } 31... Rb4 { [%eval 4.42] } 32. Bf1 { [%eval 4.22] } 32... e5?! { [%eval 4.76] } 33. Bb5 { [%eval 4.61] } 33... f5 { [%eval 4.69] } 34. Rf1 { [%eval 4.34] } 34... Kf6 { [%eval 4.7] } 35. Kg2 { [%eval 4.61] } 35... f4 { [%eval 4.53] } 36. gxf4 { [%eval 4.44] } 36... exf4 { [%eval 3.78] } 37. Kf3 { [%eval 3.81] } 37... g5?! { [%eval 4.63] } 38. exf4 { [%eval 4.71] } 38... Rxf4+ { [%eval 4.69] } 39. Kg2 { [%eval 4.63] } 39... Rb4 { [%eval 4.6] } 40. Re1 { [%eval 4.58] } 40... h5 { [%eval 4.52] } 41. Re3?! { [%eval 4.01] } 41... g4? { [%eval 5.27] } 42. Rf3+?? { [%eval -2.55] } 42... gxf3+ { [%eval -2.52] } 43. Kxf3 { [%eval -2.52] } 43... Rb3+ { [%eval -2.29] } 44. Kg2 { [%eval -1.98] } 44... Kg5 { [%eval -1.91] } 45. h4+? { [%eval -3.38] } 45... Kf4 { [%eval -2.91] } 46. Kf1 { [%eval -3.31] } 46... Rb4 { [%eval -3.31] } 47. Ke2 { [%eval -3.31] } 47... Kg4 { [%eval -3.17] } 48. Kd2? { [%eval -5.04] } 48... Kxh4 { [%eval -3.11] } 49. Kc3?? { [%eval -11.59] } 49... Kg5 { [%eval -8.34] } 50. Bd3? { [%eval -15.28] } 50... Kf4 { [%eval -9.51] } 51. Bc2? { [%eval #-34] } 51... h4 { [%eval -101.77] } 52. Bd3 { [%eval #-34] } 52... h3 { [%eval #-29] } 53. Bf1 { [%eval #-29] } 53... h2 { [%eval #-31] } 54. Bg2 { [%eval -44.41] } 54... Re4 { [%eval -44.34] } 55. Bh1?! { [%eval #-36] } 55... Re1 { [%eval #-33] } 56. Bg2 { [%eval -53.95] } 56... Rg1 { [%eval -45.3] } 57. Bh1?! { [%eval #-7] } 57... Rxh1 { [%eval #-6] } 58. Kc4 { [%eval #-5] } 58... Rg1?! { [%eval #-5] } 59. Kb5 { [%eval #-5] } 59... h1=Q { [%eval #-4] } 60. Kxa5 { [%eval #-2] } 60... Qh5+?! { [%eval #-5] } 61. Kb6 { [%eval #-3] } 61... Rg6+ { [%eval #-2] } 62. Kc7 { [%eval #-2] } 62... Qh7+ { [%eval #-1] } 63. Kc8 { [%eval #-1] } 63... Rg8# 0-1,2759.0
 Bullet tournament ,smurf42,darkghoul,0-1,2016.07.24,22:39:37,2688,2721,-12.0,12.0,B07,Pirc Defense #5,30+0,Normal,1. d4 d6 2. e4 c6 3. Nc3 Nd7 4. Be3 g6 5. h4 Bg7 6. h5 b5 7. h6 Bf6 8. a3 Nb6 9. b3 Qc7 10. Nf3 a6 11. Qd2 Bg4 12. Rd1 Bxf3 13. gxf3 e6 14. Bh3 Ne7 15. Ne2 O-O 16. Ng3 c5 17. Rg1 Kh8 18. c3 a5 19. Qe2 b4 20. axb4 axb4 21. c4 cxd4 22. Bxd4 Bxd4 23. Rxd4 Nc6 24. Rd1 e5 25. Qe3 Nd4 26. Ne2 Nc2+ 27. Kf1 Nxe3+ 28. fxe3 Ra3 29. Kf2 Rxb3 30. Rd5 Nxd5 31. cxd5 Qc4 32. f4 Rb2 33. fxe5 Qxe2+ 0-1,2704.5
 Bullet tournament ,gnejs,KyleKorver,0-1,2016.07.24,22:41:19,2701,2829,-9.0,9.0,D55,"Queen's Gambit Declined: Modern Variation, Normal Line",30+0,Normal,1. Nf3 e6 2. d4 d5 3. c4 Nf6 4. Nc3 Be7 5. Bg5 O-O 6. e3 c6 7. Bd3 Nbd7 8. Qc2 dxc4 9. Bxc4 Nd5 10. h4 h6 11. Bxe7 Qxe7 12. O-O Nxc3 13. bxc3 e5 14. Bd3 exd4 15. cxd4 Nf6 16. a4 Be6 17. Ne5 Rac8 18. a5 b6 19. axb6 axb6 20. Rab1 c5 21. Qb2 cxd4 22. exd4 Nd5 23. Rbd1 Qxh4 24. Nf3 Qg4 25. Bb1 Nf4 26. Ne5 Qxg2# 0-1,2765.0
 Bullet tournament ,smurf42,KyleKorver,0-1,2016.07.24,22:42:55,2680,2838,-8.0,8.0,A40,Horwitz Defense,30+0,Normal,1. d4 { [%eval 0.25] } 1... e6 { [%eval 0.31] } 2. a3 { [%eval 0.17] } 2... d5 { [%eval 0.03] } 3. e3 { [%eval -0.07] } 3... c5 { [%eval 0.0] } 4. c3 { [%eval -0.12] } 4... Nc6 { [%eval -0.12] } 5. f4?! { [%eval -0.63] } 5... Nf6 { [%eval -0.57] } 6. Bd3 { [%eval -0.65] } 6... Qb6 { [%eval -0.17] } 7. Nd2 { [%eval -0.2] } 7... Bd7 { [%eval -0.18] } 8. Ngf3 { [%eval -0.22] } 8... Bd6 { [%eval -0.17] } 9. O-O { [%eval -0.16] } 9... O-O { [%eval -0.12] } 10. Ne5 { [%eval -0.21] } 10... cxd4 { [%eval -0.23] } 11. exd4?! { [%eval -0.77] } 11... Nxe5? { [%eval 1.37] } 12. fxe5 { [%eval 1.43] } 12... Bxe5 { [%eval 1.39] } 13. Kh1 { [%eval 1.07] } 13... Bd6? { [%eval 2.32] } 14. Qe2? { [%eval -0.59] } 14... h6?? { [%eval 2.91] } 15. Nf3?? { [%eval -0.79] } 15... a6? { [%eval 0.45] } 16. Ne5 { [%eval 0.48] } 16... Bb5? { [%eval 1.84] } 17. Bxb5? { [%eval 0.0] } 17... Qxb5 { [%eval 0.0] } 18. Qf3? { [%eval -1.5] } 18... Ne4 { [%eval -1.16] } 19. Qh3?? { [%eval #-1] } 19... f5?? { [%eval -1.63] } 20. Ng6?? { [%eval #-1] } 20... Qxf1# 0-1,2759.0
 Bullet tournament ,darkghoul,KyleKorver,0-1,2016.07.24,22:43:32,2739,2846,-9.0,10.0,A00,Hungarian Opening: Catalan Formation,30+0,Normal,1. g3 e6 2. Bg2 d5 3. Nf3 Nf6 4. Kf1 Be7 5. d3 O-O 6. c3 b5 7. Nbd2 Bb7 8. e4 c5 9. e5 Nfd7 10. Kg1 Nc6 11. Qe2 Qc7 12. d4 cxd4 13. cxd4 Nb4 14. Nb3 Qc4 15. Qd1 Rac8 16. Bd2 Nd3 17. Bf1 Nxb2 18. Qb1 Qc2 19. Bxb5 Nb6 20. Kg2 Qxb1 21. Raxb1 N2c4 22. Bc1 Bc6 23. Ba6 Rc7 24. Nc5 Bxc5 25. dxc5 Nd7 26. Bxc4 dxc4 27. Bf4 Nxc5 28. Rhd1 Nd3 29. g4 f6 30. Kg3 fxe5 31. Nxe5 Nxf4 0-1,2792.5
 Bullet tournament ,smurf42,chickencrossroad,0-1,2016.07.24,22:44:46,2676,2699,-13.0,11.0,A43,Old Benoni Defense,30+0,Normal,1. d4 c5 2. Nc3 cxd4 3. e3 dxc3 4. bxc3 Nc6 5. e4 g6 6. Nf3 Bg7 7. h4 Nf6 8. Bd2 O-O 9. Bd3 d5 10. e5 Ng4 11. Qe2 Ncxe5 12. Nxe5 Nxe5 13. h5 Nxd3+ 14. Qxd3 Bf5 15. Qe2 Qa5 16. g4 Be4 17. Rh3 Rac8 18. Qe3 Qc5 19. Qg5 Bxc3 20. Rxc3 Qd6 21. Rxc8 Rxc8 22. Rb1 a6 23. Rxb7 Qf6 24. Qxf6 exf6 25. h6 f5 26. Bf4 d4 27. Be5 Bxb7 28. Bxd4 Rxc2 29. f4 fxg4 30. Be5 Bf3 31. Kf1 Rxa2 32. Kg1 Rc2 33. Bd4 a5 34. Bf2 a4 35. Kh2 a3 36. Kg3 a2 37. Kh4 a1=Q 38. f5 Qf1 39. Kg5 Qxf2 40. f6 Qe3+ 41. Kh4 Rh2+ 42. Kg3 Qf2+ 43. Kf4 Bd5+ 44. Kg5 Qf5# 0-1,2687.5
 Bullet tournament ,chickencrossroad,darkghoul,1-0,2016.07.24,22:45:51,2710,2731,14.0,-14.0,A41,Queen's Pawn Game: Anglo-Slav Opening,30+0,Normal,1. d4 d6 2. c4 c6 3. Nc3 Nd7 4. e4 g6 5. Nf3 Bg7 6. Be2 e5 7. O-O Qb6 8. d5 Qc7 9. Be3 Ngf6 10. Nd2 O-O 11. Rc1 c5 12. a3 a6 13. b4 Re8 14. Nb3 b6 15. bxc5 bxc5 16. Rb1 Rb8 17. Qc2 Nf8 18. Bd2 Bd7 19. Be3 Rb7 20. f3 Reb8 21. Nd2 Nh5 22. Rxb7 Rxb7 23. Rb1 f5 24. Rxb7 Qxb7 25. Qb3 Qc7 26. Qc2 Nf4 27. Bxf4 exf4 28. Nd1 Bd4+ 29. Kf1 Qa5 30. exf5 Bxf5 31. Bd3 Bd7 32. Ne4 Be8 33. Ndf2 Qd8 34. g3 Nd7 35. gxf4 Nf6 36. Qe2 Qe7 37. Nxf6+ Qxf6 38. Qxe8+ Kg7 39. Qe4 Qf7 40. Ng4 Qf6 41. Nxf6 Kxf6 42. Qe6+ Kg7 43. f5 g5 44. Qe7+ Kh6 45. f6 g4 46. Qxh7+ Kg5 47. Qf5+ Kh4 48. Qxg4# 1-0,2720.5
 Bullet tournament ,KyleKorver,gnejs,0-1,2016.07.24,22:46:49,2858,2706,-18.0,19.0,A43,Old Benoni Defense,30+0,Normal,1. d4 { [%eval 0.13] } 1... c5 { [%eval 0.42] } 2. Nf3 { [%eval 0.15] } 2... cxd4 { [%eval 0.06] } 3. Nxd4 { [%eval -0.05] } 3... Nf6 { [%eval 0.05] } 4. Nb3?! { [%eval -0.49] } 4... e5 { [%eval -0.03] } 5. g3 { [%eval -0.34] } 5... d5 { [%eval -0.33] } 6. Bg2 { [%eval -0.28] } 6... Nc6 { [%eval -0.25] } 7. Nc3 { [%eval -0.42] } 7... d4 { [%eval -0.36] } 8. Ne4 { [%eval -0.44] } 8... Nxe4 { [%eval -0.37] } 9. Bxe4 { [%eval -0.45] } 9... Be7 { [%eval 0.0] } 10. O-O { [%eval -0.3] } 10... O-O { [%eval 0.08] } 11. e3 { [%eval -0.02] } 11... dxe3 { [%eval 0.0] } 12. Bxe3 { [%eval 0.2] } 12... Be6 { [%eval 0.29] } 13. Qxd8 { [%eval 0.0] } 13... Rfxd8 { [%eval 0.0] } 14. Rfd1 { [%eval 0.0] } 14... f5 { [%eval -0.01] } 15. Bxc6 { [%eval -0.02] } 15... bxc6 { [%eval -0.09] } 16. Nc5 { [%eval -0.49] } 16... Bd5 { [%eval -0.57] } 17. b3 { [%eval -0.73] } 17... f4 { [%eval -0.69] } 18. gxf4 { [%eval -0.57] } 18... exf4 { [%eval -0.57] } 19. Bd4 { [%eval -0.41] } 19... a5 { [%eval -0.27] } 20. c4?! { [%eval -0.8] } 20... Bf3?! { [%eval -0.26] } 21. Re1 { [%eval -0.27] } 21... Bf8 { [%eval -0.08] } 22. Be5?? { [%eval -4.91] } 22... Bxc5 { [%eval -4.88] } 23. Bxf4 { [%eval -4.78] } 23... Rf8?! { [%eval -4.18] } 24. Bg3?! { [%eval -4.68] } 24... Bb4 { [%eval -4.23] } 25. Re3 { [%eval -4.38] } 25... Rae8 { [%eval -4.11] } 26. Rxe8?! { [%eval -4.75] } 26... Rxe8 { [%eval -4.7] } 27. a3 { [%eval -5.05] } 27... Bc3 { [%eval -4.93] } 28. Rc1? { [%eval -7.18] } 28... Bb2 { [%eval -7.13] } 29. Rb1 { [%eval -7.06] } 29... Bxa3 { [%eval -6.89] } 30. Bf4 { [%eval -7.06] } 30... Bb4?! { [%eval -6.53] } 31. Be3 { [%eval -7.0] } 31... Re4 { [%eval -6.69] } 32. Ra1?? { [%eval #-12] } 32... Rg4+ { [%eval #-12] } 33. Kf1 { [%eval -47.39] } 33... Be4?? { [%eval -5.56] } 34. h3?? { [%eval #-1] } 34... Bd3# 0-1,2782.0
 Bullet ,KyleKorver,Nahog,0-1,2016.07.25,10:58:22,2855,2619,-22.0,17.0,A40,Queen's Pawn,60+0,Normal,1. d4 { [%eval 0.1] } 1... c6 { [%eval 0.39] } 2. Nf3 { [%eval 0.3] } 2... d6 { [%eval 0.58] } 3. g3 { [%eval 0.27] } 3... g6 { [%eval 0.29] } 4. Bg2 { [%eval 0.31] } 4... Bg7 { [%eval 0.36] } 5. O-O { [%eval 0.38] } 5... Nf6 { [%eval 0.33] } 6. c4 { [%eval 0.31] } 6... O-O { [%eval 0.35] } 7. Nc3 { [%eval 0.31] } 7... Qc7 { [%eval 0.48] } 8. h3 { [%eval 0.38] } 8... e5 { [%eval 0.28] } 9. Be3 { [%eval 0.22] } 9... Re8 { [%eval 0.39] } 10. dxe5 { [%eval 0.19] } 10... dxe5 { [%eval 0.18] } 11. Qc2 { [%eval 0.14] } 11... Bf5 { [%eval 0.09] } 12. Qb3 { [%eval 0.17] } 12... Nbd7 { [%eval 0.2] } 13. Rad1 { [%eval 0.0] } 13... b6?! { [%eval 0.75] } 14. g4 { [%eval 0.64] } 14... Be6 { [%eval 0.56] } 15. Ng5 { [%eval 0.61] } 15... Nc5 { [%eval 1.06] } 16. Bxc5 { [%eval 0.99] } 16... bxc5 { [%eval 0.97] } 17. Nxe6 { [%eval 0.95] } 17... Rxe6 { [%eval 0.96] } 18. Qa4?! { [%eval 0.0] } 18... e4 { [%eval 0.0] } 19. e3 { [%eval 0.0] } 19... Rae8 { [%eval 0.0] } 20. Ne2 { [%eval -0.16] } 20... h5 { [%eval -0.2] } 21. g5 { [%eval -0.44] } 21... Nh7 { [%eval -0.42] } 22. h4 { [%eval -0.38] } 22... f6?! { [%eval 0.17] } 23. gxf6 { [%eval 0.28] } 23... Rxf6 { [%eval 0.19] } 24. Ng3 { [%eval 0.22] } 24... Rfe6 { [%eval 0.31] } 25. Qc2 { [%eval -0.15] } 25... Qe7 { [%eval -0.2] } 26. Rd2? { [%eval -3.16] } 26... Qxh4 { [%eval -2.75] } 27. Rfd1?! { [%eval -3.42] } 27... Ng5 { [%eval -2.3] } 28. Rd7?? { [%eval -5.82] } 28... Nf3+ { [%eval -3.93] } 29. Bxf3? { [%eval -5.87] } 29... exf3 { [%eval -5.58] } 30. Qd3 { [%eval -5.9] } 30... Qg4 { [%eval -5.71] } 31. Rxa7 { [%eval -5.35] } 31... h4?? { [%eval 0.07] } 32. Qd7 { [%eval 0.07] } 32... R8e7 { [%eval 0.07] } 33. Qc8+ { [%eval 0.1] } 33... Re8?? { [%eval 8.88] } 34. Qd7?? { [%eval 0.09] } 34... R8e7 { [%eval 0.17] } 35. Qc8+ { [%eval 0.17] } 35... Re8?? { [%eval 7.68] } 36. Rxg7+?? { [%eval -9.58] } 36... Kxg7 { [%eval -9.36] } 37. Qc7+ { [%eval -9.05] } 37... Kh6 { [%eval -8.2] } 38. Rd7? { [%eval -21.08] } 38... hxg3 { [%eval -13.58] } 39. Rh7+?! { [%eval #-9] } 39... Kg5 { [%eval #-8] } 40. Qxg3 { [%eval #-8] } 40... Qxg3+ { [%eval #-7] } 41. fxg3 { [%eval #-7] } 41... Rxe3 { [%eval #-6] } 42. Kf2 { [%eval #-4] } 42... Rd3?! { [%eval #-4] } 43. g4 { [%eval #-4] } 43... Re2+?! { [%eval #-4] } 44. Kg3 { [%eval #-4] } 44... Rg2+ { [%eval #-3] } 45. Kh3 { [%eval #-3] } 45... Rxg4?! { [%eval #-4] } 46. Re7 { [%eval #-3] } 46... f2+ { [%eval #-2] } 47. Kh2 { [%eval #-2] } 47... f1=Q?! { [%eval #-3] } 48. Re5+ { [%eval #-3] } 48... Kh4 { [%eval #-2] } 49. Re2 { [%eval #-1] } 49... Qf2+?! { [%eval #-1] } 50. Rxf2 { [%eval #-1] } 50... Rh3# 0-1,2737.0
 Bullet ,KyleKorver,Nahog,1-0,2016.07.25,11:02:37,2825,2642,8.0,-6.0,D79,Neo-Gruenfeld Defense: Ultra-delayed Exchange Variation,60+0,Normal,1. d4 { [%eval 0.12] } 1... c6 { [%eval 0.38] } 2. Nf3 { [%eval 0.36] } 2... g6 { [%eval 0.72] } 3. g3?! { [%eval 0.15] } 3... Bg7 { [%eval 0.17] } 4. Bg2 { [%eval 0.17] } 4... Nf6 { [%eval 0.15] } 5. O-O { [%eval 0.08] } 5... O-O { [%eval 0.18] } 6. c4 { [%eval 0.23] } 6... d5 { [%eval 0.17] } 7. cxd5 { [%eval 0.13] } 7... cxd5 { [%eval 0.12] } 8. Nc3 { [%eval 0.14] } 8... Nc6 { [%eval 0.19] } 9. Ne5 { [%eval 0.34] } 9... e6 { [%eval 0.29] } 10. Nxc6 { [%eval 0.37] } 10... bxc6 { [%eval 0.25] } 11. Bg5 { [%eval 0.28] } 11... h6 { [%eval 0.38] } 12. Bxf6?! { [%eval -0.13] } 12... Bxf6 { [%eval 0.16] } 13. e3 { [%eval 0.0] } 13... Ba6 { [%eval 0.0] } 14. Re1 { [%eval 0.08] } 14... Rb8 { [%eval 0.06] } 15. Na4 { [%eval 0.06] } 15... Be7 { [%eval 0.17] } 16. Rc1 { [%eval -0.31] } 16... Bb5 { [%eval 0.06] } 17. Nc5 { [%eval 0.0] } 17... Qa5 { [%eval 0.12] } 18. a3 { [%eval 0.1] } 18... Rfc8 { [%eval 0.01] } 19. Rc3 { [%eval 0.0] } 19... Bc4 { [%eval 0.0] } 20. b4 { [%eval 0.0] } 20... Qd8 { [%eval 0.07] } 21. Bf1 { [%eval 0.03] } 21... Bxf1 { [%eval 0.0] } 22. Rxf1 { [%eval 0.0] } 22... a5 { [%eval 0.05] } 23. Rb3 { [%eval -0.06] } 23... axb4 { [%eval 0.0] } 24. axb4 { [%eval 0.0] } 24... Bxc5 { [%eval 0.12] } 25. bxc5 { [%eval 0.15] } 25... Rxb3 { [%eval 0.25] } 26. Qxb3 { [%eval 0.2] } 26... Rb8 { [%eval 0.2] } 27. Qa3 { [%eval 0.18] } 27... Qc7 { [%eval 0.2] } 28. Qa4 { [%eval 0.05] } 28... Kg7 { [%eval 0.1] } 29. Ra1 { [%eval 0.0] } 29... h5 { [%eval 0.14] } 30. h4 { [%eval 0.01] } 30... Kf6 { [%eval 0.32] } 31. Kg2 { [%eval 0.32] } 31... Ke7 { [%eval 0.65] } 32. Qa7 { [%eval 0.59] } 32... Kd7 { [%eval 0.54] } 33. Qxc7+ { [%eval 0.51] } 33... Kxc7 { [%eval 0.51] } 34. Ra7+ { [%eval 0.36] } 34... Rb7 { [%eval 0.36] } 35. Ra8 { [%eval 0.25] } 35... Kd7 { [%eval 0.73] } 36. Rh8?! { [%eval 0.0] } 36... e5 { [%eval 0.0] } 37. dxe5 { [%eval 0.0] } 37... Rb5 { [%eval 0.0] } 38. f4 { [%eval 0.0] } 38... Rxc5 { [%eval 0.0] } 39. Kf3 { [%eval 0.0] } 39... Rc3 { [%eval 0.0] } 40. Rf8?! { [%eval -0.67] } 40... Ke7 { [%eval -0.68] } 41. Rc8 { [%eval -0.62] } 41... d4 { [%eval -0.63] } 42. Rc7+ { [%eval -0.77] } 42... Ke6 { [%eval -0.98] } 43. Ke4?? { [%eval -5.37] } 43... dxe3?? { [%eval -0.36] } 44. Kf3 { [%eval -0.36] } 44... f6 { [%eval -0.36] } 45. exf6 { [%eval -0.39] } 45... Kxf6 { [%eval -0.43] } 46. Rc8 { [%eval -0.56] } 46... c5 { [%eval -0.24] } 47. Rc6+ { [%eval -0.56] } 47... Kf5 { [%eval -0.85] } 48. Rc8 { [%eval -1.31] } 48... e2+ { [%eval -1.31] } 49. Kxe2 { [%eval -1.23] } 49... Rxg3 { [%eval -1.23] } 50. Kf2? { [%eval -2.37] } 50... Rc3 { [%eval -2.29] } 51. Rxc5+?? { [%eval #-12] } 51... Kg4?? { [%eval #21] } 52. Rxc3 { [%eval #26] } 52... Kxh4 { [%eval #7] } 53. Kg2 { [%eval #28] } 53... Kg4 { [%eval #26] } 54. Rc4 { [%eval 44.41] } 54... h4?! { [%eval #23] } 55. Kh2?! { [%eval 44.34] } 1-0,2733.5
 Bullet ,Nahog,KyleKorver,0-1,2016.07.25,11:04:34,2636,2833,-6.0,7.0,A00,Gedult's Opening,60+0,Normal,1. f3?! { [%eval -0.63] } 1... d5 { [%eval -0.37] } 2. e3 { [%eval -0.73] } 2... c6 { [%eval -0.29] } 3. Nh3?! { [%eval -1.28] } 3... Nf6?! { [%eval -0.75] } 4. Nf2 { [%eval -0.74] } 4... e5 { [%eval -0.85] } 5. g3 { [%eval -0.82] } 5... Bd6 { [%eval -0.91] } 6. Bg2 { [%eval -1.01] } 6... O-O { [%eval -0.74] } 7. Kf1?! { [%eval -1.58] } 7... Re8 { [%eval -1.61] } 8. Kg1 { [%eval -1.56] } 8... h5 { [%eval -1.64] } 9. c3 { [%eval -1.95] } 9... h4 { [%eval -1.61] } 10. g4 { [%eval -1.68] } 10... e4 { [%eval -1.73] } 11. d4 { [%eval -1.89] } 11... exf3 { [%eval -1.78] } 12. Qxf3?! { [%eval -2.31] } 12... Nbd7?! { [%eval -1.53] } 13. Nd2 { [%eval -1.59] } 13... Nf8 { [%eval -1.54] } 14. h3 { [%eval -1.97] } 14... N8h7 { [%eval -1.79] } 15. e4 { [%eval -1.87] } 15... Ng5 { [%eval -1.91] } 16. Qd3 { [%eval -1.76] } 16... dxe4 { [%eval -1.83] } 17. Ndxe4 { [%eval -1.71] } 17... Ngxe4 { [%eval -1.79] } 18. Nxe4 { [%eval -1.81] } 18... Nxe4 { [%eval -1.56] } 19. Bxe4 { [%eval -2.41] } 19... Bc7? { [%eval -1.14] } 20. Bd2 { [%eval -1.06] } 20... Qd6 { [%eval -0.96] } 21. Re1 { [%eval -1.37] } 21... Be6 { [%eval -1.45] } 22. b3 { [%eval -1.4] } 22... Bd5?! { [%eval -0.5] } 23. Qf3?? { [%eval -6.64] } 23... Qg3+?? { [%eval -3.62] } 24. Qxg3 { [%eval -3.59] } 24... Bxg3 { [%eval -3.49] } 25. Bxd5 { [%eval -3.54] } 25... Bxe1 { [%eval -3.13] } 0-1,2734.5
 Bullet ,KyleKorver,Nahog,1-0,2016.07.25,11:05:35,2840,2630,6.0,-5.0,A40,Mikenas Defense,60+0,Normal,1. d4 { [%eval 0.12] } 1... Nc6 { [%eval 0.41] } 2. Nf3 { [%eval 0.18] } 2... g6?! { [%eval 0.87] } 3. g3?! { [%eval 0.22] } 3... Bg7 { [%eval 0.35] } 4. Bg2 { [%eval 0.18] } 4... e5 { [%eval 0.43] } 5. O-O?! { [%eval -0.2] } 5... exd4 { [%eval -0.32] } 6. c3 { [%eval -0.44] } 6... dxc3 { [%eval -0.41] } 7. Nxc3 { [%eval -0.39] } 7... Nge7 { [%eval -0.36] } 8. Bg5 { [%eval -0.51] } 8... O-O { [%eval -0.37] } 9. Rc1 { [%eval -0.45] } 9... h6 { [%eval -0.46] } 10. Be3 { [%eval -0.55] } 10... d5 { [%eval -0.47] } 11. Bc5 { [%eval -0.6] } 11... Re8 { [%eval -0.6] } 12. e3 { [%eval -0.74] } 12... b6 { [%eval -0.56] } 13. Ba3 { [%eval -0.63] } 13... Bb7 { [%eval -0.34] } 14. Re1 { [%eval -0.75] } 14... Rc8 { [%eval -0.43] } 15. Qc2?! { [%eval -1.02] } 15... Na5 { [%eval -1.0] } 16. Bb4 { [%eval -1.19] } 16... Nc4 { [%eval -1.29] } 17. b3 { [%eval -1.76] } 17... Nd6?! { [%eval -1.21] } 18. Bxd6 { [%eval -1.29] } 18... Qxd6 { [%eval -0.86] } 19. Nb5?! { [%eval -1.57] } 19... Qe6? { [%eval 0.44] } 20. Nfd4 { [%eval 0.43] } 20... Qd7 { [%eval 0.44] } 21. Nxa7 { [%eval 0.46] } 21... Ra8 { [%eval 0.4] } 22. Nab5? { [%eval -1.47] } 22... c6?! { [%eval -0.65] } 23. Nc3 { [%eval -0.61] } 23... Nc8 { [%eval -0.25] } 24. Rcd1 { [%eval -0.45] } 24... Nd6 { [%eval -0.44] } 25. h4 { [%eval -0.52] } 25... Re7 { [%eval -0.35] } 26. h5 { [%eval -0.73] } 26... g5 { [%eval -0.38] } 27. Bf3 { [%eval -0.78] } 27... f5? { [%eval 1.75] } 28. Be2?? { [%eval -1.46] } 28... Rf8 { [%eval -1.28] } 29. Bd3? { [%eval -3.56] } 29... Ne4? { [%eval -1.32] } 30. Nxe4?! { [%eval -2.18] } 30... fxe4 { [%eval -2.17] } 31. Bf1 { [%eval -2.37] } 31... Qg4?! { [%eval -1.65] } 32. Qe2 { [%eval -1.65] } 32... Rf3? { [%eval -0.25] } 33. Nxf3 { [%eval -0.27] } 33... exf3 { [%eval -0.35] } 34. Qd3 { [%eval -0.47] } 34... Qxh5? { [%eval 0.77] } 35. Qf5? { [%eval -0.3] } 35... Rf7? { [%eval 2.32] } 36. Qh3? { [%eval 0.38] } 36... Qg6?! { [%eval 1.18] } 37. g4? { [%eval 0.0] } 37... Bc8 { [%eval 0.29] } 38. e4? { [%eval -2.6] } 38... h5?? { [%eval 3.83] } 39. exd5?? { [%eval 0.23] } 39... hxg4? { [%eval 2.89] } 40. Re8+? { [%eval 0.0] } 40... Rf8 { [%eval 0.0] } 41. Rxf8+ { [%eval 0.0] } 41... Bxf8 { [%eval 0.0] } 42. Qg3?? { [%eval -7.08] } 42... cxd5?? { [%eval 2.55] } 43. Rxd5 { [%eval 2.46] } 43... Be6 { [%eval 2.37] } 44. Re5? { [%eval 0.62] } 44... Bf7?? { [%eval 4.61] } 45. Re1? { [%eval 1.75] } 1-0,2735.0
 Bullet ,Nahog,KyleKorver,0-1,2016.07.25,11:07:22,2625,2846,-5.0,6.0,C00,French Defense: Two Knights Variation,60+0,Normal,1. e4 { [%eval 0.19] } 1... e6 { [%eval 0.23] } 2. Nc3 { [%eval 0.19] } 2... d5 { [%eval 0.27] } 3. Nf3 { [%eval 0.01] } 3... dxe4 { [%eval 0.41] } 4. Nxe4 { [%eval 0.43] } 4... Nd7 { [%eval 0.45] } 5. d4 { [%eval 0.43] } 5... Ngf6 { [%eval 0.46] } 6. Nxf6+ { [%eval 0.34] } 6... Nxf6 { [%eval 0.39] } 7. Bg5 { [%eval 0.22] } 7... h6 { [%eval 0.29] } 8. Be3 { [%eval 0.17] } 8... Bd6 { [%eval 0.16] } 9. Bd3 { [%eval 0.12] } 9... b6 { [%eval 0.28] } 10. Qe2 { [%eval 0.0] } 10... Bb7 { [%eval 0.09] } 11. O-O-O { [%eval -0.01] } 11... O-O { [%eval 0.21] } 12. Rhg1 { [%eval 0.12] } 12... Nd5 { [%eval 0.26] } 13. g4 { [%eval 0.0] } 13... Nxe3 { [%eval 0.41] } 14. fxe3 { [%eval 0.45] } 14... Qe8? { [%eval 1.6] } 15. h4?! { [%eval 0.62] } 15... e5 { [%eval 0.79] } 16. g5? { [%eval -1.27] } 16... e4 { [%eval -1.15] } 17. gxh6 { [%eval -1.34] } 17... g6 { [%eval -1.36] } 18. Bc4? { [%eval -3.62] } 18... exf3 { [%eval -3.46] } 19. Rxg6+?? { [%eval -8.51] } 19... Kh8 { [%eval -8.33] } 0-1,2735.5
 Blitz ,jitanu76,SMario,1-0,2016.07.25,11:52:30,2767,2535,5.0,-4.0,B06,Robatsch (Modern) Defense,180+1,Normal,1. d4 g6 2. e4 Bg7 3. c3 d6 4. Bd3 c5 5. Nf3 Nc6 6. d5 Ne5 7. Nxe5 Bxe5 8. O-O e6 9. Nd2 Ne7 10. Nc4 Bg7 11. Qa4+ Kf8 12. dxe6 Bxe6 13. Bf4 d5 14. exd5 Nxd5 15. Bd6+ Kg8 16. Rad1 Nb6 17. Qb5 Nd7 18. Qxb7 h5 19. Be7 Qxe7 20. Qxa8+ Kh7 21. Qxa7 Qg5 22. Rfe1 Bd5 23. Bf1 Bxc4 24. Bxc4 Ne5 25. Be2 h4 26. Qb7 Rd8 27. Rxd8 Qxd8 28. Rd1 Qg5 29. a4 f5 30. a5 f4 31. a6 h3 32. a7 f3 33. Bxf3 hxg2 34. a8=Q 1-0,2651.0
 Blitz ,SMario,jitanu76,1/2-1/2,2016.07.25,11:57:49,2531,2772,6.0,-7.0,B10,Caro-Kann Defense: Two Knights Attack,180+1,Normal,1. e4 c6 2. Nc3 d5 3. Nf3 dxe4 4. Nxe4 Nf6 5. Nxf6+ exf6 6. Bc4 Bd6 7. Qe2+ Qe7 8. Qxe7+ Kxe7 9. O-O Rd8 10. Re1+ Kf8 11. h3 a5 12. a4 Na6 13. d4 Nb4 14. Re2 Bf5 15. c3 Nd5 16. Bd2 g5 17. Ne1 Re8 18. Kf1 h5 19. Bd3 Rxe2 20. Kxe2 Re8+ 21. Be3 Nf4+ 22. Kd2 Bxd3 23. Bxf4 Bxf4+ 24. Kxd3 f5 25. g3 Bd6 26. Ng2 Kg7 27. Re1 Rxe1 28. Nxe1 g4 29. hxg4 fxg4 30. Ng2 f5 31. Ne3 Kf6 32. d5 f4 33. Nc4 fxg3 34. fxg3 Bxg3 35. dxc6 bxc6 36. Nxa5 h4 37. Ke2 h3 38. Kf1 Bh2 39. Nc4 g3 40. Ne3 g2+ 41. Nxg2 hxg2+ 42. Kxg2 Be5 43. Kf3 Ke6 44. Ke4 Kd6 45. a5 Bf6 46. a6 Kc7 47. Kf5 Bg7 48. Ke6 Kb6 49. Kd7 c5 50. Kd6 Bf8+ 51. Kd5 Kxa6 52. b4 cxb4 53. cxb4 Bxb4 1/2-1/2,2651.5
 Blitz ,jitanu76,SMario,1-0,2016.07.25,12:04:53,2765,2537,6.0,-5.0,A26,"English Opening: King's English Variation, Closed System, Full Symmetry",180+1,Normal,1. c4 { [%eval 0.07] } 1... g6 { [%eval 0.44] } 2. Nc3 { [%eval 0.36] } 2... Bg7 { [%eval 0.37] } 3. g3 { [%eval 0.07] } 3... e5 { [%eval 0.08] } 4. Bg2 { [%eval 0.09] } 4... Nc6 { [%eval 0.15] } 5. d3 { [%eval 0.1] } 5... d6 { [%eval 0.01] } 6. Rb1 { [%eval 0.01] } 6... Be6 { [%eval 0.11] } 7. b4 { [%eval 0.18] } 7... Qd7 { [%eval 0.61] } 8. b5 { [%eval 0.5] } 8... Nd8 { [%eval 0.57] } 9. e4 { [%eval 0.08] } 9... f5 { [%eval 0.12] } 10. exf5 { [%eval 0.15] } 10... Bxf5 { [%eval 0.06] } 11. Nge2 { [%eval -0.24] } 11... Bh3 { [%eval 0.0] } 12. O-O { [%eval -0.17] } 12... Bxg2 { [%eval -0.15] } 13. Kxg2 { [%eval 0.0] } 13... Ne6 { [%eval 0.0] } 14. Be3 { [%eval 0.0] } 14... Ne7 { [%eval 0.06] } 15. d4 { [%eval 0.02] } 15... Nf5 { [%eval 0.22] } 16. d5 { [%eval 0.27] } 16... Nxe3+ { [%eval 0.21] } 17. fxe3 { [%eval 0.38] } 17... Nc5 { [%eval 0.44] } 18. Na4 { [%eval 0.05] } 18... Ne4 { [%eval 0.0] } 19. Nec3 { [%eval 0.03] } 19... Ng5 { [%eval 0.12] } 20. c5 { [%eval -0.3] } 20... Qh3+ { [%eval 0.0] } 21. Kh1 { [%eval 0.05] } 21... e4?! { [%eval 0.65] } 22. Rf4 { [%eval 0.2] } 22... Be5 { [%eval 0.27] } 23. Qe2 { [%eval 0.5] } 23... Bxf4 { [%eval 0.56] } 24. exf4 { [%eval 0.62] } 24... Nf7 { [%eval 0.52] } 25. Nxe4 { [%eval 0.35] } 25... O-O { [%eval 0.6] } 26. Nf6+?! { [%eval 0.0] } 26... Kg7 { [%eval 0.0] } 27. Qb2 { [%eval -0.1] } 27... Kh6? { [%eval 0.95] } 28. Nc3 { [%eval 0.78] } 28... Qf5 { [%eval 1.2] } 29. Nce4 { [%eval 1.09] } 29... Rae8 { [%eval 0.89] } 30. Nf2 { [%eval 1.02] } 30... Re2?? { [%eval 22.49] } 31. N2g4+ { [%eval 19.72] } 31... Kg7?! { [%eval #2] } 32. Nh5+ { [%eval #1] } 1-0,2651.0
 Blitz ,SMario,jitanu76,0-1,2016.07.25,12:10:04,2532,2771,-4.0,5.0,C47,Four Knights Game: Scotch Variation Accepted,180+1,Normal,1. e4 { [%eval 0.15] } 1... e5 { [%eval 0.15] } 2. Nf3 { [%eval 0.2] } 2... Nc6 { [%eval 0.31] } 3. Nc3 { [%eval 0.08] } 3... Nf6 { [%eval 0.1] } 4. d4 { [%eval -0.08] } 4... exd4 { [%eval -0.01] } 5. Nxd4 { [%eval -0.04] } 5... Bb4 { [%eval 0.04] } 6. Nxc6 { [%eval 0.04] } 6... bxc6 { [%eval 0.04] } 7. Bd3 { [%eval -0.06] } 7... O-O { [%eval -0.08] } 8. Bg5 { [%eval -0.23] } 8... h6 { [%eval -0.31] } 9. Bh4 { [%eval -0.2] } 9... Re8 { [%eval 0.08] } 10. O-O { [%eval 0.1] } 10... g5 { [%eval 0.32] } 11. Bg3 { [%eval 0.23] } 11... Bxc3 { [%eval 0.34] } 12. bxc3 { [%eval 0.34] } 12... Nxe4 { [%eval 0.35] } 13. Qh5 { [%eval 0.41] } 13... Kg7?! { [%eval 1.02] } 14. Rae1?! { [%eval 0.52] } 14... d5 { [%eval 0.19] } 15. f4 { [%eval 0.0] } 15... Nxg3 { [%eval 0.0] } 16. hxg3 { [%eval -0.36] } 16... Rxe1 { [%eval -0.31] } 17. Rxe1 { [%eval -0.29] } 17... Qf6 { [%eval -0.53] } 18. Re5? { [%eval -1.58] } 18... gxf4 { [%eval -1.67] } 19. gxf4 { [%eval -1.75] } 19... Qxf4 { [%eval -1.65] } 20. Re8?! { [%eval -2.55] } 20... Bg4 { [%eval -2.44] } 0-1,2651.5
 Blitz ,jitanu76,SMario,1-0,2016.07.25,12:13:56,2776,2528,4.0,-5.0,B06,Modern Defense: Standard Defense,180+1,Normal,1. d4 g6 2. e4 Bg7 3. Nc3 d6 4. Bg5 a6 5. Qd2 b5 6. O-O-O Bb7 7. f3 Nd7 8. Kb1 Nb6 9. Bd3 Qd7 10. Nce2 c5 11. c3 O-O-O 12. Nh3 Nf6 13. Nf2 Qc7 14. d5 e6 15. dxe6 fxe6 16. Nf4 Qf7 17. Qe3 h6 18. Bxf6 Qxf6 19. Ng4 Qf7 20. e5 Nd5 21. Nxd5 exd5 22. exd6 d4 23. cxd4 Bxd4 24. Qe7 Qxe7 25. dxe7 Rde8 26. Rhe1 h5 27. Ne5 Rxe7 28. Nxg6 Rxe1 29. Rxe1 Rd8 30. Be4 Bg1 31. Bxb7+ Kxb7 32. Rxg1 1-0,2652.0
 Blitz ,SMario,jitanu76,0-1,2016.07.25,12:19:59,2523,2780,-4.0,5.0,C11,French Defense: Burn Variation,180+1,Normal,1. e4 { [%eval 0.1] } 1... e6 { [%eval 0.12] } 2. Nc3 { [%eval 0.19] } 2... d5 { [%eval 0.1] } 3. d4 { [%eval 0.17] } 3... Nf6 { [%eval 0.08] } 4. Bg5 { [%eval 0.0] } 4... dxe4 { [%eval 0.18] } 5. Nxe4 { [%eval 0.18] } 5... Nbd7 { [%eval 0.18] } 6. Nf3 { [%eval 0.18] } 6... h6 { [%eval 0.2] } 7. Nxf6+ { [%eval 0.27] } 7... Nxf6 { [%eval 0.22] } 8. Bh4 { [%eval 0.16] } 8... c5 { [%eval 0.22] } 9. Bb5+ { [%eval 0.1] } 9... Bd7 { [%eval 0.12] } 10. Bxd7+ { [%eval 0.16] } 10... Qxd7 { [%eval 0.2] } 11. Qe2 { [%eval 0.16] } 11... cxd4 { [%eval 0.29] } 12. O-O-O { [%eval 0.22] } 12... Bc5 { [%eval 0.31] } 13. Qe5 { [%eval 0.25] } 13... Qd5?! { [%eval 0.98] } 14. Bxf6 { [%eval 0.92] } 14... gxf6 { [%eval 0.98] } 15. Qxd5 { [%eval 0.64] } 15... exd5 { [%eval 0.67] } 16. Rhe1+ { [%eval 0.7] } 16... Kd7 { [%eval 0.72] } 17. Nxd4 { [%eval 0.48] } 17... Rae8 { [%eval 0.55] } 18. c3 { [%eval 0.21] } 18... Rxe1 { [%eval 0.25] } 19. Rxe1 { [%eval 0.19] } 19... Bxd4 { [%eval 0.22] } 20. cxd4 { [%eval 0.2] } 20... Rg8 { [%eval 0.22] } 21. g3 { [%eval 0.18] } 21... Rg4 { [%eval 0.23] } 22. Rd1 { [%eval 0.22] } 22... f5 { [%eval 0.34] } 23. f3 { [%eval 0.11] } 23... Rg6 { [%eval 0.07] } 24. Re1 { [%eval 0.03] } 24... Re6 { [%eval 0.34] } 25. Kd2 { [%eval 0.0] } 25... Rxe1 { [%eval 0.0] } 26. Kxe1 { [%eval -0.06] } 26... f4 { [%eval 0.0] } 27. g4 { [%eval -0.06] } 27... Kc6 { [%eval 0.0] } 28. Kd2? { [%eval -2.82] } 28... Kb5 { [%eval -2.74] } 29. Kc3 { [%eval -1.79] } 29... Ka4 { [%eval -1.64] } 30. Kc2? { [%eval -3.58] } 30... Kb4 { [%eval -3.19] } 31. Kd3 { [%eval -3.36] } 31... a6 { [%eval -3.24] } 32. h3?! { [%eval -3.94] } 32... f6 { [%eval -3.93] } 33. h4 { [%eval -4.36] } 33... a5 { [%eval -3.56] } 34. h5?? { [%eval -11.18] } 34... a4 { [%eval -10.36] } 35. Kc2 { [%eval -11.75] } 35... Kc4 { [%eval -8.06] } 36. b3+? { [%eval -59.76] } 36... axb3+ { [%eval -55.0] } 37. axb3+ { [%eval -52.99] } 37... Kxd4 { [%eval -52.07] } 38. Kd2 { [%eval -51.03] } 38... b6 { [%eval -20.75] } 0-1,2651.5
 Blitz ,jitanu76,SMario,1-0,2016.07.25,12:40:25,2770,2532,5.0,-4.0,B06,Modern Defense: Standard Defense,180+1,Normal,1. e4 g6 2. d4 Bg7 3. Nc3 d6 4. Bg5 h6 5. Be3 e6 6. Qd2 Nd7 7. Nf3 a6 8. a4 b6 9. Bd3 Bb7 10. O-O Ne7 11. Rad1 g5 12. d5 e5 13. Qe2 Ng6 14. g3 O-O 15. Nd2 Nc5 16. Bxc5 bxc5 17. Nc4 Bc8 18. Ne3 Rb8 19. b3 a5 20. Nb5 Bh3 21. Qh5 Bxf1 22. Bxf1 Ne7 23. Bh3 Kh8 24. Bf5 Ng8 25. Kg2 Rb7 26. Nc4 Ne7 27. Qf3 Qa8 28. Rh1 c6 29. dxc6 Nxc6 30. Ncxd6 Nd4 31. Nxd4 exd4 32. Nxb7 Qxb7 33. h4 g4 34. Qxg4 Be5 35. f4 Rg8 36. Qf3 Bb8 37. e5 Qb4 38. Bd3 f6 39. Qe4 Qd2+ 40. Kh3 1-0,2651.0
 Blitz ,SMario,jitanu76,1/2-1/2,2016.07.25,12:47:07,2528,2775,7.0,-7.0,C41,Philidor Defense: Exchange Variation #3,180+1,Normal,1. e4 { [%eval 0.19] } 1... e5 { [%eval 0.28] } 2. Nf3 { [%eval 0.26] } 2... d6 { [%eval 0.37] } 3. d4 { [%eval 0.27] } 3... exd4 { [%eval 0.27] } 4. Qxd4 { [%eval 0.15] } 4... Nf6 { [%eval 0.14] } 5. Bg5 { [%eval 0.03] } 5... Be7 { [%eval 0.11] } 6. Nc3 { [%eval 0.08] } 6... O-O { [%eval 0.13] } 7. O-O-O { [%eval 0.14] } 7... Nc6 { [%eval 0.12] } 8. Qd3 { [%eval -0.02] } 8... Ng4 { [%eval 0.14] } 9. Bxe7 { [%eval 0.16] } 9... Qxe7 { [%eval 0.18] } 10. Nd5 { [%eval 0.01] } 10... Qd8 { [%eval 0.07] } 11. Qd2 { [%eval 0.0] } 11... Re8 { [%eval 0.0] } 12. h3 { [%eval -0.22] } 12... Nf6 { [%eval 0.06] } 13. Nxf6+ { [%eval -0.27] } 13... Qxf6 { [%eval -0.28] } 14. Bd3 { [%eval -0.28] } 14... Be6 { [%eval -0.08] } 15. Kb1 { [%eval -0.17] } 15... a5 { [%eval -0.07] } 16. Qg5 { [%eval -0.37] } 16... Qxg5 { [%eval -0.17] } 17. Nxg5 { [%eval -0.05] } 17... Bd7 { [%eval -0.01] } 18. Bc4 { [%eval -0.49] } 18... Ne5 { [%eval -0.52] } 19. Bd5?! { [%eval -1.2] } 19... h6?! { [%eval -0.58] } 20. Nf3 { [%eval -0.62] } 20... Nxf3 { [%eval -0.36] } 21. gxf3 { [%eval -0.29] } 21... Rab8 { [%eval -0.33] } 22. h4 { [%eval -0.37] } 22... Kf8 { [%eval -0.41] } 23. Rhg1 { [%eval -0.37] } 23... b5 { [%eval -0.32] } 24. a3 { [%eval -0.33] } 24... b4 { [%eval -0.36] } 25. axb4 { [%eval -0.47] } 25... Rxb4 { [%eval -0.5] } 26. c3 { [%eval -0.45] } 26... Rb6 { [%eval -0.37] } 27. Kc2 { [%eval -0.72] } 27... Reb8 { [%eval -0.72] } 28. Rb1 { [%eval -0.77] } 28... a4 { [%eval -0.72] } 29. Rgd1 { [%eval -0.72] } 29... Ke7 { [%eval -0.64] } 30. Rd2 { [%eval -0.7] } 30... Be6 { [%eval -0.64] } 31. Kc1 { [%eval -0.67] } 31... Bxd5 { [%eval -0.39] } 32. Rxd5 { [%eval -0.46] } 32... a3 { [%eval -0.39] } 33. b4 { [%eval -0.46] } 33... c5 { [%eval -0.46] } 34. Ra1 { [%eval -0.46] } 34... cxb4 { [%eval -0.26] } 35. cxb4 { [%eval -0.39] } 35... Rxb4 { [%eval -0.45] } 36. Rxa3 { [%eval -0.33] } 36... Rb1+ { [%eval -0.13] } 37. Kd2 { [%eval -0.13] } 37... R8b2+ { [%eval -0.13] } 38. Ke3 { [%eval -0.13] } 38... Re1+ { [%eval 0.0] } 39. Kf4 { [%eval 0.0] } 39... Rxf2 { [%eval 0.0] } 40. Ra7+ { [%eval 0.0] } 1/2-1/2,2651.5
 Bullet ,chess-stat,darkghoul,1-0,2016.07.25,17:54:00,2565,2749,18.0,-22.0,B07,Pirc Defense #5,60+0,Normal,1. e4 d6 2. d4 c6 3. Nc3 Nd7 4. f4 g6 5. e5 Bg7 6. Nf3 Nb6 7. Bd3 Nh6 8. Qe2 Bf5 9. Bd2 Bxd3 10. cxd3 Qd7 11. Ng5 O-O 12. e6 fxe6 13. Nxe6 Rf7 14. O-O-O Nf5 15. Nxg7 Kxg7 16. g4 Nxd4 17. Qg2 d5 18. Kb1 Raf8 19. Ne2 Nxe2 20. Qxe2 Kg8 21. h4 d4 22. h5 Rg7 23. hxg6 hxg6 24. f5 gxf5 25. Bh6 Rff7 26. Bxg7 Rxg7 27. gxf5 Qxf5 28. Rdf1 Qg6 29. Qf3 Rf7 30. Qh3 Rxf1+ 31. Rxf1 Kg7 32. Qf3 Qg5 33. Qf7+ Kh6 34. Rh1+ 1-0,2657.0
 Bullet ,darkghoul,chess-stat,0-1,2016.07.25,17:56:08,2727,2583,-21.0,16.0,A05,King's Indian Attack: Symmetrical Defense,60+0,Normal,1. Nf3 { [%eval 0.23] } 1... Nf6 { [%eval 0.18] } 2. g3 { [%eval 0.01] } 2... g6 { [%eval 0.16] } 3. Bg2 { [%eval 0.17] } 3... Bg7 { [%eval 0.24] } 4. O-O { [%eval 0.03] } 4... O-O { [%eval 0.05] } 5. c3 { [%eval -0.02] } 5... d6 { [%eval 0.05] } 6. d4 { [%eval -0.03] } 6... Nbd7 { [%eval 0.08] } 7. h3 { [%eval -0.08] } 7... e5 { [%eval -0.19] } 8. Nbd2 { [%eval -0.41] } 8... e4 { [%eval -0.48] } 9. Ne1 { [%eval -0.42] } 9... e3?! { [%eval 0.5] } 10. fxe3 { [%eval 0.46] } 10... d5 { [%eval 0.37] } 11. e4 { [%eval 0.4] } 11... dxe4 { [%eval 0.33] } 12. Nxe4 { [%eval 0.24] } 12... Nxe4 { [%eval 0.31] } 13. Bxe4 { [%eval 0.68] } 13... Nf6 { [%eval 0.78] } 14. Bg2 { [%eval 0.79] } 14... Bf5?! { [%eval 1.37] } 15. Nd3?! { [%eval 0.74] } 15... Be4 { [%eval 0.67] } 16. Bxe4 { [%eval 0.45] } 16... Nxe4 { [%eval 0.53] } 17. Qb3? { [%eval -0.68] } 17... b6? { [%eval 0.47] } 18. Bf4?! { [%eval -0.31] } 18... Kh8? { [%eval 0.86] } 19. Rad1? { [%eval -0.17] } 19... f5?! { [%eval 0.79] } 20. Kh2 { [%eval 0.61] } 20... g5 { [%eval 0.8] } 21. Be5 { [%eval 0.78] } 21... Qe7 { [%eval 0.86] } 22. Qd5 { [%eval 0.78] } 22... Rad8 { [%eval 0.83] } 23. Bxg7+ { [%eval 0.81] } 23... Qxg7 { [%eval 0.84] } 24. Qe5 { [%eval 0.94] } 24... c5? { [%eval 2.16] } 25. e3? { [%eval 1.12] } 25... c4 { [%eval 1.09] } 26. Qxg7+ { [%eval 1.07] } 26... Kxg7 { [%eval 1.17] } 27. Ne5 { [%eval 1.2] } 27... b5 { [%eval 1.28] } 28. a4?! { [%eval 0.59] } 28... bxa4? { [%eval 2.37] } 29. Nxc4? { [%eval 0.0] } 29... Rc8 { [%eval 0.0] } 30. Ne5 { [%eval 0.0] } 30... a3 { [%eval 0.0] } 31. bxa3 { [%eval -0.1] } 31... Rxc3 { [%eval -0.13] } 32. Rd3?? { [%eval -4.23] } 32... Rc2+ { [%eval -3.66] } 33. Kg1 { [%eval -2.77] } 33... Rb8 { [%eval -2.61] } 34. Rxf5?? { [%eval #-7] } 34... Nxg3?? { [%eval 0.23] } 35. Rf7+ { [%eval 0.12] } 35... Kg8 { [%eval 0.23] } 36. Rd1?? { [%eval #-6] } 36... Rbb2 { [%eval #-5] } 37. Rf2 { [%eval #-3] } 37... Rxf2 { [%eval #-2] } 38. Rc1 { [%eval #-1] } 38... Rg2# 0-1,2655.0
 Blitz ,jitanu76,luka1950,1-0,2016.07.25,18:28:06,2752,2677,10.0,-9.0,A53,"Old Indian Defense: Janowski Variation, Fianchetto Variation",180+1,Normal,1. d4 { [%eval 0.2] } 1... Nf6 { [%eval 0.17] } 2. c4 { [%eval 0.16] } 2... d6 { [%eval 0.49] } 3. Nc3 { [%eval 0.32] } 3... Bf5 { [%eval 0.55] } 4. g3 { [%eval 0.57] } 4... e5 { [%eval 0.55] } 5. Bg2 { [%eval 0.58] } 5... exd4 { [%eval 0.72] } 6. Bxb7 { [%eval 0.58] } 6... Nbd7 { [%eval 1.05] } 7. Qxd4 { [%eval 1.1] } 7... Rb8 { [%eval 0.98] } 8. Bg2 { [%eval 1.06] } 8... c5 { [%eval 1.46] } 9. Qd2 { [%eval 1.41] } 9... Be7 { [%eval 1.75] } 10. Nh3?! { [%eval 1.13] } 10... Ne5 { [%eval 1.56] } 11. b3 { [%eval 1.51] } 11... Bxh3?! { [%eval 2.11] } 12. Bxh3 { [%eval 2.05] } 12... O-O { [%eval 2.21] } 13. O-O { [%eval 2.19] } 13... a6 { [%eval 2.17] } 14. Bg2 { [%eval 2.22] } 14... Qc7 { [%eval 2.29] } 15. Bb2 { [%eval 2.31] } 15... Ned7 { [%eval 2.43] } 16. Rfd1 { [%eval 2.35] } 16... Nb6 { [%eval 2.35] } 17. Ne4 { [%eval 2.0] } 17... Nxe4 { [%eval 1.96] } 18. Bxe4 { [%eval 1.92] } 18... f5 { [%eval 2.1] } 19. Bf3 { [%eval 2.11] } 19... Bf6 { [%eval 2.25] } 20. Bxf6 { [%eval 2.29] } 20... Rxf6 { [%eval 2.14] } 21. Qf4?! { [%eval 1.6] } 21... Nd7 { [%eval 1.66] } 22. Rd2 { [%eval 1.45] } 22... Ne5 { [%eval 1.57] } 23. Rad1 { [%eval 1.57] } 23... Re8 { [%eval 1.59] } 24. Bd5+ { [%eval 1.56] } 24... Kh8 { [%eval 1.44] } 25. Bg2 { [%eval 1.39] } 25... a5 { [%eval 1.47] } 26. Rd5 { [%eval 1.48] } 26... g6 { [%eval 1.6] } 27. Qd2 { [%eval 1.68] } 27... Nf7?! { [%eval 2.2] } 28. Qc3 { [%eval 2.25] } 28... Kg7 { [%eval 2.2] } 29. e3 { [%eval 2.23] } 29... Re6 { [%eval 2.32] } 30. f4 { [%eval 2.31] } 30... Kf8 { [%eval 2.65] } 31. h3 { [%eval 2.3] } 31... h5 { [%eval 2.16] } 32. Kh2 { [%eval 2.13] } 32... Qe7 { [%eval 2.18] } 33. R1d3 { [%eval 1.94] } 33... Qa7 { [%eval 2.21] } 34. a3 { [%eval 1.92] } 34... Qb6 { [%eval 2.17] } 35. Bf3 { [%eval 2.27] } 35... Kg7 { [%eval 2.27] } 36. g4?! { [%eval 1.75] } 36... hxg4 { [%eval 1.75] } 37. hxg4 { [%eval 1.77] } 37... fxg4 { [%eval 1.79] } 38. Bxg4 { [%eval 1.81] } 38... Re8 { [%eval 1.79] } 39. Kg3?! { [%eval 1.08] } 39... Qc7 { [%eval 1.15] } 40. Bf3 { [%eval 0.78] } 40... Qe7 { [%eval 0.73] } 41. e4 { [%eval 0.72] } 41... Kg8 { [%eval 0.79] } 42. Rd1 { [%eval 0.42] } 42... g5 { [%eval 0.43] } 43. f5 { [%eval 0.51] } 43... Ne5 { [%eval 0.35] } 44. Bh5 { [%eval 0.26] } 44... Ref8 { [%eval 0.67] } 45. Rh1?! { [%eval 0.11] } 45... Rh6 { [%eval 0.71] } 46. Rdd1?! { [%eval 0.0] } 46... g4 { [%eval 0.04] } 47. Qe3 { [%eval 0.18] } 47... Rff6? { [%eval 1.38] } 48. Qg5+ { [%eval 1.49] } 48... Qg7 { [%eval 1.9] } 49. Qxg7+ { [%eval 1.9] } 49... Kxg7 { [%eval 1.9] } 50. Bxg4 { [%eval 1.9] } 50... Rxh1 { [%eval 1.9] } 51. Rxh1 { [%eval 1.81] } 51... a4? { [%eval 3.16] } 52. Bd1? { [%eval 1.72] } 52... axb3 { [%eval 1.8] } 53. Bxb3 { [%eval 1.87] } 53... Rf8 { [%eval 1.88] } 54. Rd1? { [%eval 0.75] } 54... Rb8 { [%eval 0.75] } 55. Bc2 { [%eval 0.75] } 55... Nxc4 { [%eval 0.75] } 56. a4 { [%eval 0.5] } 56... Rb2 { [%eval 0.67] } 57. Bd3 { [%eval 0.89] } 57... Rb3? { [%eval 2.0] } 58. Kf4 { [%eval 2.01] } 58... Ne5? { [%eval 3.11] } 59. Bb5?? { [%eval 0.07] } 59... Rf3+ { [%eval 0.12] } 60. Kg5 { [%eval 0.08] } 60... Nf7+? { [%eval 1.27] } 61. Kh4?! { [%eval 0.33] } 61... Kf6? { [%eval 1.37] } 62. Rg1? { [%eval 0.06] } 62... Ne5 { [%eval 0.07] } 63. a5 { [%eval -0.41] } 63... Rf4+?! { [%eval 0.2] } 64. Kh3 { [%eval 0.22] } 64... Rf3+?? { [%eval 4.31] } 65. Rg3 { [%eval 4.1] } 65... Rf4?? { [%eval 12.28] } 66. a6 { [%eval 11.09] } 66... Nf3 { [%eval 13.94] } 67. a7 { [%eval 11.28] } 67... Ng5+ { [%eval 49.03] } 68. Rxg5 { [%eval 49.03] } 1-0,2714.5
 Bullet ,darkghoul,opperwezen,1/2-1/2,2016.07.25,18:34:37,2723,2799,3.0,-3.0,A00,Hungarian Opening: Indian Defense,60+0,Normal,1. g3 Nf6 2. Bg2 Nc6 3. Nf3 e5 4. O-O d6 5. d3 Be7 6. c4 O-O 7. Nc3 Re8 8. Rb1 a5 9. a3 Bf8 10. Bg5 h6 11. Bxf6 Qxf6 12. b4 axb4 13. axb4 Qd8 14. Nd2 Nd4 15. e3 Ne6 16. b5 Rb8 17. Qc2 Bd7 18. Rfd1 c6 19. Nde4 f5 20. Nd2 g6 21. Rb2 Qc7 22. Rdb1 Bg7 23. Nb3 Rec8 24. Qd2 g5 25. d4 e4 26. bxc6 bxc6 27. d5 Nc5 28. Nxc5 dxc5 29. dxc6 Bxc6 30. Nd5 Rxb2 31. Rxb2 Qe5 32. Rb6 Bxd5 33. cxd5 c4 34. Re6 c3 35. Qc2 Qxd5 36. Ra6 Qd2 37. Ra2 Qxc2 38. Rxc2 Rb8 39. Bf1 Rb2 40. Bc4+ Kf8 41. Rxb2 cxb2 42. Ba2 Ke7 43. Kf1 Be5 44. Ke2 Kf6 45. h3 h5 46. Bb1 Ke6 47. g4 fxg4 48. hxg4 hxg4 49. Bxe4 Kd6 50. Bb1 Bh2 51. Kf1 Ke5 52. Kg2 Bf4 53. exf4+ gxf4 54. f3 g3 55. Kf1 Kd4 56. Ke2 Kc3 57. Be4 Kd4 58. Bb1 Ke5 59. Be4 Kf6 60. Bb1 Kg5 61. Kf1 Kh4 62. Kg2 Kg5 63. Bc2 Kf6 64. Bb1 Ke5 65. Kf1 Kd4 66. Ke2 1/2-1/2,2761.0
 Blitz ,luka1950,jitanu76,1-0,2016.07.25,18:36:28,2668,2762,14.0,-15.0,C11,French Defense: Steinitz Variation #2,180+1,Normal,1. e4 e6 2. d4 d5 3. Nc3 Nf6 4. e5 Nfd7 5. f4 c5 6. Nf3 Be7 7. Be3 O-O 8. Qd2 b6 9. Nd1 Ba6 10. Bxa6 Nxa6 11. c3 cxd4 12. cxd4 Rc8 13. O-O Nb4 14. Nc3 f5 15. exf6 Nxf6 16. a3 Nc6 17. Qd3 Bd6 18. Rae1 Na5 19. Ng5 Qd7 20. Bc1 Rce8 21. Qh3 Nb3 22. Rxe6 Rxe6 23. Qxe6+ Qxe6 24. Nxe6 Re8 25. f5 g6 26. Bg5 Ne4 27. Nxe4 dxe4 28. d5 gxf5 29. Rxf5 Nc5 30. Nxc5 Bxc5+ 31. Kf1 Kg7 32. g4 h6 33. Bf4 Kg6 34. h4 Bd4 35. h5+ Kg7 36. b3 Rc8 37. d6 e3 38. d7 Rc1+ 39. Ke2 Rc2+ 40. Kd3 Rd2+ 41. Kc4 Bc5 42. Rd5 Rxd5 43. Kxd5 e2 44. Bd2 Be7 45. Ke4 Kf6 46. Kf3 Ke6 47. Kxe2 Kxd7 48. Bxh6 Bxa3 49. Bg7 Ke6 50. Kf3 a5 51. Ke4 b5 52. g5 a4 53. bxa4 bxa4 54. g6 Bc1 55. h6 Bxh6 56. Bxh6 a3 57. Bg7 1-0,2715.0
 Bullet ,opperwezen,darkghoul,0-1,2016.07.25,18:37:02,2796,2726,-17.0,17.0,A01,Nimzo-Larsen Attack,60+0,Normal,1. b3 d6 2. Bb2 c6 3. e4 Nd7 4. Nf3 Ngf6 5. d3 e5 6. Nbd2 Be7 7. g3 O-O 8. Bg2 Re8 9. O-O a5 10. Re1 a4 11. d4 Qc7 12. a3 axb3 13. cxb3 b5 14. Qc2 Bb7 15. Rac1 Qb6 16. b4 Bf8 17. dxe5 dxe5 18. Nb3 h6 19. Red1 Rac8 20. Nc5 Nxc5 21. bxc5 Qc7 22. Nd2 Ra8 23. Nb3 Ra4 24. h3 Bc8 25. Qc3 Nxe4 26. Qe3 Nf6 27. Re1 Nd7 28. f4 e4 29. Nd4 Bxc5 30. Kh2 Qb6 31. Red1 Nf6 0-1,2761.0
 Bullet ,opperwezen,darkghoul,0-1,2016.07.25,18:41:05,2763,2758,-14.0,14.0,B06,"Modern Defense: Two Knights Variation, Suttles Variation",60+0,Normal,1. Nc3 { [%eval 0.0] } 1... d6 { [%eval 0.46] } 2. e4 { [%eval 0.34] } 2... c6 { [%eval 0.57] } 3. d4 { [%eval 0.63] } 3... g6 { [%eval 0.63] } 4. Nf3 { [%eval 0.58] } 4... Bg7 { [%eval 0.61] } 5. Be2 { [%eval 0.56] } 5... Nf6 { [%eval 0.6] } 6. Be3 { [%eval 0.37] } 6... O-O { [%eval 0.58] } 7. h3 { [%eval 0.36] } 7... b5 { [%eval 0.31] } 8. a3 { [%eval 0.31] } 8... Nbd7 { [%eval 0.18] } 9. O-O { [%eval 0.04] } 9... Qc7 { [%eval 0.12] } 10. Nd2 { [%eval 0.04] } 10... e5 { [%eval 0.34] } 11. dxe5 { [%eval -0.05] } 11... Nxe5 { [%eval -0.03] } 12. f4 { [%eval -0.06] } 12... Ned7 { [%eval 0.02] } 13. Bf3 { [%eval -0.02] } 13... Re8 { [%eval -0.05] } 14. Re1 { [%eval -0.06] } 14... Bb7 { [%eval -0.18] } 15. Nb3 { [%eval -0.52] } 15... a6 { [%eval -0.37] } 16. g3?! { [%eval -1.08] } 16... c5 { [%eval -0.89] } 17. Bf2 { [%eval -1.37] } 17... Re7 { [%eval -0.94] } 18. Nd2 { [%eval -0.95] } 18... Rae8 { [%eval -0.88] } 19. Rb1 { [%eval -0.95] } 19... b4 { [%eval -0.95] } 20. axb4 { [%eval -1.17] } 20... cxb4 { [%eval -1.13] } 21. Nd5?! { [%eval -1.64] } 21... Nxd5 { [%eval -1.52] } 22. exd5 { [%eval -1.74] } 22... Rxe1+ { [%eval -1.72] } 23. Bxe1 { [%eval -1.72] } 23... Bxd5 { [%eval -1.62] } 24. Bxd5 { [%eval -1.68] } 24... Qc5+ { [%eval -1.6] } 25. Bf2 { [%eval -1.59] } 25... Qxd5 { [%eval -1.41] } 26. Nb3 { [%eval -1.68] } 26... Qc6 { [%eval -1.43] } 27. Nd4 { [%eval -1.54] } 27... Qc7 { [%eval -1.5] } 28. Qd3?! { [%eval -2.11] } 28... Nc5 { [%eval -2.02] } 29. Qc4 { [%eval -1.94] } 29... Qb7 { [%eval -2.0] } 30. Nb3?! { [%eval -2.73] } 30... Ne4 { [%eval -2.51] } 31. Re1 { [%eval -2.94] } 31... d5 { [%eval -3.08] } 32. Qd3 { [%eval -3.1] } 32... Rc8 { [%eval -3.11] } 33. Bd4 { [%eval -3.05] } 33... Bxd4+ { [%eval -2.67] } 34. Nxd4 { [%eval -2.72] } 34... Qb6 { [%eval -2.7] } 35. Kg2 { [%eval -2.72] } 35... a5 { [%eval -2.68] } 36. Re2? { [%eval -4.66] } 36... a4 { [%eval -4.5] } 37. Nf3 { [%eval -3.94] } 37... Qc5?! { [%eval -3.22] } 38. Qa6? { [%eval -4.55] } 38... a3 { [%eval -4.55] } 39. bxa3 { [%eval -4.59] } 39... bxa3 { [%eval -4.07] } 40. Ne5?! { [%eval -4.65] } 40... Qc3 { [%eval -4.7] } 41. Qb7?? { [%eval -20.9] } 41... Qxg3+ { [%eval -21.95] } 42. Kh1 { [%eval -19.65] } 42... Qxh3+ { [%eval -18.56] } 43. Kg1 { [%eval -15.13] } 43... Qg3+?! { [%eval -9.12] } 44. Rg2 { [%eval -8.85] } 44... Qe1+ { [%eval -8.69] } 45. Kh2 { [%eval -8.17] } 45... Rf8 { [%eval -7.43] } 46. Qxd5? { [%eval -11.37] } 46... Nf6?? { [%eval -6.23] } 47. Qf3?? { [%eval -9.65] } 47... Qh4+? { [%eval -8.16] } 48. Qh3 { [%eval -7.3] } 48... Qxh3+? { [%eval -5.67] } 49. Kxh3 { [%eval -5.68] } 49... a2 { [%eval -5.69] } 50. Rg1 { [%eval -5.68] } 50... Ra8 { [%eval -5.62] } 51. Ra1 { [%eval -5.63] } 51... Nd5 { [%eval -5.43] } 52. Nd3 { [%eval -5.32] } 52... Ne3? { [%eval -2.97] } 53. Kg3?? { [%eval -10.72] } 53... Nxc2 { [%eval -10.3] } 54. Rc1 { [%eval -50.5] } 54... a1=Q { [%eval -10.06] } 55. Rxa1 { [%eval -9.92] } 55... Nxa1 { [%eval -9.57] } 56. Ne5 { [%eval -9.92] } 56... Ra3+ { [%eval -9.49] } 57. Kg4?! { [%eval -15.48] } 57... Nc2 { [%eval -14.2] } 58. Nd7 { [%eval -13.27] } 58... Ne3+ { [%eval -11.33] } 59. Kg5?! { [%eval #-8] } 59... Nf5 { [%eval #-16] } 60. Kf6 { [%eval #-16] } 60... Ra6+ { [%eval #-15] } 61. Kg5 { [%eval #-5] } 61... Re6?! { [%eval #-14] } 62. Ne5 { [%eval #-12] } 62... h6+?! { [%eval -13.83] } 63. Kg4 { [%eval -10.81] } 63... Kg7 { [%eval -10.24] } 64. Nf3?! { [%eval #-9] } 64... Re3 { [%eval #-8] } 65. Kh3 { [%eval #-8] } 65... Rxf3+ { [%eval #-7] } 66. Kg4 { [%eval #-1] } 66... Rxf4+?! { [%eval #-15] } 67. Kxf4 { [%eval #-15] } 67... Kf6 { [%eval #-14] } 68. Ke4 { [%eval #-14] } 68... g5 { [%eval #-13] } 69. Kf3 { [%eval #-13] } 69... Kg6 { [%eval #-14] } 70. Kg4 { [%eval #-14] } 70... h5+ { [%eval #-13] } 71. Kh3 { [%eval #-13] } 71... f6 { [%eval #-12] } 72. Kg2 { [%eval #-12] } 72... Nh6 { [%eval #-13] } 73. Kf2 { [%eval #-13] } 73... g4 { [%eval #-13] } 74. Kg2 { [%eval #-13] } 74... Kg5 { [%eval #-12] } 75. Kg1 { [%eval #-12] } 75... f5 { [%eval #-11] } 76. Kf1 { [%eval #-11] } 76... f4 { [%eval #-11] } 77. Kg1 { [%eval #-11] } 77... h4 { [%eval #-10] } 0-1,2760.5
 Blitz ,darkghoul,FireonBoard,1-0,2016.07.25,19:17:11,2749,2615,8.0,-7.0,B40,"Sicilian Defense: French Variation, Normal",180+0,Normal,1. e4 c5 2. Nf3 e6 3. d4 cxd4 4. Nxd4 Nf6 5. f3 Nc6 6. c4 d5 7. cxd5 exd5 8. Bb5 Bd7 9. Bxc6 bxc6 10. e5 Nh5 11. O-O Bc5 12. Be3 Qb6 13. Qd2 Rb8 14. b3 Nf4 15. Nc3 Ne6 16. Na4 Bb4 17. Qf2 Qa5 18. Nxe6 Bxe6 19. Bxa7 Rb7 20. Bc5 Rb5 21. Rac1 Kd7 22. Bxb4 Qxb4 23. Nc5+ Kc8 24. Nxe6 1-0,2682.0
 Blitz ,jitanu76,BLEFOUT,1/2-1/2,2016.07.25,19:23:06,2753,2548,-6.0,6.0,E38,"Nimzo-Indian Defense: Classical Variation, Berlin Variation",180+1,Normal,1. d4 { [%eval 0.21] } 1... Nf6 { [%eval 0.2] } 2. c4 { [%eval 0.16] } 2... e6 { [%eval 0.18] } 3. Nc3 { [%eval 0.2] } 3... Bb4 { [%eval 0.16] } 4. Qc2 { [%eval 0.02] } 4... c5 { [%eval 0.2] } 5. dxc5 { [%eval 0.08] } 5... Qc7 { [%eval 0.43] } 6. a3 { [%eval 0.43] } 6... Bxc5 { [%eval 0.41] } 7. Nf3 { [%eval 0.4] } 7... O-O { [%eval 0.52] } 8. Bg5 { [%eval 0.48] } 8... Nc6 { [%eval 0.62] } 9. Bxf6 { [%eval 0.53] } 9... gxf6 { [%eval 0.63] } 10. e3 { [%eval 0.57] } 10... Ne5 { [%eval 0.59] } 11. Be2 { [%eval 0.6] } 11... Ng6?! { [%eval 1.1] } 12. O-O-O { [%eval 0.94] } 12... a6 { [%eval 1.29] } 13. Kb1 { [%eval 0.96] } 13... Be7 { [%eval 0.89] } 14. h4 { [%eval 0.99] } 14... d6 { [%eval 0.83] } 15. h5 { [%eval 0.74] } 15... Ne5 { [%eval 1.12] } 16. Nd4? { [%eval 0.03] } 16... Kh8 { [%eval 0.12] } 17. Ne4 { [%eval 0.06] } 17... Rg8 { [%eval 0.02] } 18. f4 { [%eval -0.43] } 18... Ng4 { [%eval -0.37] } 19. Bxg4 { [%eval -0.44] } 19... Rxg4 { [%eval -0.29] } 20. Nf2 { [%eval -0.25] } 20... Rxg2 { [%eval 0.0] } 21. Rdg1 { [%eval 0.0] } 21... Rxg1+ { [%eval 0.0] } 22. Rxg1 { [%eval -0.15] } 22... Bd7?! { [%eval 0.53] } 23. h6 { [%eval 0.44] } 23... Qc5?? { [%eval 7.84] } 24. Rg7 { [%eval 7.5] } 24... f5 { [%eval 7.2] } 25. Rxf7 { [%eval 6.78] } 25... Re8?? { [%eval 22.18] } 26. Nxe6 { [%eval 20.0] } 26... Qxe3?! { [%eval #4] } 27. Nc7?? { [%eval 1.23] } 27... Rf8 { [%eval 1.12] } 28. Rxf8+? { [%eval -1.27] } 28... Bxf8 { [%eval -1.21] } 29. Nd5 { [%eval -1.27] } 29... Qe1+ { [%eval -1.26] } 30. Ka2 { [%eval -1.41] } 30... Bxh6 { [%eval -1.33] } 31. Nd3 { [%eval -1.39] } 31... Qe4 { [%eval -0.92] } 32. Nf6 { [%eval -1.02] } 32... Qe6 { [%eval -0.88] } 33. Nxd7 { [%eval -0.82] } 33... Qxd7 { [%eval -0.78] } 34. Qf2?! { [%eval -1.31] } 34... Bg7 { [%eval -1.02] } 35. Nb4?! { [%eval -1.73] } 35... b5?! { [%eval -1.05] } 36. cxb5?! { [%eval -1.63] } 36... Qe6+ { [%eval -1.26] } 37. Ka1 { [%eval -1.6] } 37... axb5 { [%eval -1.62] } 38. Qb6 { [%eval -1.91] } 38... Qe1+ { [%eval -1.75] } 39. Ka2 { [%eval -1.9] } 39... Qe6+ { [%eval -1.77] } 40. Ka1 { [%eval -1.9] } 40... h6 { [%eval -1.63] } 41. Qxb5? { [%eval -2.79] } 41... Qb3 { [%eval -2.67] } 42. Qe8+?! { [%eval -3.45] } 42... Kh7 { [%eval -3.43] } 43. Qe2 { [%eval -3.26] } 43... Qxa3+ { [%eval -3.24] } 44. Na2 { [%eval -3.12] } 44... Qa4 { [%eval -3.11] } 45. Qd2 { [%eval -3.05] } 45... d5 { [%eval -2.64] } 46. Qxd5 { [%eval -3.05] } 46... Qxf4 { [%eval -3.06] } 47. Nc3 { [%eval -3.05] } 47... Bxc3 { [%eval -3.05] } 48. bxc3 { [%eval -3.03] } 48... Qc1+ { [%eval -3.01] } 49. Ka2 { [%eval -2.81] } 49... Qc2+ { [%eval -2.26] } 50. Ka1?! { [%eval -3.04] } 50... Qxc3+ { [%eval -2.37] } 51. Kb1?! { [%eval -3.08] } 51... Qe1+ { [%eval -2.98] } 52. Kc2?? { [%eval -58.8] } 52... Qe2+?? { [%eval -2.94] } 53. Kc3 { [%eval -2.73] } 53... Qe3+ { [%eval -2.48] } 54. Kb2 { [%eval -2.55] } 54... Qe4? { [%eval 0.0] } 55. Qf7+ { [%eval 0.0] } 55... Kh8 { [%eval 0.0] } 56. Qf8+ { [%eval 0.0] } 56... Kh7 { [%eval 0.0] } 57. Qf7+ { [%eval 0.0] } 57... Kh8 { [%eval 0.0] } 58. Qf8+ { [%eval 0.0] } 58... Kh7 { [%eval 0.0] } 59. Qf7+ { [%eval 0.0] } 1/2-1/2,2650.5
 Blitz ,BLEFOUT,jitanu76,0-1,2016.07.25,19:30:42,2554,2747,-6.0,6.0,D02,Queen's Pawn Game: London System,180+1,Normal,1. d4 d5 2. Nf3 Nf6 3. Bf4 e6 4. e3 Bd6 5. Ne5 O-O 6. Nd2 c5 7. c3 Nc6 8. Ndf3 Qc7 9. Bd3 cxd4 10. exd4 Ne4 11. Qc2 f6 12. Nxc6 Bxf4 13. Nxa7 Rxa7 14. Bxe4 dxe4 15. Qxe4 f5 16. Qe2 Bd7 17. O-O Raa8 18. Rfe1 Rae8 19. Ne5 Bxe5 20. Qxe5 Qxe5 21. Rxe5 Kf7 22. a4 Ra8 23. a5 Rfc8 24. Rae1 Kf6 25. h4 Ra6 26. f3 Rc4 27. R1e3 Ra4 28. b4 Ra2 29. g4 g6 30. g5+ Kf7 31. d5 Rd6 32. c4 Rc2 33. dxe6+ Rxe6 34. c5 Rb2 35. Rxe6 Bxe6 36. c6 bxc6 37. Ra3 Rxb4 38. a6 Rb8 39. a7 Ra8 40. Kf2 Ke7 41. Ke3 Kd6 42. Ra6 Bc4 43. Ra1 Kc5 44. Kf4 Kb6 45. Ke5 Rxa7 46. Rb1+ Kc5 47. Rc1 Re7+ 48. Kf6 Rf7+ 49. Ke5 Kb4 50. h5 gxh5 51. Rh1 c5 52. Rxh5 Bd3 53. f4 c4 54. Rh3 Kc3 55. Ke6 Ra7 56. Kf6 Kc2 57. Rh2+ Kd1 58. Rh1+ Ke2 59. Rh2+ Ke3 0-1,2650.5
 Bullet tournament ,gnejs,AstanehChess,0-1,2016.07.25,21:10:09,2662,2669,-15.0,19.0,A53,Old Indian: Czech Variation,30+0,Normal,1. Nf3 c6 2. c4 d6 3. d4 Nf6 4. Nc3 g6 5. g3 Bg7 6. Bg2 e5 7. O-O exd4 8. Qxd4 O-O 9. Rd1 Re8 10. Qxd6 Qxd6 11. Rxd6 Bf5 12. Nh4 Bg4 13. f3 Be6 14. b3 Ne4 15. Nxe4 Bxa1 16. Bg5 Nd7 17. Bh6 Bg7 18. Be3 Rad8 19. Bg5 f6 20. Be3 g5 21. Nxg5 fxg5 22. Bxg5 Rc8 23. f4 Bf7 24. e4 Nc5 25. e5 Ne6 26. Bf6 Bf8 27. Rd1 Be7 28. Rf1 Bxf6 29. exf6 Red8 30. Nf5 Nd4 31. Nh6+ Kf8 32. g4 Ne6 33. g5 Nd4 34. f5 Re8 35. Kh1 Ne2 36. Nxf7 Kxf7 37. g6+ Kxf6 38. g7 Kxg7 39. Bf3 Kf6 40. Bxe2 Rxe2 0-1,2665.5
 Bullet tournament ,darkghoul,gnejs,0-1,2016.07.25,21:17:45,2755,2645,-20.0,19.0,B01,Scandinavian Defense,30+0,Normal,1. e4 d5 2. Nc3 dxe4 3. h3 Nf6 4. Qe2 Bf5 5. g4 Bg6 6. Bg2 Nc6 7. Nxe4 e5 8. Nxf6+ gxf6 9. d3 Nd4 10. Qd1 c6 11. Ne2 Ne6 12. Be3 h5 13. Ng3 hxg4 14. hxg4 Rxh1+ 15. Bxh1 Qa5+ 16. Qd2 Qxd2+ 17. Kxd2 O-O-O 18. Nf5 Nc7 19. Be4 Nd5 20. Rh1 Bb4+ 21. Ke2 Ba5 22. a3 Bb6 23. Kf3 Kd7 24. Nh4 Bxe4+ 25. dxe4 Nxe3 26. fxe3 Ke6 27. Nf5 Rd2 28. Rh8 Rxc2 29. Re8+ Kd7 30. Re7+ Kd8 31. Rxf7 Rxb2 32. Rxf6 Rb3 33. Rd6+ Kc7 34. Re6 Rxa3 35. Re7+ Kd8 36. Rxe5 a5 37. Re6 Kc7 38. Rd6 a4 39. Re6 Kb8 40. Re7 Ka7 41. Re8 Rb3 42. Nd6 a3 43. Nc8+ Ka6 44. Rh8 Rxe3+ 45. Kf4 Rb3 46. Rh1 a2 47. Rb1 Ra3 48. Ra1 Bd4 49. Rxa2 Rxa2 50. e5 Rf2+ 51. Ke4 Bxe5 52. Kxe5 Rg2 53. Kd6 Rxg4 54. Ne7 Rg6+ 55. Kc7 Rg7 56. Kd6 Rxe7 57. Kxe7 c5 58. Kd6 c4 59. Ke5 c3 60. Kd4 c2 61. Kc3 c1=Q+ 62. Kd3 Qc6 63. Kd4 b5 64. Ke5 b4 65. Kd4 b3 66. Ke5 b2 67. Kf5 b1=Q+ 68. Kf4 Qb4+ 69. Kg5 Qcc5+ 70. Kg6 Qbb6+ 71. Kf7 Qcc7+ 72. Ke8 Qbb8# 0-1,2700.0
 Bullet tournament ,darkghoul,AstanehChess,0-1,2016.07.25,21:28:00,2726,2642,-18.0,20.0,A00,Hungarian Opening: Slav Formation,30+0,Normal,1. g3 c6 2. Bg2 d5 3. Nf3 Nf6 4. O-O g6 5. d3 Bg7 6. c3 O-O 7. Nbd2 Re8 8. e4 e5 9. Re1 dxe4 10. dxe4 Nbd7 11. h3 Qc7 12. Qe2 Nc5 13. b4 b6 14. bxc5 bxc5 15. Qe3 Bf8 16. Nc4 Ba6 17. Bf1 Bb5 18. a4 Ba6 19. Nb2 Bxf1 20. Kxf1 Rad8 21. Kg2 Nd7 22. Nc4 Nb6 23. Ncd2 c4 24. a5 Rd3 25. axb6 axb6 26. Qe2 b5 27. Nb1 c5 28. Rd1 Red8 29. Re1 Qc6 30. Bg5 f6 31. Bc1 b4 32. Nfd2 Qb5 33. Na3 bxa3 34. Bxa3 Rxc3 35. Rab1 Qa4 36. Bb2 Rc2 37. Qe3 Rdxd2 38. Rf1 Re2 39. Rbc1 Rxe3 40. Rxc2 Qxc2 41. Bc1 Qxe4+ 42. Kg1 Re2 43. Be3 Qf3 44. Rc1 h5 45. Rxc4 h4 46. Rxh4 Re1+ 47. Kh2 Rh1# 0-1,2684.0
 Bullet tournament ,AstanehChess,darkghoul,0-1,2016.07.25,21:30:44,2672,2710,-14.0,13.0,A41,Queen's Pawn,30+0,Normal,1. d4 d6 2. Nf3 c6 3. e4 Nd7 4. Nc3 g6 5. Bc4 Bg7 6. Ng5 e6 7. f4 d5 8. Bb3 h6 9. Nf3 dxe4 10. Nxe4 Ndf6 11. Nxf6+ Nxf6 12. c3 O-O 13. O-O c5 14. Ne5 cxd4 15. cxd4 b6 16. Be3 Bb7 17. Qe2 Rc8 18. Rad1 Bd5 19. Qd3 Bxb3 20. Qxb3 Qd5 21. Qxd5 Nxd5 22. Bd2 Rc2 23. Bc1 Rfc8 24. Nf3 a5 25. Rfe1 a4 26. a3 b5 27. Rf1 Nb6 28. Rfe1 Nc4 29. d5 exd5 30. Rxd5 Bxb2 31. Bxb2 Rxb2 32. Ne5 Nxa3 33. Rd8+ Rxd8 0-1,2691.0
 Bullet tournament ,gnejs,darkghoul,1-0,2016.07.25,21:35:28,2599,2703,18.0,-19.0,A04,Zukertort Opening: Pirc Invitation,30+0,Normal,1. Nf3 d6 2. e4 c6 3. Nc3 g6 4. d4 h6 5. h3 Bg7 6. Be2 Nd7 7. Be3 Qc7 8. Qd2 Ngf6 9. a4 a5 10. Bd3 e5 11. Ne2 Nh5 12. g4 Nf4 13. Nxf4 exf4 14. Bxf4 Qb6 15. c3 c5 16. O-O h5 17. Bb5 hxg4 18. hxg4 O-O 19. Bh6 Nf6 20. Bxg7 Kxg7 21. Qf4 Nxg4 22. e5 dxe5 23. dxe5 Qd8 24. Ng5 Qe7 25. Rae1 Bf5 26. f3 Nh6 27. Kg2 Rad8 28. Rh1 Rd5 29. Ne6+ fxe6 30. Qxh6+ Kf7 31. Re2 Rg8 32. Qh7+ Rg7 33. Qh8 Qg5+ 34. Kf2 Rxe5 35. Rxe5 Kf6 36. Re2 Qf4 37. Qd8+ Re7 38. Rh8 Kg5 39. Qxe7# 1-0,2651.0
 Bullet tournament ,gnejs,darkghoul,1-0,2016.07.25,22:52:32,2662,2655,12.0,-15.0,A00,Van't Kruijs Opening,30+0,Normal,1. e3 d6 2. Nc3 c6 3. Nf3 g6 4. d4 Bg7 5. e4 Nf6 6. Be3 O-O 7. h3 Nbd7 8. Qd2 Qc7 9. Bd3 Re8 10. O-O b5 11. Ne2 a6 12. a4 Bb7 13. Ng3 e5 14. c3 Nb6 15. a5 Nbd7 16. b4 c5 17. bxc5 dxc5 18. d5 c4 19. Bc2 Rac8 20. d6 Qb8 21. Bh6 Rc6 22. Bxg7 Kxg7 23. Rad1 Re6 24. Qg5 Kh8 25. Qh6 Ng8 26. Qh4 f6 27. Qg4 Rexd6 28. h4 Qc7 29. h5 Ne7 30. hxg6 hxg6 31. Nh4 Kg7 32. Ngf5+ Nxf5 33. Nxf5+ Kf7 34. Nxd6+ Rxd6 35. Rxd6 Qxd6 36. Rd1 Qe6 37. Rxd7+ Qxd7 38. Qxd7+ Kf8 39. Qxb7 1-0,2658.5
 Blitz tournament ,Farmville,Chess-Network,1-0,2016.07.27,06:00:48,2679,2629,12.0,-16.0,B16,Caro-Kann Defense: Bronstein-Larsen Variation,180+0,Normal,1. e4 { [%eval 0.22] } 1... c6 { [%eval 0.47] } 2. d4 { [%eval 0.43] } 2... d5 { [%eval 0.46] } 3. Nc3 { [%eval 0.43] } 3... dxe4 { [%eval 0.37] } 4. Nxe4 { [%eval 0.43] } 4... Nf6 { [%eval 0.46] } 5. Nxf6+ { [%eval 0.47] } 5... gxf6 { [%eval 0.8] } 6. Qd3 { [%eval 0.38] } 6... Qd5 { [%eval 0.72] } 7. c4 { [%eval 0.7] } 7... Qa5+ { [%eval 1.06] } 8. Bd2 { [%eval 0.87] } 8... Qf5 { [%eval 0.86] } 9. O-O-O { [%eval 0.72] } 9... Qxd3 { [%eval 0.76] } 10. Bxd3 { [%eval 0.77] } 10... Bg4 { [%eval 0.87] } 11. Re1 { [%eval 0.77] } 11... Bh5 { [%eval 0.99] } 12. f4 { [%eval 0.8] } 12... Rg8 { [%eval 0.72] } 13. Ne2 { [%eval 0.41] } 13... Rxg2 { [%eval 0.45] } 14. Ng3 { [%eval 0.48] } 14... Bg4?! { [%eval 1.43] } 15. Be4 { [%eval 1.62] } 15... Rf2 { [%eval 1.75] } 16. Be3 { [%eval 1.54] } 16... Rf3 { [%eval 1.54] } 17. Bxf3 { [%eval 1.45] } 17... Bxf3 { [%eval 1.42] } 18. Rhg1 { [%eval 1.44] } 18... Nd7?! { [%eval 2.34] } 19. h3 { [%eval 2.29] } 19... f5 { [%eval 2.03] } 20. Nxf5 { [%eval 1.75] } 20... e6? { [%eval 3.34] } 21. Ng3 { [%eval 3.26] } 21... f5 { [%eval 3.48] } 22. Bd2 { [%eval 3.47] } 22... Kf7 { [%eval 3.52] } 23. Re3 { [%eval 3.41] } 23... Be4 { [%eval 3.54] } 24. Nxe4 { [%eval 3.46] } 24... fxe4 { [%eval 3.39] } 25. Rxe4 { [%eval 3.55] } 25... Nf6 { [%eval 3.32] } 26. Re2 { [%eval 3.28] } 26... Rd8 { [%eval 2.97] } 27. Bc3 { [%eval 2.91] } 27... Bh6?! { [%eval 3.63] } 28. Rf1 { [%eval 3.17] } 28... Nh5 { [%eval 2.96] } 29. Rf3 { [%eval 2.92] } 29... Ng7 { [%eval 2.97] } 30. Kc2?! { [%eval 2.39] } 30... Nf5 { [%eval 2.36] } 31. Re4 { [%eval 2.2] } 31... a6 { [%eval 2.56] } 32. Rf2 { [%eval 2.25] } 32... b5 { [%eval 2.26] } 33. b3 { [%eval 2.15] } 33... bxc4 { [%eval 2.54] } 34. bxc4 { [%eval 2.53] } 34... Rd6? { [%eval 3.62] } 35. Rd2?! { [%eval 3.06] } 35... Rd7 { [%eval 3.1] } 36. Rd1 { [%eval 2.94] } 36... Rd8? { [%eval 4.32] } 37. Rb1 { [%eval 4.24] } 37... Rg8?? { [%eval 8.17] } 38. Rb7+ { [%eval 7.87] } 38... Kf6? { [%eval 11.1] } 39. Rxh7?? { [%eval 4.82] } 39... Rg2+? { [%eval 6.88] } 40. Kb3 { [%eval 6.25] } 40... Kg6? { [%eval 7.27] } 41. Rc7 { [%eval 6.93] } 41... Bf8?? { [%eval 14.86] } 42. Rxe6+ { [%eval 14.44] } 42... Kh5 { [%eval 13.86] } 43. Rh7+ { [%eval 11.97] } 43... Nh6 { [%eval 13.91] } 44. d5 { [%eval 13.33] } 44... cxd5 { [%eval 11.23] } 45. Rf6 { [%eval 10.46] } 45... Rg3 { [%eval 48.5] } 46. Rxf8 { [%eval 18.12] } 46... Kg6?! { [%eval #6] } 47. Rg7+ { [%eval #5] } 1-0,2654.0
 Blitz ,jitanu76,Moro182,1-0,2016.07.28,13:08:39,2753,2660,8.0,-9.0,D46,Semi-Slav Defense: Main Line,180+1,Normal,1. d4 d5 2. c4 e6 3. Nf3 Nf6 4. Nc3 c6 5. e3 Nbd7 6. Bd3 a6 7. O-O dxc4 8. Bxc4 b5 9. Be2 c5 10. Ne5 Bb7 11. Bf3 Qb6 12. a4 Rb8 13. axb5 axb5 14. Nxd7 Nxd7 15. d5 e5 16. b3 Bd6 17. Be2 b4 18. Nb5 O-O 19. Nxd6 Qxd6 20. e4 Ra8 21. Bb2 Nb6 22. Qd2 Rxa1 23. Rxa1 Ra8 24. Rxa8+ Bxa8 25. g3 f5 26. Qg5 g6 27. exf5 Qxd5 28. f3 e4 29. Qf6 Qd7 30. fxg6 hxg6 31. Qxg6+ Kf8 32. Be5 Nc8 33. fxe4 Qd2 34. Qf6+ Ke8 35. Bb5+ 1-0,2706.5
 Blitz ,Moro182,jitanu76,1-0,2016.07.28,13:14:16,2651,2761,16.0,-15.0,D39,"Queen's Gambit Declined: Ragozin Defense, Vienna Variation",180+1,Normal,1. d4 Nf6 2. c4 e6 3. Nf3 d5 4. Nc3 Bb4 5. Bg5 dxc4 6. e4 h6 7. Bxf6 Qxf6 8. Bxc4 c5 9. e5 Qd8 10. O-O cxd4 11. Nxd4 O-O 12. Ne4 Nd7 13. f4 Nc5 14. Nd6 Nd7 15. Nxe6 Qb6+ 16. Kh1 Bxd6 17. Nxf8 Bxf8 18. Qd5 Qe6 19. Qxe6 fxe6 20. Bxe6+ Kh7 21. Rac1 Nb6 22. Bxc8 Nxc8 23. Rc7 Rb8 24. f5 Nb6 25. Rd1 Kg8 26. e6 Na8 27. Rcd7 Nb6 28. Rd8 1-0,2706.0
 Blitz ,jeffforever,jitanu76,0-1,2016.07.28,13:18:56,2574,2746,-7.0,7.0,C41,Philidor Defense: Exchange Variation,180+1,Normal,1. e4 e5 2. Nf3 d6 3. d4 exd4 4. Nxd4 Nf6 5. Nc3 Be7 6. Qf3 O-O 7. Nf5 Bxf5 8. Qxf5 Nbd7 9. Bd3 c6 10. O-O Nc5 11. Be3 Qc8 12. Qxc8 Raxc8 13. Bxc5 dxc5 14. e5 Nd5 15. Ne2 Rfe8 16. f4 c4 17. Be4 Bc5+ 18. Kh1 Ne3 19. Rfc1 Rcd8 20. Ng3 Ng4 21. h3 Nf2+ 22. Kh2 Be3 23. Rf1 g6 24. Rae1 Bb6 25. Re2 Nd1 26. c3 h5 27. h4 Ne3 28. Rc1 Ng4+ 29. Kh3 Kg7 30. Bf3 Nf2+ 31. Kh2 Nd3 32. Rf1 Nxf4 33. Re4 Nd3 34. Bxh5 Rxe5 35. Rxe5 Nxe5 36. Bf3 Bc7 37. Kh3 Rd2 38. Rb1 Nxf3 39. gxf3 Rf2 40. b3 0-1,2660.0
 Blitz ,jitanu76,jeffforever,1-0,2016.07.28,13:24:55,2753,2567,6.0,-6.0,A50,Indian Game: Pyrenees Gambit,180+1,Normal,1. d4 Nf6 2. c4 b5 3. cxb5 a6 4. e3 e6 5. Nf3 Be7 6. Nc3 O-O 7. bxa6 Bxa6 8. Bxa6 Rxa6 9. O-O d5 10. Bd2 c5 11. dxc5 Bxc5 12. a3 Bd6 13. b4 Qe7 14. b5 Rxa3 15. Rxa3 Bxa3 16. Qb3 Nbd7 17. Nd4 Bc5 18. Nc6 Qd6 19. Na4 Ne4 20. Ba5 Nb8 21. Nxc5 Nxc5 22. Bb4 Nxc6 23. bxc6 Nxb3 24. Bxd6 Rc8 25. c7 Nd2 26. Rd1 Nc4 27. Bg3 Kf8 28. e4 Nb6 29. Rb1 Ra8 30. Kf1 1-0,2660.0
 Blitz ,Predo63,jitanu76,0-1,2016.07.28,14:37:38,2595,2759,-7.0,6.0,A45,Trompowsky Attack,180+1,Normal,1. d4 Nf6 2. Bg5 d5 3. e3 c5 4. c3 Nc6 5. Nd2 Qb6 6. Qb3 c4 7. Qxb6 axb6 8. a3 b5 9. Rc1 Nd7 10. Be2 Nb6 11. Bd1 Bf5 12. Ngf3 e6 13. O-O Na4 14. Bxa4 bxa4 15. Ne1 Ra5 16. Nc2 h5 17. h3 f6 18. Bf4 g5 19. Bc7 Rb5 20. Nb4 Kd7 21. Bh2 Bxb4 22. cxb4 Bd3 23. Rfe1 f5 24. Be5 Nxe5 25. dxe5 g4 26. f4 Rb6 27. Kf2 Rc6 28. h4 Rd8 29. Nf1 Ke7 30. Ng3 d4 31. Nxh5 c3 32. bxc3 dxc3 33. Nf6 c2 34. e4 Rc3 35. exf5 exf5 36. h5 Rxa3 37. h6 Rb3 38. h7 Rh8 39. Re3 Rb1 40. Rxd3 Rxc1 41. Rd7+ Ke6 42. Rd6+ Kf7 43. Rd7+ Kg6 44. Rc7 a3 45. Kg3 a2 46. Nxg4 Rxh7 47. Rc8 fxg4 48. Kxg4 a1=Q 49. Rf8 Rf1 0-1,2677.0
 Blitz ,jitanu76,Predo63,1-0,2016.07.28,14:43:32,2765,2588,7.0,-5.0,D12,"Slav Defense: Quiet Variation, Schallopp Defense",180+1,Normal,1. d4 d5 2. Nf3 c6 3. c4 Nf6 4. e3 Bf5 5. Nc3 e6 6. Nh4 Bg6 7. Nxg6 hxg6 8. Bd3 Nbd7 9. O-O Bd6 10. h3 O-O 11. Qc2 Re8 12. Rd1 Rc8 13. Bf1 Bb8 14. b3 Qc7 15. g3 Nh5 16. Bg2 Ndf6 17. Bb2 Nxg3 18. fxg3 Qxg3 19. Qf2 Qh2+ 20. Kf1 Nh5 21. Ke2 dxc4 22. bxc4 e5 23. d5 cxd5 24. Bxd5 Qxh3 25. Qxf7+ Kh7 26. Rh1 Qg4+ 27. Qf3 Qg5 28. Ne4 Qh6 29. Rag1 1-0,2676.5
 Blitz ,Predo63,jitanu76,0-1,2016.07.28,14:46:56,2583,2772,-6.0,6.0,A45,Trompowsky Attack,180+1,Normal,1. d4 Nf6 2. Bg5 Ne4 3. Bf4 d5 4. Nd2 Bf5 5. e3 e6 6. Nxe4 Bxe4 7. Nf3 Bd6 8. Bxd6 cxd6 9. Bd3 O-O 10. O-O Qb6 11. b3 Nc6 12. Nd2 Bxd3 13. cxd3 Nb4 14. Qe2 Rfc8 15. a3 Nc2 16. Ra2 Rc7 17. g3 Rac8 18. Rb1 h6 19. h4 Qa6 20. Kg2 Nb4 21. Nc4 Nxa2 22. Qxa2 0-1,2677.5
 Blitz ,jitanu76,Predo63,1-0,2016.07.28,14:48:54,2778,2577,5.0,-5.0,D12,"Slav Defense: Quiet Variation, Schallopp Defense",180+1,Normal,1. d4 d5 2. Nf3 Nf6 3. c4 c6 4. e3 Bf5 5. Nc3 e6 6. Nh4 Bg6 7. Nxg6 hxg6 8. Bd3 Nbd7 9. O-O Bd6 10. h3 Rc8 11. Qc2 Bb8 12. b3 Qc7 13. f4 Qd8 14. c5 b5 15. b4 a5 16. bxa5 Qxa5 17. Bd2 Qc7 18. a4 bxa4 19. Qxa4 O-O 20. Qa5 Qxa5 21. Rxa5 Bc7 22. Ra6 Nb8 23. Ra7 Bd8 24. Rb1 Nfd7 25. Rbb7 Nf6 26. Na4 Ne4 27. Bxe4 dxe4 28. Nb6 Bxb6 29. cxb6 c5 30. Rc7 cxd4 31. Rxc8 Rxc8 32. Rc7 Rd8 33. b7 Kf8 34. Bb4+ Ke8 35. Re7+ Kf8 36. exd4 Nc6 37. Rc7+ Nxb4 38. Rc8 1-0,2677.5
 Bullet ,smurfing,SexyChessMen,1-0,2016.07.29,03:25:25,2743,2634,13.0,-10.0,A49,East Indian Defense,60+0,Normal,1. d4 Nf6 2. Nf3 g6 3. c3 Bg7 4. Bf4 O-O 5. h3 d6 6. e3 c5 7. Bh2 Nc6 8. Nbd2 cxd4 9. cxd4 e5 10. Be2 exd4 11. exd4 Nd5 12. O-O Re8 13. Re1 Nxd4 14. Nxd4 Bxd4 15. Nf3 Bxf2+ 16. Kxf2 Ne3 17. Qd4 Nc2 18. Qxd6 Qxd6 19. Bxd6 Nxa1 20. Rxa1 Be6 21. a3 Rad8 22. Bb4 Bd5 23. Bc3 Bc6 24. Nd4 Rd6 25. Nxc6 Rxc6 26. Bb5 Rxc3 27. bxc3 Rc8 28. Rc1 a6 29. Bd3 b5 30. c4 Rd8 31. Rc3 bxc4 32. Bxc4 Rd2+ 33. Kf3 a5 34. g3 Kg7 35. a4 f5 36. Rd3 Rb2 37. Rd7+ Kf6 38. Rxh7 Rb4 39. Bb5 Rb3+ 40. Kf2 Rb2+ 41. Be2 Ra2 42. Ra7 Rxa4 43. g4 fxg4 44. hxg4 Kg5 45. Ra6 Ra3 46. Bf3 Kf4 47. Rf6+ Kg5 48. Ra6 Kf4 49. Be2 Kg5 50. Rb6 a4 51. Rb5+ Kh4 52. Rb6 g5 53. Rh6# 1-0,2688.5
 Bullet ,smurfing,SexyChessMen,1/2-1/2,2016.07.29,03:30:08,2767,2615,-7.0,6.0,A48,London System,60+0,Normal,1. d4 Nf6 2. Nf3 g6 3. Bf4 Bg7 4. h3 O-O 5. Bh2 d6 6. e3 c5 7. c3 Nc6 8. dxc5 dxc5 9. Qxd8 Rxd8 10. Nbd2 e5 11. Nxe5 Nxe5 12. Bxe5 Rxd2 13. Bxf6 Rxb2 14. Bxg7 Kxg7 15. Bc4 b5 16. Bd5 Rb8 17. O-O Be6 18. Bxe6 fxe6 19. Rfb1 Rc2 20. Rc1 Rxc1+ 21. Rxc1 Rd8 22. Rb1 a6 23. a4 bxa4 24. Ra1 Rd3 25. Rxa4 Rxc3 26. Rxa6 Kf6 27. Rc6 Rc1+ 28. Kh2 h5 29. Kg3 Kf5 30. Kf3 c4 31. g4+ hxg4+ 32. hxg4+ Ke5 33. Ke2 c3 34. Kd3 Rd1+ 35. Ke2 Rc1 36. Rc8 Kf6 37. Kd3 Rf1 38. Ke2 Rc1 39. f4 g5 40. Rc6 gxf4 41. exf4 Rg1 42. g5+ Kf5 43. Kf3 Rf1+ 44. Ke3 Rxf4 45. Rc5+ e5 46. Rxc3 Kxg5 47. Rc5 Kf5 48. Rc8 Rh4 49. Rf8+ Ke6 50. Ra8 Rh3+ 51. Ke4 Rh4+ 52. Ke3 Rd4 53. Ra6+ Rd6 54. Rxd6+ Kxd6 55. Ke4 Ke6 56. Ke3 Kd5 57. Kd3 e4+ 58. Ke3 Ke5 59. Ke2 1/2-1/2,2691.0
 Bullet ,SexyChessMen,smurfing,0-1,2016.07.29,03:32:16,2621,2760,-9.0,11.0,A31,"English Opening: Symmetrical Variation, Anti-Benoni Variation",60+0,Normal,1. d4 { [%eval 0.2] } 1... Nf6 { [%eval 0.21] } 2. c4 { [%eval 0.19] } 2... c5 { [%eval 0.49] } 3. Nf3 { [%eval 0.06] } 3... cxd4 { [%eval 0.18] } 4. Nxd4 { [%eval 0.11] } 4... b6 { [%eval 0.29] } 5. Nc3 { [%eval 0.22] } 5... Bb7 { [%eval 0.15] } 6. f3 { [%eval 0.15] } 6... e6 { [%eval 0.3] } 7. e4 { [%eval 0.13] } 7... d6 { [%eval 0.47] } 8. Be3 { [%eval 0.48] } 8... a6 { [%eval 0.46] } 9. Be2 { [%eval 0.49] } 9... Nbd7 { [%eval 0.52] } 10. O-O { [%eval 0.54] } 10... Be7 { [%eval 0.59] } 11. Qd2 { [%eval 0.58] } 11... O-O { [%eval 0.6] } 12. Rfd1 { [%eval 0.63] } 12... Qc7 { [%eval 0.62] } 13. Bf1 { [%eval 0.56] } 13... Rfe8 { [%eval 0.55] } 14. Rac1 { [%eval 0.55] } 14... Rac8 { [%eval 0.55] } 15. Kh1 { [%eval 0.46] } 15... Qb8 { [%eval 0.49] } 16. Qf2 { [%eval 0.38] } 16... Ne5 { [%eval 0.43] } 17. b3 { [%eval 0.43] } 17... Ned7 { [%eval 0.53] } 18. Na4 { [%eval 0.52] } 18... Bd8 { [%eval 0.5] } 19. Nc2 { [%eval 0.5] } 19... Bc6 { [%eval 0.44] } 20. Nc3 { [%eval 0.43] } 20... Bc7 { [%eval 0.48] } 21. Nb4 { [%eval 0.35] } 21... Bb7 { [%eval 0.36] } 22. Nd3 { [%eval 0.0] } 22... d5 { [%eval -0.27] } 23. cxd5 { [%eval -0.18] } 23... Bxh2 { [%eval 0.24] } 24. dxe6 { [%eval 0.12] } 24... Rxe6 { [%eval 0.31] } 25. f4?? { [%eval -5.09] } 25... Ng4 { [%eval -5.1] } 26. Qf3 { [%eval -5.18] } 26... Nxe3? { [%eval -3.85] } 27. Qxe3 { [%eval -3.88] } 27... Rh6 { [%eval -3.39] } 0-1,2690.5
 Blitz ,Moro182,Yolo_Gaming,1/2-1/2,2016.07.29,09:37:16,2662,2655,0.0,0.0,E57,"Nimzo-Indian Defense: Normal Variation, Bernstein Defense, Exchange Line",180+0,Normal,1. d4 { [%eval 0.21] } 1... Nf6 { [%eval 0.17] } 2. c4 { [%eval 0.13] } 2... e6 { [%eval 0.16] } 3. Nc3 { [%eval 0.2] } 3... Bb4 { [%eval 0.17] } 4. e3 { [%eval 0.15] } 4... O-O { [%eval 0.18] } 5. Bd3 { [%eval 0.13] } 5... d5 { [%eval 0.13] } 6. Nf3 { [%eval 0.13] } 6... c5 { [%eval 0.19] } 7. O-O { [%eval 0.21] } 7... Nc6 { [%eval 0.17] } 8. a3 { [%eval 0.03] } 8... Bxc3 { [%eval 0.01] } 9. bxc3 { [%eval 0.07] } 9... b6 { [%eval 0.02] } 10. cxd5 { [%eval 0.04] } 10... exd5 { [%eval 0.01] } 11. a4 { [%eval -0.22] } 11... Re8 { [%eval -0.05] } 12. Ba3 { [%eval -0.13] } 12... c4 { [%eval -0.19] } 13. Bc2 { [%eval -0.13] } 13... Ne4 { [%eval -0.2] } 14. Bb2 { [%eval -0.55] } 14... Re6 { [%eval -0.39] } 15. Nd2 { [%eval -0.29] } 15... Rh6 { [%eval -0.47] } 16. Nxe4 { [%eval -0.43] } 16... dxe4 { [%eval 0.0] } 17. g3 { [%eval 0.0] } 17... Qd7 { [%eval 0.02] } 18. f4 { [%eval 0.0] } 18... Qh3 { [%eval 0.12] } 19. Qe2 { [%eval -0.36] } 19... Bg4 { [%eval -0.37] } 20. Qg2? { [%eval -1.7] } 20... Qxg2+ { [%eval -1.77] } 21. Kxg2 { [%eval -1.58] } 21... Bh3+ { [%eval -1.36] } 22. Kg1 { [%eval -1.38] } 22... Bxf1 { [%eval -1.39] } 23. Rxf1 { [%eval -1.59] } 23... Re8?! { [%eval -0.86] } 24. Ba3 { [%eval -1.27] } 24... Na5 { [%eval -1.02] } 25. Rb1 { [%eval -1.31] } 25... Rc6?! { [%eval -0.66] } 26. Kf2 { [%eval -1.03] } 26... f6 { [%eval -0.76] } 27. Rb5 { [%eval -0.77] } 27... Kf7?! { [%eval -0.23] } 28. g4?! { [%eval -0.74] } 28... g6 { [%eval -0.62] } 29. Kg3 { [%eval -0.63] } 29... a6 { [%eval -0.22] } 30. Rb1 { [%eval -0.54] } 30... f5 { [%eval -0.29] } 31. Bb4? { [%eval -1.51] } 31... Nb7 { [%eval -1.34] } 32. g5 { [%eval -1.74] } 32... Ke6 { [%eval -1.7] } 33. h4 { [%eval -1.87] } 33... Kd5 { [%eval -1.56] } 34. Ba3 { [%eval -1.59] } 34... Na5 { [%eval -1.59] } 35. h5 { [%eval -1.59] } 35... Nb3 { [%eval -1.6] } 36. hxg6 { [%eval -2.07] } 36... hxg6 { [%eval -2.0] } 37. Rh1 { [%eval -1.85] } 37... Rc7 { [%eval -1.85] } 38. Rh6 { [%eval -2.29] } 38... Rg8 { [%eval -2.28] } 39. Bb4?! { [%eval -2.94] } 39... a5? { [%eval -1.77] } 40. Ba3 { [%eval -1.7] } 40... Kc6 { [%eval -1.63] } 41. Bd1 { [%eval -1.63] } 41... b5 { [%eval -1.63] } 42. Bh5 { [%eval -2.08] } 42... b4 { [%eval -1.87] } 43. Bb2? { [%eval -3.56] } 43... Rcg7 { [%eval -3.03] } 44. Kf2? { [%eval -4.05] } 44... Kd5 { [%eval -3.08] } 45. Be2? { [%eval -4.39] } 45... Nd2 { [%eval -3.81] } 46. Ke1? { [%eval -5.15] } 46... Nb1 { [%eval -4.81] } 47. cxb4?! { [%eval -5.77] } 47... axb4 { [%eval -6.12] } 48. Kd1 { [%eval -6.1] } 48... c3 { [%eval -5.92] } 49. Kc2 { [%eval -5.71] } 49... Nd2 { [%eval -5.56] } 50. Bxc3 { [%eval -5.31] } 50... bxc3 { [%eval -5.2] } 51. Kxc3 { [%eval -4.91] } 51... Nf3? { [%eval -2.24] } 52. Bc4+ { [%eval -2.35] } 52... Kc6 { [%eval -2.32] } 53. Bxg8 { [%eval -2.24] } 53... Rxg8 { [%eval -2.09] } 54. Kc4? { [%eval -3.65] } 54... Nd2+ { [%eval -3.33] } 55. Kb4 { [%eval -3.35] } 55... Nf3? { [%eval -2.0] } 56. a5 { [%eval -2.08] } 56... Nd2 { [%eval -2.08] } 57. Rh1? { [%eval -3.11] } 57... Rb8+ { [%eval -2.79] } 58. Ka4? { [%eval -4.44] } 58... Nc4 { [%eval -4.06] } 59. Rc1? { [%eval -5.38] } 59... Kd5 { [%eval -4.94] } 60. a6?! { [%eval -5.46] } 60... Nb2+? { [%eval -4.17] } 61. Ka5 { [%eval -4.01] } 61... Nc4+ { [%eval -3.7] } 62. Ka4? { [%eval -5.19] } 62... Nb2+?? { [%eval 0.0] } 63. Ka5 { [%eval -0.18] } 1/2-1/2,2658.5
 Blitz ,KillerBateman,Wieczoorxd,0-1,2016.07.29,22:47:11,2573,2740,-6.0,7.0,B20,Sicilian Defense,180+0,Normal,1. e4 c5 2. Be2 d6 3. f4 Nc6 4. Nf3 g6 5. d3 Bg7 6. O-O e6 7. c3 Nge7 8. Be3 O-O 9. d4 cxd4 10. cxd4 d5 11. e5 b6 12. Nc3 Bb7 13. Qd2 Rc8 14. Rac1 Na5 15. b3 Nf5 16. Bf2 h5 17. g3 Qd7 18. Kg2 Rfd8 19. h3 Nh6 20. Nb5 Bc6 21. Nd6 Rc7 22. b4 Nb7 23. Nxb7 Bxb7 24. Rxc7 Qxc7 25. Rc1 Qd7 26. b5 Rc8 27. Rc2 Rxc2 28. Qxc2 Qc8 29. Qxc8+ Bxc8 30. a4 Nf5 31. g4 hxg4 32. hxg4 Nh6 33. Kg3 Bf8 34. Be1 Kg7 35. Bd3 Ng8 36. a5 Be7 37. a6 Bd8 38. Bb4 Ne7 39. Ne1 Bd7 40. Nc2 Nc8 41. Bd2 Ne7 42. Nb4 Bc7 43. Nc2 Kf8 44. Ne3 Ke8 45. Kh4 Bd8 46. Kg3 Bc7 47. Bc3 Bd8 48. Kf3 Bc7 49. Be1 Bd8 50. Bh4 Bc7 51. Bxe7 Kxe7 52. f5 gxf5 53. gxf5 Be8 54. f6+ Kf8 55. Kg4 Bd8 56. Kg5 Bd7 57. Kh6 Bc7 58. Kg5 Be8 59. Ng4 Bd7 60. Kf4 Be8 61. Ke3 Bd7 62. Kd2 Be8 63. Kc3 Bd7 64. Kb4 Be8 65. Nh6 Bd8 66. Be2 Bc7 67. Bh5 Bd8 68. Bf3 Bc7 69. Ng4 Bd8 70. Ne3 Bc7 71. Bxd5 exd5 72. Nxd5 Bd8 73. Nf4 Bd7 74. d5 Ke8 75. e6 Bc8 76. Kc4 Bxf6 77. d6 Bxe6+ 78. Nxe6 fxe6 0-1,2656.5
 Blitz ,Wieczoorxd,KillerBateman,0-1,2016.07.29,22:52:29,2747,2567,-18.0,16.0,B32,Sicilian Defense: Godiva Variation,180+0,Normal,1. e4 c5 2. Nf3 Nc6 3. d4 cxd4 4. Nxd4 Qb6 5. Nb3 Nf6 6. Nc3 e6 7. Bd3 d6 8. Qe2 a6 9. O-O Qc7 10. Be3 Be7 11. f4 O-O 12. Rad1 b5 13. Qf3 Bb7 14. Qh3 Nb4 15. e5 dxe5 16. fxe5 Qxe5 17. Bf4 Qh5 18. Qxh5 Nxh5 19. Be3 Nf6 20. Na5 Bd5 21. a3 Nxd3 22. Rxd3 Rfd8 23. Bd4 Ne4 24. Nxd5 Rxd5 25. Nc6 Bf8 26. Rf4 Nc5 27. Rg3 g6 28. Rgf3 f5 29. g4 Rc8 30. gxf5 exf5 31. Nb4 Rd7 32. h4 Ne6 0-1,2657.0
 Bullet tournament ,Lance5500,JustPatzer,0-1,2016.07.31,16:00:02,2739,2587,-26.0,22.0,D80,Gruenfeld Defense: Stockholm Variation,60+0,Normal,1. d4 { [%eval 0.11] } 1... Nf6 { [%eval 0.14] } 2. c4 { [%eval 0.25] } 2... g6 { [%eval 0.44] } 3. Nc3 { [%eval 0.36] } 3... d5 { [%eval 0.39] } 4. Bg5 { [%eval 0.28] } 4... Bg7 { [%eval 0.41] } 5. Bxf6 { [%eval 0.15] } 5... Bxf6 { [%eval 0.2] } 6. cxd5 { [%eval 0.11] } 6... c6 { [%eval 0.27] } 7. e3 { [%eval -0.01] } 7... cxd5 { [%eval -0.06] } 8. Bb5+ { [%eval -0.02] } 8... Kf8 { [%eval -0.02] } 9. Nge2 { [%eval -0.03] } 9... Kg7 { [%eval -0.06] } 10. O-O { [%eval -0.13] } 10... Bg4?! { [%eval 0.5] } 11. h3?! { [%eval -0.09] } 11... Bf5?! { [%eval 0.87] } 12. Bd3?! { [%eval -0.08] } 12... Bxd3 { [%eval -0.04] } 13. Qxd3 { [%eval -0.07] } 13... Qd7 { [%eval 0.13] } 14. Rfc1 { [%eval -0.12] } 14... Nc6 { [%eval -0.06] } 15. Qb5 { [%eval 0.03] } 15... e6 { [%eval 0.04] } 16. Na4 { [%eval 0.0] } 16... Ne5? { [%eval 1.19] } 17. Qxd7 { [%eval 1.2] } 17... Nxd7 { [%eval 1.12] } 18. Rc7 { [%eval 1.11] } 18... Rhd8 { [%eval 1.58] } 19. Rxb7 { [%eval 1.64] } 19... Be7 { [%eval 1.69] } 20. Rc1 { [%eval 1.63] } 20... Bd6 { [%eval 1.57] } 21. Rc6 { [%eval 1.75] } 21... Nb8 { [%eval 1.59] } 22. Rc2 { [%eval 1.57] } 22... Nd7 { [%eval 1.63] } 23. Nec3 { [%eval 1.56] } 23... a6 { [%eval 1.55] } 24. Ne2 { [%eval 1.51] } 24... Rab8 { [%eval 1.62] } 25. Rxb8 { [%eval 1.48] } 25... Nxb8 { [%eval 1.45] } 26. b3 { [%eval 1.37] } 26... Be7 { [%eval 1.42] } 27. Kf1 { [%eval 1.22] } 27... Nd7?! { [%eval 1.85] } 28. Ke1 { [%eval 1.55] } 28... Bb4+ { [%eval 1.63] } 29. Kd1 { [%eval 1.59] } 29... Nf6 { [%eval 1.64] } 30. f3 { [%eval 1.6] } 30... Rb8 { [%eval 1.89] } 31. Nc1 { [%eval 1.84] } 31... a5 { [%eval 2.03] } 32. Nd3 { [%eval 2.03] } 32... Bd6 { [%eval 2.22] } 33. Rc6 { [%eval 2.15] } 33... Bg3 { [%eval 2.08] } 34. Ra6 { [%eval 2.26] } 34... Bc7 { [%eval 2.17] } 35. Ra7 { [%eval 2.16] } 35... Rc8 { [%eval 2.16] } 36. Nac5 { [%eval 1.86] } 36... h6?! { [%eval 2.54] } 37. Kd2 { [%eval 2.35] } 37... g5 { [%eval 2.59] } 38. g4 { [%eval 2.75] } 38... Kg6 { [%eval 3.08] } 39. a3 { [%eval 2.68] } 39... h5 { [%eval 2.71] } 40. b4 { [%eval 2.63] } 40... axb4 { [%eval 2.71] } 41. axb4 { [%eval 2.6] } 41... hxg4 { [%eval 2.64] } 42. hxg4 { [%eval 2.41] } 42... Kg7 { [%eval 2.11] } 43. b5 { [%eval 1.93] } 43... Kg6?? { [%eval 5.09] } 44. Rb7? { [%eval 3.65] } 44... Bd6?! { [%eval 4.54] } 45. b6 { [%eval 3.9] } 45... Ra8? { [%eval 5.33] } 46. Ra7 { [%eval 5.33] } 46... Rh8? { [%eval 6.84] } 47. b7? { [%eval 5.33] } 47... Rh2+? { [%eval 8.0] } 48. Kc3 { [%eval 7.49] } 48... Bb8? { [%eval 9.34] } 49. Ra8 { [%eval 8.83] } 49... Rh8? { [%eval 10.7] } 50. Na6 { [%eval 10.53] } 50... Nd7 { [%eval 10.55] } 51. Ndc5 { [%eval 10.08] } 51... Nxc5 { [%eval 10.17] } 52. dxc5 { [%eval 9.71] } 52... Be5+ { [%eval 9.03] } 53. Kd3 { [%eval 9.02] } 53... Rh3?! { [%eval 11.88] } 54. f4?? { [%eval 5.64] } 54... gxf4? { [%eval 6.82] } 55. c6 { [%eval 6.68] } 55... Rxe3+ { [%eval 6.64] } 56. Kd2 { [%eval 6.2] } 56... Rb3 { [%eval 6.69] } 57. c7?? { [%eval -0.63] } 57... Bxc7 { [%eval -0.63] } 58. Nxc7 { [%eval -0.65] } 58... Rxb7 { [%eval -0.68] } 59. Ne8 { [%eval -0.65] } 59... Rb2+ { [%eval -0.58] } 60. Kd3 { [%eval -0.62] } 60... f3 { [%eval -0.51] } 61. Kd4?? { [%eval -5.31] } 61... f2 { [%eval -4.93] } 62. Ra1 { [%eval -4.79] } 62... Kg5? { [%eval -2.11] } 63. Rf1?? { [%eval -6.1] } 63... Kxg4 { [%eval -5.58] } 64. Ke3? { [%eval -7.21] } 64... f5 { [%eval -5.68] } 65. Nf6+?? { [%eval -8.91] } 65... Kg3 { [%eval -8.13] } 66. Nd7? { [%eval -14.54] } 66... Kg2? { [%eval -7.44] } 67. Ne5? { [%eval #-13] } 67... Kxf1 { [%eval #-13] } 68. Kd4 { [%eval #-10] } 68... Ke2 { [%eval #-10] } 69. Kc5 { [%eval #-9] } 69... f1=Q { [%eval #-8] } 70. Kd6 { [%eval #-6] } 70... Rb6+ { [%eval #-9] } 71. Ke7 { [%eval #-7] } 71... Qf4 { [%eval #-6] } 72. Kf6 { [%eval #-5] } 72... Qh6+ { [%eval #-4] } 73. Ke7 { [%eval #-4] } 73... Qg7+ { [%eval #-3] } 74. Ke8 { [%eval #-1] } 74... Rb8# 0-1,2663.0
